{"type":"FeatureCollection","name":"world_1930","features":[{"type":"Feature","properties":{"NAME":"Luxembourg","ABBREVN":"Luxembourg","SUBJECTO":"Luxembourg","BORDERPRECISION":3,"PARTOF":"Luxembourg"},"geometry":{"type":"MultiPolygon","coordinates":[[[[5.82350018939136,49.50710638614063],[5.88440040072559,49.66353567691211],[5.74506238421558,49.75526007266406],[5.73792365512012,49.90245779605274],[5.83375647982715,50.04740866275196],[5.94377568682788,50.11381109805469],[6.0074448915398,50.14997442813281],[6.1085133882439,50.11745413394336],[6.13659957369922,49.98197897525196],[6.32147839984058,49.84161337466602],[6.53092244586109,49.79842718692188],[6.51135543307422,49.66892965884571],[6.3994536729729,49.60418661685352],[6.43304303607105,49.4453311786211],[6.36795619448779,49.47348364444141],[6.11233190020679,49.47865255923633],[5.82350018939136,49.50710638614063]]]]}},{"type":"Feature","properties":{"NAME":"Switzerland","ABBREVN":"Switzerland","SUBJECTO":"Switzerland","BORDERPRECISION":3,"PARTOF":"Switzerland"},"geometry":{"type":"MultiPolygon","coordinates":[[[[9.58434775790332,47.40905722232227],[9.46461108645557,47.28552206607227],[9.56083110293506,47.15586050601367],[9.52076056918262,47.06943853946094],[9.80057338198779,47.04166372866992],[9.80417827090381,46.97686728091602],[10.05152038058398,46.86773642154102],[10.31184390505908,47.0169750079668],[10.40857413729785,46.96452673526172],[10.39569953402637,46.88741263003711],[10.33872321566699,46.74834784121875],[10.38919356783984,46.65275915713672],[10.37210753878711,46.5663028583086],[10.23034385165332,46.58925589175586],[10.15124038180469,46.66186483950977],[10.02365306338428,46.62089880557422],[9.98742774447559,46.4980541095293],[10.09710982760547,46.43891485782031],[9.99452880343555,46.25247534366016],[9.88495734652637,46.40253027530078],[9.67374041995166,46.37979086490039],[9.64204886874316,46.32522162051563],[9.54486659487842,46.31158407779102],[9.44099715670703,46.37523611636524],[9.37679961642383,46.53445013614063],[9.21006873568652,46.4980541095293],[9.21827701052783,46.34795721621875],[9.02697566470264,46.17519339175586],[9.01892760714648,45.93436010928516],[8.89072516879199,45.86623724551563],[8.71757987460254,46.00704535098438],[8.76170066317676,46.08884390445117],[8.62193969210742,46.12065847964649],[8.38155940493701,46.28429754825],[8.3745079370415,46.47075995059375],[8.02479461154102,46.28884466739063],[8.07089808901904,46.19337423892383],[7.91388038119434,45.99897726626758],[7.78992894610522,45.92696722598438],[7.50678876361011,46.00251349063281],[7.22479489764331,45.91093405337696],[6.9552831979668,45.93890341372852],[6.90993503054736,46.12980612368946],[6.807361283529,46.3939942785789],[6.85691245664601,46.38532553426575],[6.86053289133851,46.39567135854787],[6.91868202663152,46.39520693685296],[6.9308714505771,46.40835122796614],[6.90090888716047,46.4396892145561],[6.85790165614503,46.44947118554421],[6.83204162406776,46.46683262184003],[6.77651667016019,46.47343742783546],[6.76907399615405,46.49260672183399],[6.74609449114785,46.48710250305781],[6.74265792091034,46.48864679559679],[6.72086938958374,46.48559622512079],[6.68943581208667,46.50021827068076],[6.59204288810731,46.51769616755476],[6.55878738390496,46.5071964800829],[6.5110943752552,46.51589370040482],[6.44863941479614,46.47363192883472],[6.39936683030159,46.45868872846575],[6.38479463355607,46.46430289385845],[6.34687193066622,46.46094815254606],[6.2912738204431,46.42265830737296],[6.27412380696711,46.39014042210051],[6.25891235706637,46.3925019868991],[6.24822295574842,46.38605643507135],[6.17135159204754,46.2958296359844],[6.14779614759046,46.20673725502066],[6.17221947027517,46.21187229468998],[6.19382420206043,46.23841918433271],[6.19912786568884,46.26397431120891],[6.23532009773519,46.28910658879133],[6.27784874181629,46.35037762441313],[6.30354410983879,46.36604951821137],[6.34352840530422,46.37010514332916],[6.36094427959411,46.34786210814575],[6.38371663070597,46.34157620481557],[6.10791972598193,46.12553366275196],[5.9414892526543,46.17554052920703],[6.04898837527393,46.27716024966602],[6.0546198221123,46.42192801089649],[6.01859477481006,46.48354300113086],[6.05836823901294,46.61606558413867],[6.38152936419605,46.80413015933399],[6.36430123767017,46.94601782412891],[6.6233420701897,47.05401190371875],[6.62867024859546,47.08795126529102],[6.86626676043628,47.31022986026172],[6.9442329736626,47.32567175479297],[6.89196494540332,47.36581381411914],[6.82295945605396,47.37817343325977],[6.92191747149585,47.51408728213672],[7.12291673144458,47.51100119204883],[7.12088445147632,47.46775396914844],[7.33342030963062,47.46466406436328],[7.50658181628345,47.60370596499805],[7.62840894183276,47.56352957339649],[7.75104669055103,47.61606558413867],[7.87266066989063,47.57279928775196],[8.1279955240166,47.64388235659961],[8.2530594201958,47.59443625064258],[8.4122505517876,47.60370596499805],[8.33202842196582,47.69334372134571],[8.65083602389453,47.78298910708789],[8.658565554229,47.7149730548418],[8.74800589999316,47.72116430850391],[8.81538585147021,47.68097265811328],[8.98348728377247,47.67961875929942],[8.93572619268792,47.65900040517249],[8.89424668674045,47.65198109280271],[8.8597618673033,47.65720259885761],[8.90653194174066,47.64470239066858],[8.96097338997366,47.65681014096839],[8.98349781779857,47.66997824848036],[9.06571469844265,47.67421653657478],[9.09016921423546,47.67299879536117],[9.09631748974732,47.66603876717235],[9.17793170689041,47.66433214324798],[9.19122866734921,47.64804804587563],[9.30006485684998,47.61072946127637],[9.38240197106246,47.5712252392877],[9.38681144658924,47.5443147459243],[9.43743694990586,47.51894519169839],[9.43576142166774,47.50652260768054],[9.46621684390691,47.49633046022211],[9.48189067841386,47.48171362179569],[9.52988310330231,47.48141384927814],[9.53932315928003,47.4872009429331],[9.58434775790332,47.40905722232227]]],[[[9.1985578866875,47.67788656802539],[9.21605731265623,47.67100283816657],[9.21788045465757,47.66630856514276],[9.12427050641381,47.67070073683524],[9.11814244473489,47.67853423872031],[9.1985578866875,47.67788656802539]]]]}},{"type":"Feature","properties":{"NAME":"France","ABBREVN":"France","SUBJECTO":"France","BORDERPRECISION":3,"PARTOF":"France"},"geometry":{"type":"MultiPolygon","coordinates":[[[[9.4142389627373,42.90952643008594],[9.43216136416553,42.79413565249805],[9.40549472293018,42.5805965289629],[9.45855239352344,42.55605658145313],[9.48671153506396,42.4063793048418],[9.45250895938037,42.04830511660938],[9.35745624026416,41.90121039004688],[9.30453875979541,41.57526739688282],[9.17302421054004,41.34990652652149],[9.03893950900195,41.36949881167774],[9.01326850375293,41.45767935366993],[8.82875255068896,41.49197729678516],[8.72692111453174,41.56056936831836],[8.85464862307666,41.65367849917774],[8.82325461825488,41.68797644229297],[8.62692645510791,41.73208960147266],[8.74244979342578,41.8815990314043],[8.69282916506885,41.91346319766407],[8.56186583956836,41.8815990314043],[8.53793242892383,41.94778021426563],[8.58958819827197,41.95759161563282],[8.66831210574268,42.02868612857227],[8.62645438632129,42.09734304995899],[8.51069835147021,42.13412436099415],[8.51724627932666,42.20770224185352],[8.62842181643604,42.26165731997852],[8.50044635256885,42.35977896304493],[8.60930064639209,42.48734625430469],[8.87900260409473,42.62476690860157],[9.00039294680713,42.63458975406055],[9.01842788180469,42.69103964419727],[9.14946082553027,42.71067007632618],[9.23769286593555,42.66403921695118],[9.280391726104,42.72785528750782],[9.27052024325488,42.88251074405079],[9.3031893106377,42.98319204898243],[9.36705115756152,42.98810156436329],[9.4142389627373,42.90952643008594]]],[[[-1.74607023278119,43.36016043277149],[-1.56140777150037,43.52442511172657],[-1.31437918225171,44.55896338076954],[-1.13584991970899,44.60010107608204],[-1.23032053986432,44.73041113467579],[-1.33177801648023,44.61382635684375],[-1.27551409283521,45.12873037906055],[-1.1751917270744,45.50050314517383],[-1.12344035187604,45.43161734195117],[-0.90036418715359,45.29391058535938],[-0.81422665396573,45.12184103579883],[-0.72848602810742,45.01864203067188],[-0.85470238009335,45.32144888491992],[-1.1383949188316,45.58316382022266],[-1.24739512482526,45.68814810366992],[-1.23650559464337,45.8000446185625],[-1.07519969025494,46.01461752505664],[-1.16598149815442,46.18368109317188],[-1.25605663338544,46.30683096499805],[-1.40266844311597,46.40393408389453],[-1.71072646656873,46.44879110904102],[-1.94247814694287,46.70579870791797],[-2.12966033497693,46.85084494204883],[-2.00464555302502,47.04250296206836],[-2.10947760620953,47.1240421161211],[-2.2637498048866,47.18288382144336],[-2.49371191540601,47.24692114444141],[-2.57648393193127,47.32486685366992],[-2.46554347554089,47.49438437075977],[-2.61365219632031,47.57224997134571],[-2.84247418919446,47.49190481753711],[-3.06269642392041,47.60393866153125],[-3.43352624455334,47.71681173892383],[-3.71186801472546,47.79814871402149],[-3.85810205021741,47.79180868716602],[-3.9548377660835,47.90433844180469],[-4.36437365094067,47.82931097598438],[-4.39093538800122,47.94184836001758],[-4.51012751141431,47.99813040347461],[-4.67539736309888,48.01689489932422],[-4.70030638256909,48.06380423159961],[-4.31286617794873,48.10133322329883],[-4.35098406353833,48.20456656070117],[-4.58796831646802,48.25149496646289],[-4.38890167752148,48.29843863101367],[-4.35020157376172,48.39050634951953],[-4.4737939504707,48.38293799014453],[-4.59202143231274,48.39231833072071],[-4.77963444271924,48.35477408023242],[-4.76196333447339,48.55200155825977],[-4.6257042554939,48.54666861148242],[-4.48829933682324,48.61226614566211],[-4.25147720852734,48.65191229434375],[-3.99887296238782,48.73053701968555],[-3.90221735516431,48.64596136660938],[-3.8213064340675,48.72114904971485],[-3.60787340680005,48.69295080752735],[-3.55767008343579,48.8100772723711],[-3.43505784550549,48.83645971866016],[-3.09122535267712,48.87155111880664],[-2.91445943394543,48.70678671450977],[-2.79053541699292,48.58958014102344],[-2.63637801686169,48.55200155825977],[-2.34288546124341,48.67414816470508],[-2.20007213631512,48.59898336978321],[-2.07596763649823,48.65615805240039],[-1.87056681195142,48.71174200625781],[-1.8576126960838,48.60836752505664],[-1.5913568405235,48.63750036807422],[-1.4565877584541,48.68355139346485],[-1.57554790058972,48.76814230533008],[-1.5884122518623,48.88095053286914],[-1.56340858021619,49.03623922915821],[-1.57977947274091,49.2290111407793],[-1.63899978676678,49.21960791201953],[-1.89154359379651,49.52635153384571],[-1.94128414669873,49.70930441470508],[-1.52424713650586,49.65277060122852],[-1.25096949616315,49.69987829776172],[-1.28866049328687,49.52097281070117],[-1.17714342156293,49.33254965396289],[-1.02319100180508,49.39845999331836],[-0.4649484423721,49.35137899966602],[-0.23936493003609,49.28548773379688],[-0.203663793,49.29181250186328],[0.03287004253028,49.33370550723438],[0.33084824999927,49.45495565982227],[0.09037220796703,49.51055487246875],[0.11505404433368,49.60227545352344],[0.18937284072993,49.681026063875],[0.52855971774219,49.8258014545],[0.86875751933215,49.90724905581836],[1.27451888045428,50.00430258365039],[1.41622832736133,50.10984381289844],[1.5519891115105,50.22880896182422],[1.52829686125873,50.57772787661914],[1.58892014941333,50.82188376040821],[1.82355526408313,50.93456228824024],[2.03032806834338,51.00665625186328],[2.44259599169849,51.04803045840625],[2.52213195284961,51.09112127871875],[2.61572936495898,50.89021643252735],[2.75548246821521,50.73915823550586],[2.87505987605212,50.68182333560352],[2.93827608546375,50.71375616641406],[3.12284449061511,50.80713232608203],[3.19187668284534,50.73072393985156],[3.28275969943164,50.52432592959766],[3.37031725367664,50.4646068439043],[3.6033795209801,50.47003897281055],[3.67496207675098,50.3343692645586],[3.7914648385918,50.33978613467578],[4.05088761767505,50.31808813662891],[4.21956971606372,50.24215658755664],[4.14781621417163,50.13371618838672],[4.18845990618823,50.05494650454883],[4.15631488284228,49.96577795596485],[4.28462794741748,49.91097982974414],[4.46748164614795,49.94473227115039],[4.66809514483569,49.96037634463672],[4.75491908511279,50.10118826480274],[4.8654108377373,50.13371618838672],[4.81162408312915,49.96577795596485],[4.87706664523242,49.88479956241016],[4.85987189730762,49.78224142642383],[5.09770682772754,49.76065405459766],[5.25127843340991,49.67432745547656],[5.41808799227832,49.58261831851367],[5.47541669329761,49.48014029116992],[5.78784564456104,49.55865439029102],[5.82350018939136,49.50710638614063],[6.11233190020679,49.47865255923633],[6.36795619448779,49.47348364444141],[6.43304303607105,49.4453311786211],[6.5889829,49.5026466],[6.7920398,49.4495462],[6.9924544,49.5143987],[7.2052438,49.4698219],[7.3125959,49.383734],[7.31737807711719,49.18621405215625],[7.42281201800464,49.18310888858203],[7.4654298158562,49.09933432193164],[7.67045834979175,49.05900915713672],[7.88570788821338,49.06520804019336],[8.15829566439746,48.97834738345508],[7.72907784899829,48.6156192645586],[7.70457938632129,48.51957663150196],[7.68064263781665,48.35852392764453],[7.53602841815112,48.19133719058399],[7.50213626345752,48.05827292056446],[7.54311850985645,48.02423056216602],[7.44596341570972,47.70879324527149],[7.50658181628345,47.60370596499805],[7.33342030963062,47.46466406436328],[7.12088445147632,47.46775396914844],[7.12291673144458,47.51100119204883],[6.92191747149585,47.51408728213672],[6.82295945605396,47.37817343325977],[6.89196494540332,47.36581381411914],[6.9442329736626,47.32567175479297],[6.86626676043628,47.31022986026172],[6.62867024859546,47.08795126529102],[6.6233420701897,47.05401190371875],[6.36430123767017,46.94601782412891],[6.38152936419605,46.80413015933399],[6.05836823901294,46.61606558413867],[6.01859477481006,46.48354300113086],[6.0546198221123,46.42192801089649],[6.04898837527393,46.27716024966602],[5.9414892526543,46.17554052920703],[6.10791972598193,46.12553366275196],[6.38371663070597,46.34157620481557],[6.38924774387054,46.34004943920011],[6.41351118218286,46.36002808258668],[6.47732196444402,46.37561215444332],[6.48430099427813,46.39337594537425],[6.5148808803064,46.40486596135018],[6.54507493753366,46.39478964497198],[6.63677170749141,46.40672155389668],[6.72550904856835,46.40831394149905],[6.807361283529,46.3939942785789],[6.90993503054736,46.12980612368946],[6.9552831979668,45.93890341372852],[6.674510035125,45.80327185244922],[6.91433051547168,45.64829596133594],[6.92554858645557,45.51668127627735],[7.11911395510791,45.43048437686328],[7.02919724902271,45.30801733584766],[6.7859282823479,45.14932211490039],[6.70358851870654,45.19919546695117],[6.50731948336719,45.11570700259571],[6.66531804522632,44.95452078433399],[6.94260362109302,44.86865194888477],[7.00346997698901,44.71953543277149],[6.92469409426807,44.71501883120899],[6.78291753253101,44.54787405581836],[6.86977818926929,44.34917028994922],[7.20919707736133,44.17309530825977],[7.59107974490283,44.20469626040821],[7.61877444705127,44.07831152530079],[7.55281022509692,43.8674503192461],[7.39711860140918,43.76409491153125],[7.29761651476978,43.66730078311329],[6.92308000048755,43.44766577334766],[6.52301410159229,43.15085180850391],[6.33122495135425,43.11186941714649],[6.18777850588916,43.09228857608204],[5.82857039889453,43.02081640811329],[5.64655497988818,43.03331717105274],[5.43449023684619,43.1036563739336],[5.05181697329639,43.32809790225391],[4.90984586199878,43.36643942447071],[4.75059464892505,43.35325964541797],[4.64651397189258,43.32086523623829],[4.41676476916431,43.34614523501758],[4.07819608172534,43.48708685489063],[3.80746892413257,43.46722754092579],[3.47871283015369,43.31209524722461],[3.31786802729724,43.1959529742754],[3.06790021380542,42.94456442447071],[3.0018911691582,42.77080877871875],[3.04589894732593,42.53945501895313],[3.0870814653313,42.36864431949024],[2.93650415858386,42.40964087100391],[2.59926703890918,42.34814413638477],[2.58151009997485,42.28666266055469],[2.36317375620959,42.29349478335743],[2.17110708674548,42.38231619449024],[1.99367073496936,42.30715521426563],[1.87611845454333,42.31398733706836],[1.86009529551624,42.38231619449024],[1.70922842940448,42.42331274600391],[1.61660567244647,42.40964087100391],[1.44815209826587,42.37548025699024],[1.36439624747394,42.40964087100391],[1.34870508631824,42.53948172183399],[1.30745008906482,42.63517340274219],[0.74419942816852,42.77189215274219],[0.58414200266955,42.77189215274219],[0.59192362746356,42.62833365054493],[0.34784367999194,42.63517340274219],[0.19626537284015,42.60782583804493],[0.17955038270114,42.66251715274219],[-0.16562682444097,42.64883764834766],[-0.203663793,42.70031317325],[-0.21614125424864,42.71720083804493],[-0.40991460958363,42.78556784243946],[-0.46883657256009,42.75139196963672],[-0.58678948560597,42.76506002993946],[-0.61198213377835,42.73087652774219],[-0.84001835862042,42.90865286441211],[-0.90735366621854,42.88129767032032],[-1.39727231541516,43.0317569598711],[-1.44755240956189,42.98387869449024],[-1.5151278642738,42.99756201358204],[-1.5576711563194,43.04543264956836],[-1.46565135994794,43.15488775821094],[-1.49138280430676,43.20962103457813],[-1.70239182988049,43.19593771548633],[-1.91457780876996,43.3054157123125],[-1.74607023278119,43.36016043277149]]],[[[6.76907399615405,46.49260672183399],[6.77651667016019,46.47343742783546],[6.77649927415008,46.47343949712618],[6.74609449114785,46.48710250305781],[6.76907399615405,46.49260672183399]]]]}},{"type":"Feature","properties":{"NAME":"United Kingdom of Great Britain and Ireland","ABBREVN":"United Kingdom of Great Britain and Ireland","SUBJECTO":"United Kingdom of Great Britain and Ireland","BORDERPRECISION":3,"PARTOF":"United Kingdom of Great Britain and Ireland"},"geometry":{"type":"MultiPolygon","coordinates":[[[[33.78049758395312,35.2081371173418],[33.7726660104668,35.12928351016407],[33.92467406710742,34.95322760196094],[33.79195693453906,34.95737036319141],[33.73257735690234,34.90862234683399],[33.68582061251758,34.93486746402149],[33.5385122629082,34.94415625186329],[33.4839353891289,34.79579123111133],[33.13139251193164,34.68033560366993],[32.95861724337695,34.65933950991993],[32.91454604586719,34.63572653384571],[32.91451552828906,34.54125937075977],[32.81665709933398,34.53863867373829],[32.78413680514453,34.62522848697071],[32.60339263400195,34.61473425479297],[32.35718062838672,34.68033560366993],[32.27109054049609,34.71969565005665],[32.27097991427539,34.81415518374805],[32.19850066622851,34.86138876529102],[32.14372161349414,35.04254492373829],[32.18047622164844,35.05831488223438],[32.2344580026543,35.01363333316211],[32.3009863229668,35.01626165957813],[32.4831152292168,35.15294226260547],[32.5969839425957,35.15557440371875],[32.74495223483203,35.11427267642383],[32.77952483615039,35.15294226260547],[32.81907180270312,35.2817455157793],[32.79511168917773,35.36061056704883],[33.07747939547656,35.3186107501543],[33.37370971163867,35.30648001284961],[33.53904250582812,35.3316951617754],[33.90731719454883,35.43684729190235],[34.21733764132617,35.57356604190235],[34.4582128854668,35.6445613727129],[34.24465468844531,35.51184424014454],[34.04842666110156,35.40793188662891],[33.78049758395312,35.2081371173418]]],[[[-6.3431467680061,53.93964346499805],[-6.44339605847241,53.89937933535938],[-6.33498045483472,53.78598364444141],[-6.17221352139355,53.43919714541797],[-6.04306122341992,52.89308889956836],[-6.07068296948315,52.76660498233203],[-6.23211285153271,52.61333426089649],[-6.34089609661938,52.42706259341602],[-6.40597101727368,52.21443899722461],[-6.48915001431348,52.19435843081836],[-6.61682125607373,52.22066458316211],[-6.89389702359082,52.20664938540821],[-6.96167942562939,52.111201845125],[-7.37240788021924,52.09211310000781],[-7.75064894238354,52.03270681949024],[-7.86164948025586,51.96809347720508],[-8.15881392041089,51.83964499087696],[-8.56523129025342,51.61545141787891],[-8.84775730648877,51.59982260318164],[-9.24330994168164,51.47262915225391],[-9.81910988369824,51.43455465884571],[-9.79524418393018,51.6046329364336],[-9.83542057553174,51.80326422305469],[-10.21690746823193,51.75834997744922],[-10.29403111019971,51.97762640567188],[-9.96377464810254,52.09211310000781],[-10.49732872525098,52.10165365786914],[-10.46923729458691,52.20664938540821],[-9.89064022580029,52.19443091006641],[-9.80160614529492,52.241084657625],[-9.7840032247627,52.3407054767168],[-9.73571869412305,52.48028143496875],[-9.50398823300244,52.54054983706836],[-9.19263454953076,52.55445822329883],[-9.13428875485303,52.68089636416797],[-9.61569019833447,52.63663443179492],[-9.44156452694775,52.83327826114063],[-9.52575680294873,52.90455587954883],[-9.30934998074414,53.11526831241016],[-8.9969987539375,53.12044485659961],[-8.92358299771191,53.16057547183399],[-9.00167080441357,53.30037649722461],[-9.15815922299268,53.2206989154375],[-9.29735943356396,53.2798038348711],[-9.44066521206738,53.26620825381641],[-9.61670395413281,53.34587820620899],[-9.80291935482861,53.34535177798633],[-9.88481422940137,53.29739721866016],[-10.15982529202344,53.37412222476367],[-10.02107330838086,53.51185568423633],[-10.15142532864453,53.57564123721485],[-9.80959984341504,53.63241537661914],[-9.87238976040723,53.7677188739336],[-9.69648357907178,53.8734203204668],[-9.91285034695508,53.96955832095508],[-10.17853733578564,53.9118724689043],[-10.15967556515576,54.13307150454883],[-9.98878761807324,54.25371512027149],[-9.89197441616895,54.32558401675586],[-9.4742936758125,54.24130972476367],[-9.32290550747754,54.27506979556446],[-9.08584496060254,54.25818976016406],[-8.59008499661328,54.20284994693164],[-8.68673130551221,54.36411245913867],[-8.30057999173047,54.48934897036914],[-8.21147915402295,54.6339183673418],[-8.82935806790234,54.6339183673418],[-8.76004215756299,54.70142706485156],[-8.50373932400586,54.74964483828906],[-8.47625347653271,54.87985190005664],[-8.34538075009229,55.09528311343555],[-8.11831804791333,55.176631532625],[-7.75622507611157,55.25272711367969],[-7.42650473433765,55.29408603133693],[-7.3338920855432,55.38362640535836],[-7.11162172843652,55.31517256371226],[-6.96344149036539,55.2413206454114],[-6.99682375470044,55.17202337832813],[-6.6451978353584,55.2064281329668],[-6.45431038418652,55.18654974551563],[-6.27926441708447,55.13969381900196],[-6.11652132550122,55.16022451968555],[-6.01818796673657,55.09300192447071],[-5.78488632717969,54.73741873355274],[-5.76368376294019,54.65699347110156],[-5.79992577114941,54.52288778872852],[-5.66151281872632,54.32224615664844],[-5.7313885358894,54.17486914248828],[-5.9121541647041,54.02737768741016],[-6.07170816937329,53.97359045596485],[-6.20639320889355,53.95674856753711],[-6.3431467680061,53.93964346499805]]],[[[0.08101585826038,53.3862262591875],[0.17451888641475,53.29305990786914],[0.26784849485515,53.12666281314258],[0.2508676083958,53.04005392642383],[0.00550119897483,52.78666647525196],[0.32683185061572,52.70747717471485],[0.50467011651157,52.84751089663867],[0.74183902463077,52.90119513125781],[1.01266435107349,52.88841589541797],[1.37592676600574,52.80924185366992],[1.58571461161731,52.6500430926836],[1.69169167002795,52.3114200458086],[1.65687206706165,52.21178396792774],[1.51188972910999,52.02575644107227],[1.0312861534035,51.81272085757617],[0.68621805628894,51.56038626284961],[0.25417280515788,51.45359762759571],[0.8042536111748,51.37826880069141],[1.03006735762714,51.35884817691211],[1.18936577757953,51.40547140689258],[1.36468068083881,51.35290487857227],[1.33496442755817,51.12069662661914],[0.88601664027332,50.98189123721485],[0.88834694346545,50.89267309756641],[0.6725688906586,50.93066748233203],[0.19181022366641,50.73128470034961],[-0.203663793,50.79532965274219],[-0.33570570925118,50.81671484561328],[-0.83904012719037,50.72180136294727],[-1.10335990467908,50.81671484561328],[-1.3725121883476,50.76627310366992],[-2.08535870591046,50.70282324405078],[-2.02368589917065,50.57001074405078],[-2.4319946436012,50.64588888736133],[-2.55050512829663,50.57001074405078],[-2.96061893978955,50.72180136294727],[-3.11088439503552,50.65736349673633],[-3.52146693745496,50.61743124575977],[-3.56318303624036,50.36143454165821],[-3.71503612080457,50.21933706851367],[-3.88174339810254,50.20039709658985],[-4.00423809567334,50.31406363101367],[-4.24262901821973,50.39146002383594],[-4.30329510250928,50.32354315371875],[-4.54056545773389,50.35795172305469],[-4.96703383007886,50.21224554629688],[-5.28233858624341,49.96382483096485],[-5.42921825924756,50.06785162539844],[-5.77781340161206,50.13411673159961],[-5.23776623288037,50.34629400821094],[-5.01664730587842,50.56051977725391],[-4.81527039090039,50.60416754336719],[-4.60456463375928,50.77874716372852],[-4.55153652706982,50.99715765567188],[-4.44255730191113,50.96866186709766],[-4.27728458920361,51.06367071719531],[-4.28099390545728,51.18723639102344],[-3.82523151913525,51.23477896304492],[-3.48299619236829,51.18110998721485],[-3.06604334393384,51.17773779483203],[-3.03314897099377,51.32989462466602],[-2.89466330090405,51.39384802432422],[-2.75015470066907,51.64402731509571],[-3.17275163212659,51.46690710635547],[-3.49911757984998,51.45965536685352],[-4.15933081189038,51.67681463809375],[-4.9989576009834,51.70170172305469],[-5.17860313931348,51.787471376375],[-5.24875780621411,51.86021383853321],[-5.06146427670361,52.00643499942188],[-4.61908289471509,52.09351690860156],[-4.29465767422559,52.20032080264453],[-4.12360831776501,52.37326391787891],[-4.09387489834668,52.74550970645313],[-4.14754601994397,52.83189734073047],[-4.46831842938306,52.81130179019336],[-4.62135025540234,52.83098181338672],[-4.4918832449043,52.99097784610156],[-4.31754204312207,53.09120901675586],[-3.95672461071851,53.20515020938281],[-3.32953568974377,53.23301657290821],[-2.91447540799023,53.26714285464649],[-3.05674096623303,53.51361425967578],[-2.97954126873853,53.82085379214649],[-2.86532041111829,54.02827414126758],[-2.88593813458325,54.16866644473438],[-3.26147433796765,54.14118155093555],[-3.47926518002393,54.27460058780078],[-3.56923338452222,54.41502722354297],[-3.43040582219006,54.64308127017383],[-3.15252515354993,54.83805807681446],[-3.30870172062756,54.88473471255664],[-3.57667585888745,54.92448385806446],[-3.90767737904431,54.789668642],[-4.1216063169563,54.76243551822071],[-4.46070190945508,54.86240347476367],[-4.50027367154004,54.77510794253711],[-4.59991165676953,54.68775518985156],[-4.90251823941113,54.73411520572071],[-5.11141916790845,54.7940746173418],[-5.0666541723335,54.94846685977344],[-4.90999266186597,55.11034353824024],[-4.63835712948682,55.42791327090625],[-4.77051540890576,55.4884219989336],[-4.90776440182568,55.66387137027149],[-4.89510246792676,55.77210577578906],[-4.75842520275952,55.81971319766406],[-4.62329432049634,55.90796240420703],[-4.71071716824414,56.13130911441211],[-4.84836718121411,56.09715994449024],[-5.13462873974683,55.893428407625],[-5.33355280438306,55.87952002139453],[-5.57016750851514,55.75051840396289],[-5.63305756131055,55.93986090274219],[-5.49701878109814,56.17727240176563],[-5.30011459866406,56.42866095157031],[-5.27070423642041,56.54414709658985],[-5.45825478115918,56.63214071841602],[-5.5465798048103,56.6523509845293],[-5.64450403729321,56.51628454776172],[-5.82167717495801,56.40049704165821],[-6.04354616680981,56.47476538272266],[-5.9089598325813,56.73325689883594],[-5.66593452969434,56.93784292788867],[-5.62528940716626,56.99921377749805],[-5.72633883038403,57.25800665469531],[-5.56160065213086,57.29925879092578],[-5.46063992062451,57.38814505191211],[-5.76296564617993,57.61977728457813],[-5.56846376934888,57.77738913150196],[-5.22997137585522,57.70964392276172],[-5.05558535138013,57.75101812930469],[-5.34593340435864,58.09274252505664],[-4.90712830105664,58.1689639911211],[-5.11271473446729,58.39491995425586],[-4.92555948773267,58.56695517154102],[-4.50985189953687,58.40292700381641],[-4.13888522663953,58.44481619449024],[-3.83054801503064,58.50719030948047],[-3.44054481068494,58.52854879947071],[-3.16500898877026,58.52220114322071],[-3.02838965931775,58.40574606509571],[-3.16637465039136,58.27510794253711],[-3.94320270100476,57.95841940493946],[-4.15045568028333,57.83481558413867],[-4.24850460568311,57.63632925601367],[-4.14842554608228,57.55452688784961],[-3.79581924954297,57.54153021426563],[-3.40081855336072,57.57644613833789],[-3.09263702908398,57.57702597232227],[-2.85398050824048,57.54331930728321],[-2.15036293545606,57.57197912783985],[-1.94462677517773,57.40166052432422],[-2.10780867615582,57.21033056826953],[-2.2031618026817,57.06481131167774],[-2.15894767323376,57.01431997866992],[-2.41314050236585,56.71725424380664],[-2.5147514013374,56.66733893008594],[-2.66713592091443,56.47100027652149],[-2.98052879849316,56.35358389468555],[-3.15240689793469,56.33681830020313],[-2.94942828694226,56.25300558658008],[-2.72085615673901,56.17819174380664],[-2.77286025563123,56.17131384463672],[-2.89533945599438,56.08550222964649],[-3.16981121579053,56.06210669131641],[-3.29350706616284,55.97391470523242],[-3.89496466198804,55.98506888003711],[-3.71303960362317,55.88469656558399],[-3.57717868367078,55.88469656558399],[-3.35585137883069,55.84268911929492],[-3.16146227398755,55.84568365664844],[-2.92790147343518,55.94603308291797],[-2.74213143864514,55.95718725772266],[-2.54034611264111,55.88469656558399],[-2.24501105824353,55.81096609683399],[-1.94199546852948,55.55607184024219],[-1.71901055851819,55.4537425860918],[-1.66597982922437,55.37958868594531],[-1.69598897972943,55.27250250430469],[-1.55561861077191,54.92161139102344],[-1.38889202156903,54.68048056216602],[-1.1920568613136,54.5953555926836],[-0.87059589901807,54.54716833682422],[-0.60480349937321,54.30016287417774],[-0.29550093093755,54.03316839785938],[-0.23488095270337,53.79938467593555],[-0.31921558508517,53.57891424746875],[-0.203663793,53.52328451724414],[0.08101585826038,53.3862262591875]]],[[[-5.75567957440259,55.47726782412891],[-5.68865725079419,55.62812002749805],[-5.51783653775098,55.66802176089649],[-5.482397046479,55.44269903750781],[-5.6203422216499,55.32952078433399],[-5.69816967526318,55.33072622866992],[-5.75567957440259,55.47726782412891]]]]}},{"type":"Feature","properties":{"NAME":"Iceland","ABBREVN":"Iceland","SUBJECTO":"Iceland","BORDERPRECISION":3,"PARTOF":"Iceland"},"geometry":{"type":"MultiPolygon","coordinates":[[[[-24.21885010281445,65.53374060244923],[-24.16153618374707,65.60662420840626],[-23.97264381924512,65.68710669131642],[-23.57052132168652,65.68056830020313],[-23.26697060147168,65.72486456485157],[-23.42613884487988,65.82667120547657],[-23.60829445401074,65.9796329364336],[-23.46556946316601,66.13343390078907],[-23.34109589138867,66.13366278262501],[-22.91092011013867,65.94440802188282],[-22.6092977193916,65.92308386416798],[-22.47413918057324,65.9963794574297],[-22.56005569973828,66.11318548770313],[-22.84109398404004,66.28103979678517],[-22.67636963406445,66.39130743594532],[-22.20981880703809,66.28955420108204],[-21.77907272854687,66.25373419375782],[-21.44324966946484,66.12991674991017],[-21.24248978176953,65.88181646914845],[-21.29616829434277,65.69941290469532],[-21.49471565762402,65.56796606631642],[-21.07972046414258,65.20544775576954],[-20.83061882534863,65.36559637637501],[-20.67248245755078,65.42404516787892],[-20.38892647305371,65.47545202823048],[-20.16844650784375,65.55589636416798],[-20.14127632656934,65.65056952090626],[-20.21738525906445,66.00059851260548],[-19.9733056692207,66.11072882266407],[-19.74766441861035,65.90652807803517],[-19.55601021328809,65.76826056094532],[-19.33599564114453,65.67393072696095],[-19.23918243924023,65.66683539004688],[-19.15589424649121,65.72528418155079],[-19.27452942410351,65.92930182071095],[-19.16543671170117,66.00257452578907],[-19.0441236166084,66.01741369815235],[-18.67629906216504,66.09119757266407],[-18.36903282681348,65.89450415225392],[-18.12792679348828,65.78552588076954],[-17.88376900235059,65.75682409854298],[-17.86104103604199,65.83708532901173],[-18.02248283902051,66.07779272647267],[-17.56967445889355,66.01286657901173],[-16.92214104214551,65.97755011172657],[-16.56798645535351,66.02934607119923],[-16.37568565884473,66.13209112735157],[-16.38522240200879,66.45441778750782],[-15.85988613644482,66.4187198504961],[-15.57398506680371,66.20676764102345],[-15.07075211087109,66.06138952823048],[-14.76333710232617,66.05466040225392],[-14.64068028012158,65.94529303164845],[-14.75407120266797,65.69707068057423],[-14.40011307278516,65.5666919574297],[-13.64690014401318,65.49534185977345],[-13.58978840390088,65.43004187198048],[-13.52557369747998,65.18334539981251],[-13.55737396756055,65.00938757510548],[-13.62584396878125,64.89389380069142],[-13.69418713131787,64.77862890811329],[-13.8934249548042,64.72070654483204],[-14.26032158413769,64.71282538028126],[-14.34812256375195,64.66953619571095],[-14.36589619198682,64.47555883975392],[-14.597537961396,64.2671314105547],[-14.8212003377998,64.19502600283985],[-15.07680889645459,64.2089038714922],[-15.2665357259834,64.28020819278126],[-15.63413998165967,64.05748327823048],[-15.87649628201367,63.99265631289844],[-16.53383919278027,63.78413351626758],[-16.91753860989453,63.73341330142383],[-17.24438187161328,63.73282583804492],[-17.59146210232617,63.68934210391406],[-17.94410416165234,63.42484243960742],[-18.1569223074043,63.36746176333789],[-18.64186378994824,63.32381781192188],[-18.96079155484082,63.33746298404102],[-19.55309196987988,63.4146800860918],[-19.82674690762402,63.47830160708789],[-20.40394684353711,63.69834478946094],[-20.87988182583691,63.74029120059375],[-21.07912346402051,63.71134146304492],[-21.54750534573437,63.71762045474414],[-22.37291046658398,63.77318533511524],[-22.50658890286328,63.86582144351367],[-22.31133743801953,63.95198401065235],[-21.8041104940498,64.11036261172657],[-21.48847481289746,64.3761401996172],[-21.85671326199414,64.38261755557423],[-22.08617874661328,64.4395938739336],[-22.27860542813184,64.61880072207813],[-22.39242264309766,64.66170080752735],[-22.55358978787304,64.62545355410938],[-23.25753113308789,64.57384070010548],[-23.50830742398144,64.55902441592579],[-23.67457672634961,64.65931280703907],[-23.61116692105176,64.74570044131642],[-23.43667122403027,64.80359228701954],[-23.1356477407539,64.84733923526173],[-22.77842232266308,64.85519751162892],[-22.45029160061719,64.90623053164845],[-21.97829147854687,64.9503360614336],[-21.80916496792676,65.03735693545704],[-21.72894951382519,65.18245276065235],[-21.79375931301953,65.29845007510548],[-21.95479675808789,65.37804754825001],[-22.14648911038281,65.38492163272267],[-22.36159225979687,65.44994696231251],[-22.81372162381054,65.47090490908985],[-23.18323990383984,65.42658575625782],[-23.37422844448926,65.35358770938282],[-23.67845245877148,65.31669958682423],[-24.14688774624707,65.43931921573048],[-24.21885010281445,65.53374060244923]]]]}},{"type":"Feature","properties":{"NAME":"Estonia","ABBREVN":"Estonia","SUBJECTO":"Estonia","BORDERPRECISION":3,"PARTOF":"Estonia"},"geometry":{"type":"MultiPolygon","coordinates":[[[[28.01309302767871,59.45822104068164],[28.07843116244434,59.43414648623828],[28.15047744235156,59.37519796939258],[28.13082984408496,59.29660376162891],[28.05223182162403,59.27695425601367],[27.96708587130664,59.27695425601367],[27.91468909701465,59.27695425601367],[27.87539008578418,59.25730475039844],[27.84919074496387,59.19835623355274],[27.77059462985156,59.07391317935352],[27.67234900912403,58.98221548648242],[27.52825454196094,58.92327078433399],[27.43655875643848,58.86432226748828],[27.39725974520801,58.79227408023242],[27.41035941561817,58.72022970767383],[27.46930793246387,58.52373846621875],[27.50205710848926,58.43859060855274],[27.5550829,58.3685975],[27.4864183,58.3066037],[27.4905382,58.2191956],[27.571874419941793,58.14283235349257],[27.6354214,58.10038],[27.7857964,58.1079991],[27.9148858,58.0193737],[28.0420874,57.8620141],[28.042774,57.7772637],[27.8997801,57.6641366],[27.7294918,57.5909755],[27.6951596,57.5836145],[27.6670071,57.5926315],[27.6680371,57.5988869],[27.6549908,57.6020142],[27.6117321,57.6305155],[27.4699398,57.6294127],[27.36451247653125,57.6002269610918],[27.31211379489063,57.57402762027149],[27.34886268099903,57.52635916324024],[27.29246428927539,57.51507910342578],[27.25316718539356,57.52162893863086],[27.11562255343555,57.5412784442461],[27.04357627352832,57.56747778506641],[26.96498015841602,57.6002269610918],[26.87328437289356,57.61987646670703],[26.81433585604785,57.57402762027149],[26.72264007052539,57.58712729068164],[26.66369346102832,57.56747778506641],[26.59164527377246,57.52817877383594],[26.52614882907031,57.52162893863086],[26.46065238436817,57.56092794986133],[26.40825370272754,57.57402762027149],[26.32965758761524,57.57402762027149],[26.23796180209278,57.62642630191211],[26.18556312045215,57.70502432437305],[26.09386733492969,57.75741919131641],[26.02837089022754,57.77706869693164],[25.99562171420215,57.82946737857227],[25.91047576388477,57.82946737857227],[25.79913047274707,57.8491168841875],[25.70743468722461,57.90151556582813],[25.69433501681446,57.90151556582813],[25.5698900552666,57.90806540103321],[25.52404311617969,57.95391043277149],[25.41269782504199,57.97355993838672],[25.36029914340137,58.01940878482227],[25.27515319308399,58.05870779605274],[25.27515319308399,58.02595862002735],[25.22275641879199,57.98665960879688],[25.16380790194629,58.01285894961719],[25.15725806674121,58.04560812564258],[25.11796096285938,58.05870779605274],[25.07211211642383,58.05870779605274],[24.94766715487598,58.00630911441211],[24.90182021578906,57.99320944400196],[24.84287169894336,57.98665960879688],[24.74462607821582,57.9801097735918],[24.67912963351367,57.96046026797656],[24.5612345071709,57.94736059756641],[24.43678954562305,57.90806540103321],[24.38439277133106,57.86221655459766],[24.34564879855274,57.86221655459766],[24.41564467867969,57.94793280215625],[24.4144010873711,58.10588797183399],[24.49678519686817,58.2131534442461],[24.33109191378711,58.30793341250781],[24.05835059603809,58.11152990908985],[23.90806868991016,58.22444876284961],[23.6708593698418,58.24138983340625],[23.69046500643848,58.66548498721485],[23.51187041720508,58.58087500186328],[23.36081984957813,58.76742132754688],[23.4319792123711,58.85808142276172],[23.33788588961719,58.97239264102344],[23.45697883090137,59.00549276919727],[23.41575721224903,59.11896475406055],[23.57018378695606,59.13807257266406],[24.03210738619922,59.17574270816211],[24.02955916842578,59.23541601748828],[24.28194526156543,59.28414114566211],[24.34156707247852,59.36888083072071],[24.53756812533496,59.32340963931446],[24.57092383822559,59.37432821841602],[24.71381286105274,59.35183294864063],[24.75122168978809,59.44846304507617],[25.24829009493946,59.36179693789844],[25.44879439791797,59.49396093936328],[25.48999312838672,59.42004355044727],[25.72112182101367,59.45984228701953],[26.34325889071582,59.44664724917774],[26.86190131625293,59.37174948306446],[26.99901679476856,59.31772955508594],[27.2650919290459,59.33804281802539],[27.70203879794238,59.2975040301836],[27.89359763583301,59.34611090274219],[28.01585105380176,59.45415457339649],[28.01309302767871,59.45822104068164]]]]}},{"type":"Feature","properties":{"NAME":"Latvia","ABBREVN":"Latvia","SUBJECTO":"Latvia","BORDERPRECISION":3,"PARTOF":"Latvia"},"geometry":{"type":"MultiPolygon","coordinates":[[[[27.34886268099903,57.52635916324024],[27.51515487155078,57.52817877383594],[27.50860694369434,57.47578390689258],[27.50860694369434,57.42338522525196],[27.61340049227832,57.39063604922656],[27.70509627780078,57.3513370379961],[27.74439528903125,57.31858786197071],[27.83609107455371,57.29239233584766],[27.82954123934863,57.25309332461719],[27.81644347628711,57.20069464297656],[27.80989364108203,57.1613956317461],[27.76404479464649,57.12864645572071],[27.72474578341602,57.12209662051563],[27.6788988443291,57.10899695010547],[27.73784545382617,57.06970175357227],[27.70509627780078,57.01075323672656],[27.71819594821094,56.95835455508594],[27.68544867953418,56.91905554385547],[27.63959983309863,56.88631018252735],[27.6199503274834,56.8404613360918],[27.71164611300586,56.86666067691211],[27.77714446505664,56.87321051211719],[27.83609107455371,56.8404613360918],[27.87539008578418,56.83391150088672],[27.90813926180957,56.81426199527149],[27.88193992098926,56.77496298404102],[27.86229041537403,56.74221380801563],[27.91468909701465,56.69636496158008],[27.97363570651172,56.67016943545703],[27.98673537692188,56.59812124820117],[28.05223182162403,56.55227240176563],[28.12428000887988,56.53262289615039],[28.09808066805957,56.49332388491992],[28.15702727755664,56.44092901797656],[28.15047744235156,56.35578116031055],[28.18977645358203,56.25098761172656],[28.1701269479668,56.2116886004961],[28.16357711276172,56.15928991885547],[28.1364183755791,56.14041861148242],[28.0275602670586,56.12034948916797],[27.91964248141406,56.09722479434375],[27.86568168124317,56.04326590152149],[27.76547149142383,56.02784689517383],[27.70380309542774,55.95847281070117],[27.64213660678028,55.9199291095293],[27.61130240878223,55.87367971988086],[27.58046821078418,55.78117712588672],[27.485731,55.7894992],[27.4126427,55.8008446],[27.2931967,55.8574783],[27.1889782,55.8597777],[27.03701,55.8844585],[26.9324682,55.9024584],[26.8121336,55.9120806],[26.6986654,55.9225661],[26.5473277,55.8442043],[26.4119554,55.7747601],[26.362030636933024,55.66338448774661],[26.42419722994922,55.68096502871875],[26.30086234530567,55.7117992267168],[26.23148635348438,55.78888281436328],[26.16981795748828,55.85826071353321],[26.02335647067188,55.9199291095293],[25.79981139620899,56.020137392],[25.64564231356738,56.1280589923418],[25.47605613192676,56.14347418399219],[25.21396735629199,56.15888937564258],[25.06750586947559,56.21285208316211],[24.93646338900684,56.29764517398242],[24.89791968783496,56.41327246280078],[24.81312659701465,56.40556295962696],[24.73604300936817,56.37472876162891],[24.57416442355274,56.29764517398242],[24.39687064608692,56.2899356708086],[24.28895095309375,56.2899356708086],[24.1656160684502,56.25139196963672],[24.05769637545703,56.2899356708086],[23.91894439181446,56.33618506045703],[23.64914802035449,56.34389456363086],[23.51810363253711,56.31306036563281],[23.35622695407031,56.34389456363086],[23.22518256625293,56.36701925845508],[23.15580657443164,56.35160406680469],[23.03246978243946,56.32076986880664],[22.98622039279102,56.34389456363086],[22.93225959262012,56.40556295962696],[22.86288360079883,56.40556295962696],[22.74725631198047,56.37472876162891],[22.66246322116016,56.37472876162891],[22.32329085787891,56.38243826480274],[22.12287047824024,56.42097815127735],[21.78369811495899,56.34389456363086],[21.51390174349902,56.27451666446094],[21.32118895968555,56.2282672748125],[21.20556357821582,56.16659887881641],[21.18243697604297,56.0818057879961],[20.94544890841602,56.06995733828906],[20.91600707491992,56.09667166324024],[20.9490461679375,56.47318991275196],[20.96482757052539,56.60902365298633],[21.02205184420703,56.68387564273242],[21.32437995394824,56.85441549868946],[21.33974746188281,57.17707022281055],[21.45958808383106,57.24960669131641],[21.57951453646777,57.37260016055469],[21.67733100375293,57.46365698428516],[21.81025412997363,57.47537954898242],[22.28540328463672,57.56504019351367],[22.35992721041797,57.58566626162891],[22.43296531161426,57.61555822940235],[22.56363776644824,57.61555822940235],[22.5854215951836,57.50865133853321],[22.88137343844531,57.33414419741992],[23.0708895059502,57.26131781192188],[23.17466453036426,57.04849203677539],[23.21544936617969,56.98066671939258],[23.41446975192188,56.89241369815235],[23.76781371554492,56.86588247866992],[24.15838340243457,56.97548636050586],[24.26630500277637,57.030147157625],[24.34649947604297,57.15972097964649],[24.32293990573047,57.33689077945117],[24.23618606051563,57.72816046328906],[24.32544234713672,57.83747061343555],[24.34564879855274,57.86221655459766],[24.38439277133106,57.86221655459766],[24.43678954562305,57.90806540103321],[24.5612345071709,57.94736059756641],[24.67912963351367,57.96046026797656],[24.74462607821582,57.9801097735918],[24.84287169894336,57.98665960879688],[24.90182021578906,57.99320944400196],[24.94766715487598,58.00630911441211],[25.07211211642383,58.05870779605274],[25.11796096285938,58.05870779605274],[25.15725806674121,58.04560812564258],[25.16380790194629,58.01285894961719],[25.22275641879199,57.98665960879688],[25.27515319308399,58.02595862002735],[25.27515319308399,58.05870779605274],[25.36029914340137,58.01940878482227],[25.41269782504199,57.97355993838672],[25.52404311617969,57.95391043277149],[25.5698900552666,57.90806540103321],[25.69433501681446,57.90151556582813],[25.70743468722461,57.90151556582813],[25.79913047274707,57.8491168841875],[25.91047576388477,57.82946737857227],[25.99562171420215,57.82946737857227],[26.02837089022754,57.77706869693164],[26.09386733492969,57.75741919131641],[26.18556312045215,57.70502432437305],[26.23796180209278,57.62642630191211],[26.32965758761524,57.57402762027149],[26.40825370272754,57.57402762027149],[26.46065238436817,57.56092794986133],[26.52614882907031,57.52162893863086],[26.59164527377246,57.52817877383594],[26.66369346102832,57.56747778506641],[26.72264007052539,57.58712729068164],[26.81433585604785,57.57402762027149],[26.87328437289356,57.61987646670703],[26.96498015841602,57.6002269610918],[27.04357627352832,57.56747778506641],[27.11562255343555,57.5412784442461],[27.25316718539356,57.52162893863086],[27.29246428927539,57.51507910342578],[27.34886268099903,57.52635916324024]]]]}},{"type":"Feature","properties":{"NAME":"Lithuania","ABBREVN":"Lithuania","SUBJECTO":"Lithuania","BORDERPRECISION":3,"PARTOF":"Lithuania"},"geometry":{"type":"MultiPolygon","coordinates":[[[[22.69903663119434,54.41490133853321],[22.68558982333301,54.43219336123828],[22.67017272433399,54.49386175723438],[22.66246322116016,54.57094534488086],[22.69329741915821,54.663447938875],[22.72413161715625,54.73282583804492],[22.82434180697559,54.78678473086719],[22.80121711215137,54.84074362368946],[22.79350760897754,54.90241201968555],[22.71642402133106,54.9332462176836],[22.63162902316211,54.94866140933399],[22.58537963351367,54.99491079898242],[22.5468359323418,55.05657919497852],[22.44662574252246,55.04886969180469],[22.33100036105274,55.04886969180469],[22.13057998141406,55.04886969180469],[22.03036979159473,55.02574499698047],[21.99182609042285,55.07199820132617],[21.76057342013477,55.10283239932422],[21.64494613131641,55.13366659732227],[21.54473594149707,55.18762549014453],[21.43681624850391,55.18762549014453],[21.39827445468066,55.21075018496875],[21.37514975985645,55.28012426944141],[21.32118895968555,55.26470907779102],[21.16232207736133,55.22138174624805],[21.14303496798633,55.25583990664844],[21.20093253573535,55.26139410586719],[21.21629622897266,55.34366568179492],[21.01845076998828,55.63400992007617],[21.01481536349414,55.69705542178516],[20.99595740756152,56.02412756533985],[20.94544890841602,56.06995733828906],[21.18243697604297,56.0818057879961],[21.20556357821582,56.16659887881641],[21.32118895968555,56.2282672748125],[21.51390174349902,56.27451666446094],[21.78369811495899,56.34389456363086],[22.12287047824024,56.42097815127735],[22.32329085787891,56.38243826480274],[22.66246322116016,56.37472876162891],[22.74725631198047,56.37472876162891],[22.86288360079883,56.40556295962696],[22.93225959262012,56.40556295962696],[22.98622039279102,56.34389456363086],[23.03246978243946,56.32076986880664],[23.15580657443164,56.35160406680469],[23.22518256625293,56.36701925845508],[23.35622695407031,56.34389456363086],[23.51810363253711,56.31306036563281],[23.64914802035449,56.34389456363086],[23.91894439181446,56.33618506045703],[24.05769637545703,56.2899356708086],[24.1656160684502,56.25139196963672],[24.28895095309375,56.2899356708086],[24.39687064608692,56.2899356708086],[24.57416442355274,56.29764517398242],[24.73604300936817,56.37472876162891],[24.81312659701465,56.40556295962696],[24.89791968783496,56.41327246280078],[24.93646338900684,56.29764517398242],[25.06750586947559,56.21285208316211],[25.21396735629199,56.15888937564258],[25.47605613192676,56.14347418399219],[25.64564231356738,56.1280589923418],[25.79981139620899,56.020137392],[26.02335647067188,55.9199291095293],[26.16981795748828,55.85826071353321],[26.23148635348438,55.78888281436328],[26.30086234530567,55.7117992267168],[26.42419722994922,55.68096502871875],[26.362030636933024,55.66338448774661],[26.3517376,55.6493114],[26.3359448,55.581644],[26.2913128,55.5593211],[26.1993023,55.4718487],[25.924301,55.2967109],[25.7251736,55.0909438],[25.4508589,55.0363847],[25.026512,55.0247751],[24.8617172,54.8562316],[24.9519252,54.8123593],[24.9153828,54.7657159],[24.725933,54.5812652],[24.7854994,54.5039412],[24.637184,54.3053071],[24.5551297,54.2461712],[24.5173642,54.2341332],[24.4301602,54.217274],[24.2317196,54.0662389],[24.0030668,54.0348971],[23.88040259799121,53.91572531314258],[23.77248290499805,53.90031012149219],[23.6414404245293,53.91572531314258],[23.57206252535938,53.90031012149219],[23.53050139865039,53.91629370303516],[23.48980620822071,53.99312552066211],[23.48289397677539,54.00617941470508],[23.43854049166797,54.08991583438281],[23.3106184335625,54.30889471621875],[23.00508407076953,54.41825827212696],[22.98705771884082,54.42470892520313],[22.69903663119434,54.41490133853321]]]]}},{"type":"Feature","properties":{"NAME":"Belgium","ABBREVN":"Belgium","SUBJECTO":"Belgium","BORDERPRECISION":3,"PARTOF":"Belgium"},"geometry":{"type":"MultiPolygon","coordinates":[[[[2.52213195284961,51.09112127871875],[2.99526217898486,51.31347998233203],[3.21360519847034,51.35356863589649],[3.47201994380115,51.31439169497852],[3.68129709681628,51.3214183673418],[3.77504685839771,51.38774450869922],[3.98952439746021,51.3437457904375],[4.173045191375,51.32487829776172],[4.4067197175896,51.34007605166797],[4.39535096606372,51.41090353579883],[4.53311923464893,51.40545233340625],[4.67107346972583,51.40545233340625],[4.79137710055469,51.4872012958086],[4.93214562853931,51.37821539492969],[5.01011994799731,51.43270071597461],[5.11252692660449,51.40545233340625],[5.24365380725024,51.23659475894336],[5.48442319354175,51.28555639834766],[5.82389596423267,51.11683233828906],[5.77424004992603,50.92642553897266],[5.69675782641528,50.88292654605274],[5.6970873208916,50.73072393985156],[5.99957564791797,50.74159964175586],[6.15454581698535,50.66175802798633],[6.28142503222583,50.49760016055469],[6.29835418185352,50.28686865420703],[6.1085133882439,50.11745413394336],[6.0074448915398,50.14997442813281],[5.94377568682788,50.11381109805469],[5.83375647982715,50.04740866275196],[5.73792365512012,49.90245779605274],[5.74506238421558,49.75526007266406],[5.88440040072559,49.66353567691211],[5.82350018939136,49.50710638614063],[5.78784564456104,49.55865439029102],[5.47541669329761,49.48014029116992],[5.41808799227832,49.58261831851367],[5.25127843340991,49.67432745547656],[5.09770682772754,49.76065405459766],[4.85987189730762,49.78224142642383],[4.87706664523242,49.88479956241016],[4.81162408312915,49.96577795596485],[4.8654108377373,50.13371618838672],[4.75491908511279,50.10118826480274],[4.66809514483569,49.96037634463672],[4.46748164614795,49.94473227115039],[4.28462794741748,49.91097982974414],[4.15631488284228,49.96577795596485],[4.18845990618823,50.05494650454883],[4.14781621417163,50.13371618838672],[4.21956971606372,50.24215658755664],[4.05088761767505,50.31808813662891],[3.7914648385918,50.33978613467578],[3.67496207675098,50.3343692645586],[3.6033795209801,50.47003897281055],[3.37031725367664,50.4646068439043],[3.28275969943164,50.52432592959766],[3.19187668284534,50.73072393985156],[3.12284449061511,50.80713232608203],[2.93827608546375,50.71375616641406],[2.87505987605212,50.68182333560352],[2.75548246821521,50.73915823550586],[2.61572936495898,50.89021643252735],[2.52213195284961,51.09112127871875]]]]}},{"type":"Feature","properties":{"NAME":"Spain","ABBREVN":"Spain","SUBJECTO":"Spain","BORDERPRECISION":3,"PARTOF":"Spain"},"geometry":{"type":"MultiPolygon","coordinates":[[[[-8.80605503598096,41.8891788348711],[-8.86048599758984,42.0145336017168],[-8.7985705999458,42.19453009219532],[-8.64406296292187,42.41974981875782],[-8.80504509487988,42.63155706973438],[-8.94172379055859,42.82419546695118],[-9.17312332669141,42.85590323062305],[-9.2468595174873,42.9007755145586],[-9.27080341854932,43.04869040103321],[-9.19746681729199,43.15821417422657],[-9.01358982602002,43.28085669131641],[-8.84921642819287,43.32624395938282],[-8.59572216549756,43.3396182879961],[-8.31041332760693,43.35304983706836],[-8.25069710293652,43.4304271564043],[-8.22022434750439,43.61720999331836],[-7.97952887097241,43.74005468936329],[-7.63627478161694,43.72141226382618],[-7.15130230465771,43.55494268985157],[-6.8079757360542,43.52342184634571],[-6.46757360974194,43.56272467227344],[-6.20804640332104,43.6405216083086],[-5.97965618649365,43.70537909121875],[-5.82045122662427,43.70568808169727],[-5.53741785565259,43.57745321841602],[-5.22489639798047,43.50724752993946],[-4.80233570614697,43.46944388003711],[-4.1102161077583,43.45151098819141],[-3.84760591069104,43.43916281314258],[-3.4170004991615,43.37565191836719],[-3.19596525708081,43.44688376040821],[-3.00720569172742,43.55027350039844],[-2.76836248913647,43.53787573428516],[-2.36738440075757,43.32624395938282],[-2.06564470806958,43.3332706317461],[-1.91457780876996,43.3054157123125],[-1.70239182988049,43.19593771548633],[-1.49138280430676,43.20962103457813],[-1.46565135994794,43.15488775821094],[-1.5576711563194,43.04543264956836],[-1.5151278642738,42.99756201358204],[-1.44755240956189,42.98387869449024],[-1.39727231541516,43.0317569598711],[-0.90735366621854,42.88129767032032],[-0.84001835862042,42.90865286441211],[-0.61198213377835,42.73087652774219],[-0.58678948560597,42.76506002993946],[-0.46883657256009,42.75139196963672],[-0.40991460958363,42.78556784243946],[-0.21614125424864,42.71720083804493],[-0.203663793,42.70031317325],[-0.16562682444097,42.64883764834766],[0.17955038270114,42.66251715274219],[0.19626537284015,42.60782583804493],[0.34784367999194,42.63517340274219],[0.59192362746356,42.62833365054493],[0.58414200266955,42.77189215274219],[0.74419942816852,42.77189215274219],[1.30745008906482,42.63517340274219],[1.34870508631824,42.53948172183399],[1.36439624747394,42.40964087100391],[1.44815209826587,42.37548025699024],[1.61660567244647,42.40964087100391],[1.70922842940448,42.42331274600391],[1.86009529551624,42.38231619449024],[1.87611845454333,42.31398733706836],[1.99367073496936,42.30715521426563],[2.17110708674548,42.38231619449024],[2.36317375620959,42.29349478335743],[2.58151009997485,42.28666266055469],[2.59926703890918,42.34814413638477],[2.93650415858386,42.40964087100391],[3.0870814653313,42.36864431949024],[3.08652833422778,42.32911261172657],[3.08628610095142,42.1207233295],[3.15655377825854,42.07572134585743],[3.12887886485217,41.85722693057422],[2.62825921496509,41.61954077334766],[2.20059016665576,41.44614752383594],[2.08072474917529,41.29848822207813],[1.60982862433551,41.20915564151172],[1.31124487837909,41.15725287051563],[0.87920192202686,41.0217357501543],[0.733751806823,40.87495382876758],[0.70978203734515,40.78514822574024],[0.82712546309589,40.7274242267168],[0.78755644282458,40.65688665957813],[0.50514158925174,40.59275778384571],[0.23792758902667,40.24019964785938],[-0.16062503734471,39.88602408023243],[-0.203663793,39.79943808169727],[-0.28451586196067,39.63677176089649],[-0.39484843293073,39.43445929141407],[-0.23590284267308,39.06240423770313],[-0.203663793,39.01265295596485],[-0.16569528410079,38.95406302066211],[0.12611598095058,38.82135351748829],[0.1725700827515,38.73834570498829],[-0.10700400600077,38.59149893374805],[-0.203663793,38.54402884097461],[-0.43515532890202,38.43033941836719],[-0.56412681618573,38.21486624331836],[-0.66472887674214,38.17657431216602],[-0.87234356680753,37.75979956241016],[-0.80256357470395,37.61500509829883],[-0.91827228346707,37.5703426227129],[-1.36456796208264,37.54839285464649],[-1.62571248093488,37.43949087710743],[-1.81687983551862,37.2924762591875],[-1.94047519245984,36.95159872622852],[-2.23879739323499,36.72839697451954],[-2.35509749928357,36.82405050845508],[-2.62433144131543,36.8112979754961],[-2.76149674931409,36.69013937564258],[-2.91533156910779,36.69013937564258],[-2.96979233303906,36.74114950747852],[-4.44658562222363,36.72201880069141],[-4.75730368176343,36.48610647769336],[-5.21673628369214,36.40959509463672],[-5.37422749081494,36.23747595401172],[-5.38674971142651,36.10998495669727],[-5.42426010647656,36.07174261660938],[-5.45709082165601,36.16735800357227],[-5.48793312588574,36.1737247333086],[-5.485486474427,36.06536825747852],[-5.66058727780225,36.00800665469532],[-5.85001417675854,36.07174261660938],[-6.20446106472852,36.28209646792774],[-6.30497166195752,36.45422323794727],[-6.28888079205395,36.57217749209766],[-6.44402500668408,36.62318380923633],[-6.50048586407544,36.71882971377735],[-6.4217133192146,36.79216345401172],[-6.63215395489575,37.02175100894336],[-6.94795462170483,37.14931448550586],[-7.01009842434766,37.16525992007618],[-7.22782370129468,37.22585638614063],[-7.49150368252637,37.20815619082813],[-7.48799845257641,37.21635397525196],[-7.35144373455884,37.64443548770313],[-7.24251457730176,37.81089743228321],[-6.84477516690137,38.10021170230274],[-7.02809902706982,38.23958166690235],[-7.39387651959302,38.29498632998829],[-7.31734081784131,38.49962576480274],[-7.08942457714917,38.79450186343555],[-6.93338343182446,38.96134909243946],[-7.00687452832104,39.05031546206836],[-7.21143576184155,39.29820593448047],[-7.43099876919629,39.5205150470293],[-7.30125710049512,39.57871206851368],[-7.084203687104,39.59907492251758],[-6.87832304516675,39.70239599795704],[-6.8586759237373,39.79192312808399],[-6.88417288342358,40.21403463931446],[-6.8248648313606,40.65656622500782],[-6.85717054882886,40.8615795001543],[-6.83444878140332,41.06053503604297],[-6.79662796536328,41.09282644839649],[-6.24114891568066,41.32047995181446],[-6.11153790036084,41.41746100039844],[-6.13949772396924,41.52643927188282],[-6.51842686215283,41.74909933658008],[-6.58607956448437,41.85792120547657],[-6.70870443859937,41.96004446597461],[-6.85951849499585,41.98491247744922],[-7.09843584576489,41.86795385928516],[-7.91856094876172,41.8891673907793],[-8.15726133862378,42.08703955264454],[-8.40504738369824,42.00213583560352],[-8.80605503598096,41.8891788348711]]],[[[-14.50982440309849,28.05004974902664],[-14.14702077057864,28.39103946117997],[-13.80840404689344,29.04858821187777],[-13.51816114087756,29.42848330171172],[-13.42141350553894,29.09086833233182],[-13.78421713805879,28.87929453021188],[-13.88096477339741,28.19936673357924],[-14.50982440309849,28.05004974902664]]],[[[-15.57404839182338,28.17804847529352],[-15.40474002998079,28.19936673357924],[-15.21124475930354,27.90052513545423],[-15.57404839182338,27.72938656126449],[-15.91266511550858,27.90052513545423],[-15.57404839182338,28.17804847529352]]],[[[-17.29131891908402,28.28459722451526],[-16.88014146889485,28.32718691531592],[-16.08197347735118,28.53987915571528],[-16.22709493035912,28.36975954738149],[-16.63827238054829,28.05004974902664],[-17.33969273675333,28.02870178494731],[-17.29131891908402,28.28459722451526]]]]}},{"type":"Feature","properties":{"NAME":"Albania","ABBREVN":"Albania","SUBJECTO":"Albania","BORDERPRECISION":3,"PARTOF":"Albania"},"geometry":{"type":"MultiPolygon","coordinates":[[[[20.12238219699024,39.55100973697071],[20.09082892855762,39.60253103824024],[20.02855971774219,39.81378134341602],[19.8036489816582,40.016963563875],[19.36906722506641,40.26028021426563],[19.38022521456836,40.32358130069141],[19.48371222933887,40.29589041324024],[19.49448302706836,40.4027171954668],[19.33922294100879,40.58873709292774],[19.52725509127734,40.86589010806446],[19.44540313204883,40.96489676089649],[19.52995017489551,41.21844442935352],[19.41699126681445,41.34525259585743],[19.49891570529102,41.52362021060352],[19.61938384493945,41.55930288882618],[19.60696509799121,41.76153906436329],[19.45788672885059,41.79808386416797],[19.36771300753711,41.84637030215625],[19.36866095980762,42.00034292788868],[19.30881408175586,42.19264944644336],[19.43461898287891,42.42457159610157],[19.55769828280566,42.54732855410938],[19.88456061801074,42.4977107867754],[20.04705337008594,42.48752173037891],[20.07299712618945,42.48589285464649],[20.24518493136524,42.31980093570118],[20.57498076876758,41.92991217227344],[20.58296683749316,41.88071402163868],[20.59892180880664,41.78242071719532],[20.53956321200488,41.58959158511524],[20.57282165011524,41.301143251375],[20.7069750162041,41.00056418033008],[21.03163817843555,40.72679098697071],[20.99117377719043,40.7137523517168],[20.78894523104785,40.33477362246875],[20.60791495761035,40.16091497989063],[20.38468078097461,39.94856604190235],[20.12238219699024,39.55100973697071]]]]}},{"type":"Feature","properties":{"NAME":"Portugal","ABBREVN":"Portugal","SUBJECTO":"Portugal","BORDERPRECISION":3,"PARTOF":"Portugal"},"geometry":{"type":"MultiPolygon","coordinates":[[[[-7.49150368252637,37.20815619082813],[-7.60343643704297,37.16297873111133],[-7.83604237118604,37.03225287051563],[-8.03363796749951,37.00878866763477],[-8.28023907223584,37.08858069033985],[-8.54107376614453,37.08858069033985],[-8.6670598653877,37.12144049258594],[-8.99084946194531,36.9900089129961],[-9.01664349118115,37.06980093570118],[-8.84151169339062,37.52514608950977],[-8.85102840939404,37.91018255801563],[-8.93278595486523,37.96184118838672],[-8.82299324551465,38.2060733661211],[-8.84730335751416,38.38456686587696],[-8.78892036953809,38.43598135562305],[-8.85365196743848,38.4996410235918],[-9.02232262173535,38.46102102847461],[-9.2365703252876,38.41744955630665],[-9.28515812435986,38.61946829409961],[-9.06915279904248,38.64295919986133],[-8.9418925909126,38.74191626162891],[-8.96082684079053,38.81846197696094],[-9.04084965268018,38.92018087954883],[-9.17575451413037,38.73223074527149],[-9.36163708248975,38.67114599795704],[-9.52239700833203,38.6899371966875],[-9.54900738278271,38.77451666446094],[-9.45976254025342,38.95307882876758],[-9.39770695248486,39.23036154361133],[-9.4152698186958,39.36667593570118],[-9.29926964321973,39.41773565860157],[-9.11792274990918,39.64403494449024],[-8.91558548489453,40.13814886660938],[-8.96966930905225,40.19001730533008],[-8.69406982937695,40.99217184634571],[-8.85177799740674,41.40782888980274],[-8.85475441494824,41.59685095401172],[-8.92073532620312,41.76702078433399],[-8.80605503598096,41.8891788348711],[-8.40504738369824,42.00213583560352],[-8.15726133862378,42.08703955264454],[-7.91856094876172,41.8891673907793],[-7.09843584576489,41.86795385928516],[-6.85951849499585,41.98491247744922],[-6.70870443859937,41.96004446597461],[-6.58607956448437,41.85792120547657],[-6.51842686215283,41.74909933658008],[-6.13949772396924,41.52643927188282],[-6.11153790036084,41.41746100039844],[-6.24114891568066,41.32047995181446],[-6.79662796536328,41.09282644839649],[-6.83444878140332,41.06053503604297],[-6.85717054882886,40.8615795001543],[-6.8248648313606,40.65656622500782],[-6.88417288342358,40.21403463931446],[-6.8586759237373,39.79192312808399],[-6.87832304516675,39.70239599795704],[-7.084203687104,39.59907492251758],[-7.30125710049512,39.57871206851368],[-7.43099876919629,39.5205150470293],[-7.21143576184155,39.29820593448047],[-7.00687452832104,39.05031546206836],[-6.93338343182446,38.96134909243946],[-7.08942457714917,38.79450186343555],[-7.31734081784131,38.49962576480274],[-7.39387651959302,38.29498632998829],[-7.02809902706982,38.23958166690235],[-6.84477516690137,38.10021170230274],[-7.24251457730176,37.81089743228321],[-7.35144373455884,37.64443548770313],[-7.48799845257641,37.21635397525196],[-7.49150368252637,37.20815619082813]]]]}},{"type":"Feature","properties":{"NAME":"Tunisia","ABBREVN":"Tunisia","SUBJECTO":"Tunisia","BORDERPRECISION":3,"PARTOF":"Tunisia"},"geometry":{"type":"MultiPolygon","coordinates":[[[[11.47068694552539,33.14409216494922],[11.42918113192676,32.70274695010547],[11.4582538934624,32.44871862979297],[11.41642573794482,32.32773932071094],[11.05559256991504,32.13505133242969],[10.79485228976367,31.99375876040821],[10.13242057284473,31.48158224673633],[10.07547000369189,31.3223892077959],[10.19908622225879,30.88458212466602],[10.13275435885547,30.6427131518877],[10.0626468988335,30.54062803836231],[9.67375472506641,30.2714858874834],[9.57486060580371,30.20736464114551],[9.32092574557422,30.89865072818165],[9.00647643527148,31.90734251590137],[8.86074164828418,32.11624487491016],[8.6975231500542,32.22971685977344],[8.50326732119678,32.31122931094532],[8.28532699069141,32.6849552020586],[8.18428615054248,32.89409979434375],[8.02075293978809,33.02027853579883],[7.81742099246143,33.06362494082813],[7.66598990878223,33.41231115908985],[7.53061727007984,33.81193884463672],[7.5812015863335,34.04101523013477],[8.03104880770801,34.42485388369922],[8.21767905673145,34.58479269595508],[8.29101088961719,34.76950033755665],[8.31264308413623,35.01116903872852],[8.28922942599414,35.27841528506641],[8.27713397463916,35.67949637027149],[8.27200129946826,36.32279165835743],[8.32365706881641,36.52058371158008],[8.63145354708789,36.80268057437305],[8.63670924624561,36.88525732608204],[8.86551860293506,36.96835287661915],[9.15028003176807,37.17287405581836],[9.41611865481494,37.27537878604297],[9.73219970187305,37.28239782901172],[10.02135470828174,37.20013388247852],[10.13273433169482,37.10474737735157],[10.15887168368457,36.99647482486133],[10.27150824984668,36.75455435366993],[10.39279750308154,36.7165714129961],[10.58058265170215,36.79342230410938],[10.84325126132129,36.99148901553516],[11.02375701388477,37.06832464785938],[11.03940394839404,36.90904577823047],[10.92006209811328,36.6539378985918],[10.63341239413379,36.42401465030079],[10.50924495181201,36.21355398745899],[10.51146033724902,36.08616980166797],[10.60260776003955,35.8889461383379],[10.83082679232715,35.67927893252735],[10.9889517160332,35.62229879947071],[11.12510875186084,35.2406078204668],[11.08280089816211,35.14503439517383],[10.8393574090874,34.8011546954668],[10.57402518710254,34.64810904116993],[10.1164217325127,34.23416861148243],[10.01948073825,34.08147390933399],[10.14865687808154,33.87839850039844],[10.41260055026172,33.63112600894336],[10.65021708926318,33.49818380923633],[10.77814010104297,33.47303351016407],[10.9565391870415,33.57505758853321],[11.09911826571582,33.53722723575],[11.20892051180957,33.25152166934375],[11.47068694552539,33.14409216494922]]]]}},{"type":"Feature","properties":{"NAME":"Algeria","ABBREVN":"Algeria","SUBJECTO":"Algeria","BORDERPRECISION":3,"PARTOF":"Algeria"},"geometry":{"type":"MultiPolygon","coordinates":[[[[-8.62915035763623,27.17267759890918],[-8.64120956936719,27.56676252932911],[-8.61005398312451,28.46966894717579],[-8.59321018734814,28.64141043277149],[-8.28448864498975,28.78304823489551],[-7.60410973111035,29.23195036502247],[-7.17047974148633,29.47601088137989],[-6.60141083279492,29.44112166018848],[-6.42274662533643,29.46757467837696],[-6.34139772930981,29.77954062075977],[-5.95271107235791,29.79447516055469],[-5.60297819653394,29.87275465579395],[-5.36596962490918,29.97582014651661],[-5.13020559826733,30.13610037417774],[-4.91232344189526,30.42976149173145],[-4.41325995007397,30.57881888003711],[-3.7294046548927,30.89420088382129],[-3.6713413862312,30.9962402209795],[-3.8046958116615,31.27519186587696],[-3.81586023846509,31.45311697574024],[-3.78033515492322,31.55502470584278],[-3.66096350232007,31.60656126590137],[-3.12754365483167,31.66044195742969],[-2.95586821118237,31.74405630679493],[-2.81710859814526,31.99276693911915],[-2.35719534436108,31.98265989871387],[-2.05584045925977,31.99072607608204],[-1.23428889790417,31.98903997989063],[-1.08127525130154,32.45392569156055],[-1.11257043162228,32.54910620303516],[-1.34092768708112,32.69400747866993],[-1.61015066185834,33.04845007510547],[-1.68113121071698,33.25781591983204],[-1.67391952553632,33.829951845125],[-1.66398951092603,34.20505484195118],[-1.7381503252113,34.60509451480274],[-1.8232847122276,34.69997366519336],[-2.07657703438641,34.82567556949024],[-2.19297393837811,35.05424841494922],[-2.03525182286145,35.05456884951954],[-1.73832794705273,35.11883123965625],[-1.49509653130414,35.23390158267383],[-1.32910570183636,35.48890646548633],[-1.14666714945676,35.62936743350391],[-0.91749199906232,35.66803701968555],[-0.73430683890225,35.73846014590625],[-0.42877082208039,35.86006888003711],[-0.28298881331326,35.75847586245899],[-0.203663793,35.75072058291797],[-0.09165417084338,35.73976858706836],[0.01531081220267,35.80366858096485],[0.19867173155902,36.03330954165821],[0.47439089736102,36.22496374698047],[0.78124234398959,36.38485296817188],[1.05760291537402,36.46185644717579],[1.57969311198352,36.51388891787891],[2.29377416094897,36.54082449527149],[2.52436355075,36.5731502399004],[2.80986908396838,36.71390112491016],[3.0700064035332,36.61885794253711],[3.32383779009937,36.65123327823047],[3.58687308749316,36.79195364566211],[3.74122456034778,36.83686789126758],[4.16391900500415,36.83135183902149],[4.39462426623462,36.83819159121875],[4.53255179843066,36.8129840716875],[4.63211730441211,36.79406698794727],[4.7771916719353,36.74338492007618],[5.14446500262378,36.66767843814258],[5.38273242434619,36.67453344912891],[5.73016217669605,36.7517047748125],[6.04739383181689,36.84155615420704],[6.32287028750537,37.09064825625782],[6.77053740939258,36.86214789004688],[6.92304280718921,36.81784018130665],[7.06324103793262,36.8818546161211],[7.2048530908501,36.99046667666797],[7.30698111971973,37.06078299136524],[7.54492286166309,37.0421443805254],[7.71904328784106,36.9532771930254],[7.79204085787891,36.83235891909961],[7.9131746622002,36.77524908633594],[8.14501479586719,36.81394919009571],[8.63670924624561,36.88525732608204],[8.63145354708789,36.80268057437305],[8.32365706881641,36.52058371158008],[8.27200129946826,36.32279165835743],[8.27713397463916,35.67949637027149],[8.28922942599414,35.27841528506641],[8.31264308413623,35.01116903872852],[8.29101088961719,34.76950033755665],[8.21767905673145,34.58479269595508],[8.03104880770801,34.42485388369922],[7.5812015863335,34.04101523013477],[7.53061727007984,33.81193884463672],[7.66598990878223,33.41231115908985],[7.81742099246143,33.06362494082813],[8.02075293978809,33.02027853579883],[8.18428615054248,32.89409979434375],[8.28532699069141,32.6849552020586],[8.50326732119678,32.31122931094532],[8.6975231500542,32.22971685977344],[8.86074164828418,32.11624487491016],[9.00647643527148,31.90734251590137],[9.32092574557422,30.89865072818165],[9.57486060580371,30.20736464114551],[9.48334983309863,30.13693960757618],[9.37468722781299,29.96472128482227],[9.7704401346123,29.24247892947559],[9.83711532076953,28.86789473147754],[9.86043361147998,28.55661924929981],[9.81530765017627,28.16868170352344],[9.86077693423389,27.83211096377735],[9.78847983798145,27.55205305667286],[9.71744063815234,27.32920225711231],[9.92331984957813,26.80924185366993],[9.89576915225146,26.5103774890459],[9.85737517794727,26.43388899417286],[9.55741408785938,26.222436510042],[9.44537452181934,26.16457899661426],[9.37672999819873,26.03706892581348],[9.94929889163135,25.27136000247364],[10.06145957430957,24.8588996753252],[10.31472876986621,24.4663272723711],[10.4244985910332,24.39705046267872],[10.6692085596001,24.48744734378223],[10.98544219454883,24.41301497073536],[11.44787887057422,24.25680121035938],[11.52785304507373,24.18100699038868],[11.91531756838916,23.50321348758106],[11.9590149255669,23.47169073672657],[11.83989718875049,23.38837393374805],[11.10568526705859,23.00913008304004],[9.30030730685352,22.00077971072559],[8.57707599124072,21.57072599978809],[7.53844788989185,20.91636236758594],[7.16313079318164,20.62180479617481],[5.77546933611987,19.44418676944141],[4.95654109439014,19.28049429507618],[4.20383552035449,19.13626249881153],[3.22516873797534,18.95255240054493],[3.15890315493701,19.20640333743457],[3.2313959928429,19.51193197818164],[3.18709186038135,19.74685629458789],[3.06242874583362,19.90502317996387],[2.92330149134753,19.95505865664844],[2.58669570407031,19.96580465884571],[2.41814115962146,20.04110487552051],[2.15372017344592,20.29379614444141],[1.942003759948,20.15272101016407],[1.83947876414417,20.16483648867969],[1.33927706202625,20.63227995486621],[1.16276863535999,20.75838430972461],[1.12566986998675,20.84079130740528],[1.16865304431079,21.01901777835254],[1.08736875971912,21.13296469302539],[-0.02485778609158,21.79388960452442],[-0.203663793,21.90792044253711],[-0.78538289347531,22.27890356631641],[-1.65115663090588,22.84594496341114],[-3.12872096577527,23.85441740603809],[-3.49360271969678,24.11292036624317],[-4.41793438473584,24.71780737491016],[-4.82076784649731,24.95702131839161],[-4.86576363125684,24.99489554019336],[-5.50198074856641,25.40440901370411],[-7.35601517239453,26.49344595523243],[-8.62915035763623,27.17267759890918]]]]}},{"type":"Feature","properties":{"NAME":"Morocco","ABBREVN":"Morocco","SUBJECTO":"Morocco","BORDERPRECISION":3,"PARTOF":"Morocco"},"geometry":{"type":"MultiPolygon","coordinates":[[[[-2.19297393837811,35.05424841494922],[-2.07657703438641,34.82567556949024],[-1.8232847122276,34.69997366519336],[-1.7381503252113,34.60509451480274],[-1.66398951092603,34.20505484195118],[-1.67391952553632,33.829951845125],[-1.68113121071698,33.25781591983204],[-1.61015066185834,33.04845007510547],[-1.34092768708112,32.69400747866993],[-1.11257043162228,32.54910620303516],[-1.08127525130154,32.45392569156055],[-1.23428889790417,31.98903997989063],[-2.05584045925977,31.99072607608204],[-2.35719534436108,31.98265989871387],[-2.81710859814526,31.99276693911915],[-2.95586821118237,31.74405630679493],[-3.12754365483167,31.66044195742969],[-3.66096350232007,31.60656126590137],[-3.78033515492322,31.55502470584278],[-3.81586023846509,31.45311697574024],[-3.8046958116615,31.27519186587696],[-3.6713413862312,30.9962402209795],[-3.7294046548927,30.89420088382129],[-4.41325995007397,30.57881888003711],[-4.91232344189526,30.42976149173145],[-5.13020559826733,30.13610037417774],[-5.36596962490918,29.97582014651661],[-5.60297819653394,29.87275465579395],[-5.95271107235791,29.79447516055469],[-6.34139772930981,29.77954062075977],[-6.42274662533643,29.46757467837696],[-6.60141083279492,29.44112166018848],[-7.17047974148633,29.47601088137989],[-7.60410973111035,29.23195036502247],[-8.28448864498975,28.78304823489551],[-8.59321018734814,28.64141043277149],[-8.61005398312451,28.46966894717579],[-8.64120956936719,27.56676252932911],[-9.28045078793408,27.56308516116504],[-10.05367943325879,27.56499060244922],[-11.2580375341499,27.56441076846485],[-12.38805004635693,27.56426771731739],[-13.12364002743603,27.54634436221485],[-13.06013866940381,27.67262228579883],[-12.8662089971626,27.8573242053545],[-12.67411896267773,27.89585074038868],[-12.09062477627637,28.0241771564043],[-11.57645889798047,28.22861631961231],[-11.37266441861035,28.36885603518848],[-10.85622688809277,28.7512279376543],[-10.33931252041699,29.14631613345508],[-9.86958881893994,29.64298399539356],[-9.66259285488965,29.95481642337208],[-9.60267445126416,30.18371924014454],[-9.62504383602979,30.40610083194141],[-9.81704231778027,30.75522192569141],[-9.8577632574165,31.06018980594043],[-9.81326672116162,31.28906019778614],[-9.63532349148633,31.57540281863575],[-9.31755730191113,31.96371801944141],[-9.22225281277539,32.25624807925586],[-9.25076672116162,32.42142447085743],[-9.21868607083203,32.58036001773243],[-8.64026352444531,33.1217342242754],[-8.31441494503857,33.33848150821094],[-7.90240618267895,33.48548849673633],[-7.33262058773877,33.69637259097461],[-7.00400778332593,33.87498434634571],[-6.7529744772041,34.12335165591602],[-6.51147219220044,34.45429953189258],[-6.30204912701489,34.86143835635547],[-5.92875858822705,35.72785910220508],[-5.80788704434277,35.78541525454883],[-5.56500002423169,35.86234243960743],[-5.47935911694409,35.8052059039629],[-5.17178961315991,35.42376288028125],[-5.10963150540234,35.37931402774219],[-4.59297749081494,35.15118750186329],[-4.29535099545361,35.15178640933399],[-4.02788778820874,35.13323553653125],[-3.440804210099,35.1662784442461],[-3.20577236691357,35.26860769839649],[-3.00902816334607,35.38997992129688],[-2.82987710514905,35.14205893130665],[-2.71480700055005,35.09774359317188],[-2.35566278973462,35.05391653628711],[-2.19297393837811,35.05424841494922]]]]}},{"type":"Feature","properties":{"NAME":"Netherlands","ABBREVN":"Netherlands","SUBJECTO":"Netherlands","BORDERPRECISION":3,"PARTOF":"Netherlands"},"geometry":{"type":"MultiPolygon","coordinates":[[[[7.15993884524463,53.16400106997852],[7.22800448855518,52.96671637149219],[7.0728950830376,52.80426367373828],[7.03479102572559,52.62350424380664],[6.77809050997852,52.63993033023242],[6.72683623751758,52.55833395572071],[6.71356824359058,52.47569998355274],[6.91192153414844,52.41551931949024],[6.99685147723315,52.44287451358203],[7.0690265031731,52.36628302188281],[7.06771806201099,52.21864279361133],[6.88223412951587,52.12573202700977],[6.82461646517871,51.95638617129688],[6.680369410125,51.88775213809375],[6.3814454408562,51.81990011783008],[6.21137813052295,51.87994345279102],[6.13267425021289,51.83843573184375],[5.97936824282764,51.80352743716602],[5.94789794406055,51.72167166324024],[6.1168608995354,51.63985785098438],[6.15382245501636,51.52067144961719],[6.22227815112231,51.38910254092578],[6.17962029894946,51.32233007998828],[6.08923724612354,51.19848593325977],[6.1762075754082,51.1440502032793],[6.07017568072437,51.08418615908985],[5.96424344500659,51.02433737368946],[5.92789510211109,50.98081549258594],[6.00966647585986,50.9644962176836],[6.07392648181079,50.86661490054492],[5.99957564791797,50.74159964175586],[5.6970873208916,50.73072393985156],[5.69675782641528,50.88292654605274],[5.77424004992603,50.92642553897266],[5.82389596423267,51.11683233828906],[5.48442319354175,51.28555639834766],[5.24365380725024,51.23659475894336],[5.11252692660449,51.40545233340625],[5.01011994799731,51.43270071597461],[4.93214562853931,51.37821539492969],[4.79137710055469,51.4872012958086],[4.67107346972583,51.40545233340625],[4.53311923464893,51.40545233340625],[4.39535096606372,51.41090353579883],[4.4067197175896,51.34007605166797],[4.173045191375,51.32487829776172],[3.98952439746021,51.3437457904375],[3.77504685839771,51.38774450869922],[3.74347594699023,51.46045263858203],[3.5203204484856,51.57913549991016],[3.87813571414111,51.79172857852344],[4.26441148242114,52.07089193911914],[4.38724044283984,52.2303653583086],[4.64101270159839,52.75569876284961],[4.71877435168384,52.80241736026172],[5.00840381106494,52.85619314761524],[5.17328551730273,52.74341925235156],[5.23462823351978,52.62285193057422],[5.10824445208667,52.5315013751543],[5.00608781298755,52.55688437075977],[5.03574422320483,52.33371695132617],[4.94982818087695,52.27794607730274],[5.47318652590869,52.17660482974414],[5.5743689866936,52.28301580996875],[5.7569132181084,52.33371695132617],[5.81714395007251,52.52136190982227],[5.61125472506641,52.5315013751543],[5.55570987185596,52.58732184024219],[5.54689267596362,52.67869528384571],[5.65344050845264,52.74977835269336],[5.5763826700127,52.75993307681446],[5.32574609240649,52.79040869326953],[5.358019384948,52.93774756045703],[5.34275344332813,52.99631079287891],[5.3321199747002,53.01144751162891],[5.38952306231616,53.13857229800586],[5.64734986743091,53.22775992007617],[5.96630671939014,53.33501013369922],[6.26071647128223,53.32174261660938],[6.75072196444629,53.38986166568164],[6.86104539355396,53.26576193423633],[7.00905946215747,53.24541052432422],[7.04328349551318,53.16400488467578],[7.15993884524463,53.16400106997852]]]]}},{"type":"Feature","properties":{"NAME":"Austria","ABBREVN":"Austria","SUBJECTO":"Austria","BORDERPRECISION":3,"PARTOF":"Austria"},"geometry":{"type":"MultiPolygon","coordinates":[[[[9.73670962771533,47.61606558413867],[9.77998069247363,47.56662329287891],[9.89199450930713,47.56352957339649],[9.93826964816211,47.50173147769336],[10.0258112283623,47.48011358828906],[10.02095321139453,47.40597113223438],[10.13797381838916,47.38865622134571],[10.10293773135303,47.30096014590625],[10.19950965365527,47.30096014590625],[10.40312579592822,47.45539053531055],[10.38832667788623,47.5789867267168],[10.49540523013232,47.56043585391406],[10.61320308169482,47.58516653628711],[10.83480647524951,47.54499395938281],[10.87661937197803,47.48011358828906],[10.90293887576221,47.41523703189258],[11.17034629305957,47.42449911685352],[11.34000781497119,47.47084005923633],[11.35983184298633,47.52954062075977],[11.50343230685352,47.53571661563281],[11.55956748446582,47.61297949405078],[12.12203219851611,47.62842901797656],[12.16327765902637,47.70879324527149],[12.35818103274463,47.72425421328906],[12.44609454592822,47.66242178531055],[12.70007899722217,47.69024618716602],[12.76539138278125,47.63769873233203],[12.74372676333545,47.56352957339649],[12.94202140292285,47.48320349307422],[12.97891715487598,47.50790747256641],[13.02299884280322,47.66242178531055],[12.99808028658984,47.73352392764453],[12.84752944430469,47.73971136660938],[12.93630603274463,47.87266119571094],[12.69418815096973,48.12943609805469],[12.85824969729541,48.23158224673633],[13.29362395724414,48.36471518130664],[13.36665347537158,48.44213827700977],[13.38414386233447,48.59393271060352],[13.44369414767383,48.60632666201953],[13.6400394769585,48.53815802188281],[13.94668296298145,48.65510138125781],[14.01180652102588,48.64891394229297],[14.17093757113574,48.59099920840625],[14.38850978335498,48.54647787661914],[14.6574840875542,48.61972387881641],[14.99314311465381,48.96778830142383],[15.6115160318291,48.81425055117969],[16.06963065585254,48.71219595523242],[16.66915420016406,48.79378470034961],[16.91433433016895,48.70365484805469],[16.9387865396416,48.66104467959766],[16.96289733370899,48.61903341861133],[16.91925147494434,48.3576846942461],[16.98896506747363,48.24063452334766],[17.13354979983707,48.13673018589743],[17.0789082,48.0782442],[17.04518607577441,47.86388357730274],[17.03687003573535,47.69880636783008],[16.72155478915332,47.67465551944141],[16.64744285067676,47.73503836245899],[16.50115683993457,47.73503836245899],[16.40086844882129,47.64647635074024],[16.60451987704395,47.6183048114336],[16.66547873934863,47.52977713199024],[16.59505752047656,47.43724783511524],[16.41080954989551,47.40908011050586],[16.39289763888477,47.24019201846485],[16.48449614962695,47.15577276797656],[16.41521743258594,47.02313955874805],[16.25957396945117,46.88880499453906],[15.94739440402149,46.81826742740039],[15.98457816561816,46.64159353824024],[15.58398536166309,46.69379385562305],[15.45003703555225,46.6054759845293],[15.06785872897266,46.64159353824024],[14.81286052188037,46.59343298526172],[14.52176955660938,46.36872824283008],[14.39294532260059,46.43692740054492],[14.14074573558689,46.43325753192397],[14.11742309054492,46.43291815371875],[14.03664878329395,46.48105963321094],[13.56889918765186,46.51042517276172],[13.35401347598193,46.56066092105274],[12.95189479312061,46.59745749087696],[12.36185458621143,46.70854147525196],[12.21780875643848,46.88431891055469],[12.07475379428027,46.92750509829883],[12.06432918032764,47.09104498477344],[11.67860129794238,46.98921164126758],[11.54325583895801,47.03549154849414],[11.34297088107227,46.98612936587696],[11.26084521731494,47.02315481753711],[11.09580043276904,46.97994955630664],[10.94784167727588,46.79487951846485],[10.67936423739551,46.8102985248125],[10.39569953402637,46.88741263003711],[10.40857413729785,46.96452673526172],[10.31184390505908,47.0169750079668],[10.05152038058398,46.86773642154102],[9.80417827090381,46.97686728091602],[9.80057338198779,47.04166372866992],[9.52076056918262,47.06943853946094],[9.56083110293506,47.15586050601367],[9.46461108645557,47.28552206607227],[9.58434775790332,47.40905722232227],[9.53932315928003,47.4872009429331],[9.56099747325565,47.50048807652424],[9.59837981703166,47.48729021481508],[9.64134529019897,47.50711126748055],[9.64783212793817,47.48811099412801],[9.66583009519732,47.49598965630363],[9.67807456319069,47.4888342097374],[9.69924602064978,47.50628272822371],[9.74280951502434,47.50464079781649],[9.75237132552228,47.51076644905111],[9.71241693950272,47.55061659600564],[9.68034453458573,47.54265822345445],[9.68024313750623,47.55630921377518],[9.66547071927504,47.55624011404333],[9.73670962771533,47.61606558413867]]]]}},{"type":"Feature","properties":{"NAME":"Norway","ABBREVN":"Norway","SUBJECTO":"Norway","BORDERPRECISION":3,"PARTOF":"Norway"},"geometry":{"type":"MultiPolygon","coordinates":[[[[21.9707804056084,79.7828555926836],[21.25263694247363,79.78903540225392],[20.34421065768359,79.7962833270586],[19.56167319735645,79.76781805606251],[19.21806434115527,79.74022253604298],[18.33059409579395,79.8823657855547],[18.69582656344531,80.08740576358204],[19.06761840304492,80.16498144717579],[19.39876655062793,80.36864813418751],[19.91539672335742,80.63342627139454],[20.52445701083301,80.32244452090626],[20.97366431674121,80.27496679873829],[21.47587111910938,80.31472357364063],[21.88118270358203,80.27680548282032],[22.19769957980274,80.12329443545704],[22.58739951571582,80.26860388369923],[22.82601455172656,80.47298773379688],[23.21638205966113,80.61079748721485],[23.07676413973926,80.24058874698048],[23.11540893038867,80.09633978457813],[23.49826148470996,80.09711798282032],[23.94424346408008,80.31975897403126],[24.42143538912891,80.4372745379961],[24.78286269625781,80.37966497989063],[25.03397658785938,80.16746862979298],[25.35129645785449,80.14890631289845],[26.25441077670215,80.19886358828907],[26.94861510714649,80.11370428653126],[27.19679549655078,79.9443546161211],[26.96863082369922,79.85386236758595],[26.06695846041797,79.57410009951954],[25.33668616732715,79.40301092715626],[24.85516074618457,79.37533911319142],[24.4163370462334,79.3121524676836],[23.8205175729668,79.14745672793751],[20.99829390963672,79.1910816058672],[20.98332503756641,79.36089666934376],[21.65486625155566,79.47809942813282],[21.9707804056084,79.7828555926836]]],[[[13.25221923312305,79.80073126407032],[13.28295711001514,79.48708685489063],[13.3967304559624,79.43371161075001],[14.15889171084522,79.36382635684376],[14.25808814486621,79.53364904971485],[14.31659034213184,79.72191961856251],[14.57469466647266,79.78525885196095],[14.81011203250049,79.80369146914845],[15.23718932589649,79.58918341250782],[15.77414325198291,79.24228247256642],[16.13317397555469,79.13635595889454],[16.38881209811328,79.23457678408985],[16.28915313204883,79.36790808291798],[16.08195785006641,79.52817877383595],[15.93503097018359,79.7429386004961],[15.91659835299609,79.84177740664845],[16.32628348788379,80.02513464541798],[16.77664664706348,79.9785571918047],[16.9953279825127,79.89783819766407],[17.57058051547168,79.88994177432423],[17.83405402621387,79.80945166201954],[17.79819396456836,79.62093695254688],[17.72217849215625,79.48664435000782],[17.76900580844043,79.4153018817461],[18.01598647555469,79.36228521914845],[18.3505468698418,79.51463659854298],[18.54873946627734,79.55971869082813],[18.84646323641895,79.38169439883595],[19.15158179720996,79.23094519229298],[19.50487426241992,79.16055639834767],[19.9318514200127,79.10815008731251],[20.68418792208789,78.91487463565235],[20.90809539279102,78.80939062686329],[20.32117560824512,78.68498571963673],[19.429148707,78.58662756533985],[19.11582282504199,78.45454748721485],[18.78677657565234,77.93978460879688],[18.3886156412041,77.541621767],[17.82944396456836,77.48894842715626],[17.48486045321582,77.2480655536211],[17.27989295443652,76.98295935244923],[17.26699927767871,76.81286200137501],[16.91295913180469,76.71886786075001],[16.66291144808887,76.72687109561329],[15.94610312899707,76.88682135196095],[15.09887603243945,77.11526831241017],[14.48457721194385,77.37091406436329],[14.77792457064746,77.53477057071095],[15.48205092867969,77.55328711123829],[16.2868090005791,77.6151538714922],[16.71155456027149,77.7886157855547],[16.41804793795703,77.90059240908985],[15.59807780703662,77.8383975848711],[14.89342215975879,77.78515204043751],[14.13102916201709,77.76640661807423],[13.90509036502002,77.99990423770313],[14.33651641329883,78.02679022403126],[14.95342162570117,78.12359198184376],[15.92088988741992,78.26488073916798],[16.61704734286426,78.46726568789845],[15.480342897979,78.64941748233204],[15.08390811404346,78.78065069766407],[14.8190298410332,78.71849402041798],[14.35282710513232,78.42791327090626],[13.87175658663867,78.29587896914845],[13.61843207797168,78.26922949405079],[13.06208613833545,78.34677466006642],[12.91010096987842,78.42518194766407],[12.43747333010791,78.59088476748829],[12.07456973513721,78.69565161319142],[11.76033023318408,78.88018377871876],[12.52483371218799,79.05856665225392],[12.15698817690967,79.3154483661211],[11.54516604861377,79.17202337832813],[11.33522513827441,79.20714148135548],[10.9194412561333,79.54516943545704],[11.28434089144824,79.70714148135548],[11.5165396066582,79.71653326602345],[12.00031188449024,79.77136572451954],[12.45769313296436,79.75425299258595],[12.71738246401904,79.78171118350392],[13.25221923312305,79.80073126407032]]],[[[11.17885497531055,59.07028921695117],[11.11205008944629,59.16510733218555],[10.8291902872002,59.1058421954668],[10.76893714388965,59.11769064517383],[10.65680602511523,59.22439535708789],[10.5492716165459,59.37863119693164],[10.63355735262988,59.44985159488086],[10.56974223574756,59.58050497622852],[10.40705779513477,59.49734839053516],[10.37862590273975,59.36674841494922],[10.42958835085986,59.25997122378711],[10.3633413644707,59.21253546328906],[10.21106532534717,59.07028921695117],[10.17233565768359,58.98736532779102],[9.9376240106499,58.94000204654102],[9.69757941683887,58.99921759219531],[9.34620002230762,58.84530981631641],[9.37162021121143,58.78614767642383],[9.14589408358691,58.65606649966602],[8.92173484286426,58.53789099307422],[8.17524054965137,58.17204626651172],[8.15374759158252,58.08954580874805],[8.03019622286914,58.06597860904102],[7.90843108615039,58.06597860904102],[6.95864108523486,57.97173651309375],[6.87418130358813,58.0777545795],[6.72566083392261,58.13668783755664],[6.64365533312915,58.04241140933399],[6.47911647280811,58.08954580874805],[6.65170958956836,58.17204626651172],[6.23133233508228,58.27817877383594],[5.87384036502002,58.43159826846485],[5.61548427065967,58.45521505923633],[5.39973500689624,58.71517523379688],[5.53099921664355,58.88080938907031],[5.47464755496143,58.97552832217578],[5.62748816928027,58.96367987246875],[5.66579440554736,58.82164724917774],[5.7936621042168,58.91632422061328],[6.09355357607959,58.79797705264453],[5.98371079882739,58.88672216983203],[6.04115584811328,58.95184286685352],[6.26614526232837,58.99328573794727],[6.05054810961841,58.98144491763477],[5.94040063342212,58.9340778216875],[5.82230237444995,59.01698263736133],[5.77185729464648,59.07621725650196],[6.03257850131152,59.20066794009571],[6.23752644976734,59.28369482608203],[6.02030375918506,59.2540355548418],[5.8774957986748,59.313350282625],[6.07625058611987,59.42016562075977],[6.11343053301929,59.52704580874805],[5.81590894183276,59.313350282625],[5.79950192889331,59.43203695865039],[5.68046859225391,59.50923117251758],[5.68291381320117,59.41422995181446],[5.71714929064868,59.33707388491992],[5.52852157076953,59.26589926333789],[5.34384396990894,59.26589926333789],[5.35033181628345,59.39049109073047],[5.282588991729,59.27183111758594],[5.17664864977954,59.30741461367969],[5.08660415133594,59.50923117251758],[5.38262895068286,59.71127279849414],[5.41855767687915,59.51516684146289],[5.4493074747002,59.65776403994922],[5.64616826495288,59.58645208926563],[5.74112323245166,59.62804373355274],[5.66655257662891,59.67559774966602],[5.96990159472583,59.71127279849414],[6.18538955172656,59.82426031680469],[5.91049626788257,59.75289496035938],[5.69404748400806,59.75289496035938],[5.54333785494922,59.82426031680469],[5.63173440417407,59.88376577945117],[5.80576327761768,59.94925268741016],[5.89406445941089,60.1612621173418],[5.52461961230395,60.16752585025196],[5.27905229052661,60.12533529849414],[5.09623053988574,60.26413305850391],[5.26177600344775,60.32713278384571],[5.55114224871753,60.50888784976367],[5.45583156069873,60.59240683169727],[5.25522664507983,60.56414373965625],[5.07547238787769,60.5916934833086],[4.98037532290576,60.68924292178516],[5.10852673968433,60.90610846133594],[5.38704780062793,61.02558477969531],[5.11961272677539,61.13709982486133],[5.01831344088672,61.30513723941211],[5.14095262011645,61.38955648990039],[5.10114625414966,61.69858893008594],[5.14898351153491,61.74088247866992],[5.41603091677783,61.7695384845293],[5.59242013415454,61.78969534488086],[5.79708817919849,61.76991232486133],[5.83390000781177,61.81940802188281],[5.71946767291187,61.87954672427539],[5.52818444689868,61.93255194278125],[5.42568639239429,62.00926169009571],[5.46967080554126,62.09369619937305],[5.56459382495044,62.15030249209766],[5.82363131960986,62.17901953311328],[6.05348924121021,62.33480032534961],[6.30839065035938,62.28582724185352],[6.53251365145801,62.33569677920703],[6.61295894106982,62.58333548159961],[6.98868277987598,62.54157217593555],[7.28925708254932,62.48556479068164],[7.54673770388721,62.59925421328906],[7.10156348666309,62.70464285464649],[6.98186019381641,62.84614142032031],[7.0881800981438,62.91019781680469],[7.60648826083301,62.90405615420703],[7.98916152438281,62.94026907534961],[8.23129371127246,62.84140738101367],[8.25796607455371,63.0543170795],[8.47228911837695,63.17551764102344],[8.60590365847705,63.32509573550586],[8.95719722231982,63.40404089541797],[9.15422156771777,63.31901892276172],[9.21606734713672,63.28356131167774],[9.44089797457813,63.49752386660938],[9.83210566958545,63.68362005801563],[9.87005809268115,63.87643393130664],[10.06615928134082,64.05550726504688],[10.73984626254199,64.38617285342579],[10.89059642275928,64.47251471133595],[10.99661830386279,64.49424322696095],[11.21350005587695,64.41573675723438],[11.36405566653369,64.41601904483204],[11.50772193392871,64.51671942325001],[11.40653613528369,64.61703833194142],[11.46994117220996,64.67464026065235],[11.6897278161919,64.7756534442461],[11.89556697329639,64.91273077578907],[12.11214164218066,65.12991674991017],[12.22221187075732,65.10114630313282],[12.52645305117725,65.10895117373829],[12.49617007693408,65.38447149844532],[12.28408721408008,65.43488653750782],[12.47921851595996,65.61703070254688],[12.70905784091113,65.90887793155079],[13.08738902529834,65.8804126605547],[13.10879901370166,66.03374060244923],[13.15190700015186,66.1361270770586],[13.5810098977959,66.18811377139454],[13.40280154666065,66.34881933780079],[13.255395922271,66.39254339785938],[13.16864779910205,66.45833929629688],[13.24207690676807,66.56853064151173],[13.38319304904102,66.67895086856251],[13.59202674349902,66.65732153506642],[13.99164679965137,66.68745764346485],[13.74718955477832,66.9224048480547],[13.85906699618457,66.95944555850392],[14.05473903140186,66.97455938907032],[14.37307837924121,67.09309729190235],[14.63926890811084,67.12311132998829],[14.77766040286182,67.21653326602345],[14.61647323092578,67.24526556582813],[14.56920817813037,67.32934149356251],[14.69914725741504,67.37438543887501],[14.9761572214043,67.52293737979298],[15.22666266879199,67.50855597110157],[15.38450339755176,67.46444281192188],[15.57994368991016,67.58331640811329],[15.74566749056934,67.59729345889454],[15.76181796511768,67.6762882098711],[15.57223514041065,67.8206973895586],[15.8542147012627,67.92523535342579],[15.91974166354297,68.0489688739336],[16.07105735262988,68.04467352481251],[16.23272803744434,67.91109045596485],[16.41161445101856,67.87424810977345],[16.64854720553516,68.04574926944142],[16.52190307101367,68.34090002627735],[16.71914008578418,68.31135901065235],[17.0332746835625,68.33763464541798],[17.1264200540459,68.41608007998829],[16.85475638827441,68.5577808246172],[17.03973487338184,68.65852697940235],[17.40691474398731,68.77154120059376],[17.44891456088184,68.88699682803517],[17.56586364230274,68.97436865420704],[17.8947134347832,69.0350757464922],[17.92814734896777,69.00507696719532],[18.05154517611621,69.02785833926563],[18.09735396823047,69.0580020770586],[18.3190527292168,69.35937841983204],[18.55324080905078,69.24687536807423],[18.98484519442676,69.31544073672657],[19.17015555819629,69.25552710147267],[19.28917220553516,69.2105899676836],[19.57997992953418,69.18105658145313],[19.82121375521777,69.36973150821095],[20.15765098055957,69.74782904239063],[20.28637603243945,69.7859073504961],[20.35831740817188,69.71038397403126],[20.2781648965752,69.58179052920704],[20.19650367220996,69.31769140811329],[20.55268577059863,69.52190741153126],[20.73393920382617,69.77918585391407],[21.1027269693291,69.81769140811329],[21.41196349581836,70.01541479678517],[21.60856154879688,69.9625430926836],[21.90807250460742,69.80404242129688],[22.16331008395313,70.09311255069142],[22.30644896945117,70.2156177386797],[22.74557403048633,70.17060431094532],[23.20360663851856,69.94277533145313],[23.29246810397266,70.01129492373829],[23.50840857943653,70.2790714129961],[23.82728866061328,70.47883947940235],[23.95485404452442,70.50205572696095],[24.20771506747363,70.47186621280079],[24.35961440524219,70.61029394717579],[24.57050803622363,70.74138220401173],[24.84903815707324,70.82660254092579],[25.38903144320606,70.90462835879688],[25.83205512484668,70.89776190371876],[25.23069289645313,70.55818518252735],[25.12242415866016,70.43524511905079],[25.07408050021289,70.14438208194142],[25.26302436312793,70.10654791446095],[25.5740404458916,70.36713751407032],[26.26271727999805,70.79074438662892],[26.6065168710625,70.91462286563282],[26.61910537203906,70.79908331485157],[26.61742309054492,70.39204748721485],[26.93435004672168,70.46928747744923],[27.13108161410449,70.57707556338673],[27.51601127108692,70.97030981631642],[27.94754317721485,71.01741369815235],[28.21115973910449,71.01790960879688],[28.30841353854297,70.9486499652422],[28.13643935641406,70.83272894473438],[27.98529151400684,70.71700628848438],[28.01892951449512,70.60945471377735],[27.87539962252735,70.42505987735157],[28.28972533663867,70.3722110614336],[28.38890746554492,70.57175024600392],[28.79481223544238,70.86477240176563],[28.98433783969043,70.85741003604298],[29.74123099764942,70.60498388858204],[30.04143813571094,70.54413946719532],[30.46196082553028,70.5372501239336],[30.75420287570117,70.43041571231251],[30.79884055575488,70.30796393008595],[30.25187972506641,70.1311450824297],[29.73489669283985,70.11489447207813],[28.73008063754199,70.13592871280079],[28.8170938821709,70.0979190692461],[29.08001998385547,69.96123083682423],[29.55593207797168,69.83340033145313],[29.72857573947071,69.69756659121876],[30.05580619296192,69.72085913272267],[30.3612947793877,69.76681097598438],[30.73535827120899,69.7523609027422],[31.0537824960625,69.63959082217579],[30.87169936617969,69.51008947940235],[30.64079955538867,69.41849096866017],[30.26993659457324,69.40906866641407],[29.92359832247852,69.35460241885548],[29.46278098544238,69.13418921084767],[29.00741675814746,68.8318286761797],[28.69715407809375,68.69552954287892],[28.69640258273242,68.7852969989336],[28.73972419222949,68.95038946719532],[29.13300231417774,69.36561163516407],[29.11325171908496,69.48603399844532],[28.7169847818291,69.64241369815235],[28.4148779245293,69.69372900576954],[27.90868094882129,69.88766821475392],[27.65853980502246,69.88641699405079],[27.40887168368457,69.85489233584767],[26.50725081881641,69.81245001407032],[26.11767486056446,69.64424475283985],[25.86254409274219,69.4543872699297],[25.74562934359668,69.25801428408985],[25.70994857272266,69.03241308780079],[25.62536910494922,68.80706366153126],[25.06282905062793,68.59468420596485],[24.80069259127735,68.42901190371876],[24.66168883761524,68.49548681826954],[24.08184340914844,68.71680792422657],[23.33618071993946,68.6157642230547],[22.70115188082813,68.63494452090626],[22.45976165255664,68.69354590030079],[22.07227996310352,68.96130713076954],[21.62505439242481,69.23698767276173],[21.40580848178027,69.27349432559376],[21.24604705294727,69.22751959414845],[20.79064467867969,68.9322696551836],[20.73944381198047,68.96099432559376],[20.55490592440723,68.97506292910938],[20.16557410678027,68.95807226748829],[20.03898337802051,68.47830542178517],[19.96514419039844,68.27646216006642],[19.84265807589649,68.16405829043751],[19.69718459567188,68.17078741641407],[19.3960790964043,68.22884710879688],[18.9587068887627,68.29369696231251],[18.17948821505664,68.4687915668047],[18.10413649996875,68.3862720355547],[18.0941934915459,68.08813055606251],[18.05703452548145,67.99866064639454],[17.91359046420215,67.86416205020313],[17.60094741305469,67.8625675067461],[17.2086782785332,67.90511664004688],[17.08299735507129,67.91189917178517],[16.87392142733691,67.83655890078907],[16.20604613741992,67.30725439639454],[16.22828963717578,67.21133001895313],[16.30508521517871,66.98315771670704],[16.2205305429375,66.82812079043751],[15.94353774508594,66.67235144229298],[15.34743216952441,66.25873907657032],[15.03837111910938,66.05977209658985],[14.59674266299365,66.05018194766407],[14.54204562625049,65.94041021914845],[14.51529506167529,65.50339087100392],[14.3713980050957,65.23411139102345],[14.19894221743701,65.02322729678517],[13.94037250002979,64.79864843936329],[13.71793654879688,64.55330237002735],[13.87022880038379,64.49667700381642],[14.0415754648125,64.37565954776173],[14.15496161898731,64.11128576846485],[14.0783710809624,64.03222998233204],[13.8801927896416,63.95259054751758],[13.55051711520313,63.93661459536914],[13.13098624667285,63.94873388858203],[12.85312274417041,63.89729651065235],[12.57707026919482,63.78164633365039],[12.29916194399951,63.56624182315235],[12.12415030917285,63.34461554141406],[12.08959487399219,63.04595144839649],[11.93265250643848,62.5539737567461],[12.22559836825488,62.22569998355274],[12.07455829104541,61.69845923037891],[12.33658507784961,61.52314337344531],[12.65803912600635,61.43953283877735],[12.79173663577197,61.32994803042774],[12.59738162478565,61.02862127871875],[12.1740389200127,60.95640524478321],[12.43103030642627,60.62584646792774],[12.54795840701221,60.43387182803516],[12.43586066683887,60.27809866519336],[12.42277244052051,60.03877981753711],[12.07702544650195,59.86592444033985],[11.89061168154834,59.85996206851367],[11.83787921389697,59.66964682193164],[11.61030772647022,59.56862982364063],[11.70885375460742,59.19492682071094],[11.56327060183643,58.8630557879961],[11.37864783724902,58.85714300723438],[11.31076243838428,59.01105459781055],[11.17885497531055,59.07028921695117]]]]}},{"type":"Feature","properties":{"NAME":"Finland","ABBREVN":"Finland","SUBJECTO":"Finland","BORDERPRECISION":3,"PARTOF":"Finland"},"geometry":{"type":"MultiPolygon","coordinates":[[[[28.69715407809375,68.69552954287892],[28.68595221957324,68.56834753604298],[28.57012084445117,68.35876043887501],[28.62222007235645,68.12066992373829],[28.87572959384082,68.0252872333086],[29.26812842806934,67.9381519183672],[29.70182326754688,67.71039160342579],[29.94611457308887,67.53390844912892],[29.75697616061328,67.37029608340626],[29.1708708139336,67.02063330264454],[29.02291396578906,66.88741644473438],[29.65425971469043,66.26003607364063],[30.00172904452442,65.72212561221485],[29.91344932040332,65.56172522158985],[29.71532157382129,65.32123907657032],[29.63115790804981,65.13976629825001],[29.61822226962207,64.97341497989063],[29.78441718539356,64.7442813739336],[30.36345008334278,64.11682470889454],[30.43152335604785,64.00285681338673],[30.40582564791797,63.88850363345508],[30.1622038217461,63.70183523745899],[30.01492980441211,63.61557730288867],[30.21264174899219,63.46712454409961],[30.82362464388965,63.24279745669727],[31.13995078524707,63.12374075503711],[31.33592704257129,62.94743307681446],[31.40830138644336,62.79196508975391],[31.36091903170703,62.60777624698047],[31.16754249056934,62.36660345645313],[30.90184691866992,62.12546881289844],[30.27862647494434,61.78445013614063],[29.38611319979785,61.24664267154102],[28.51003936251758,60.73181112857227],[28.43177512606738,60.60346945376758],[28.01143744906543,60.51073034854297],[27.47361854037403,60.42607840152149],[27.40622046908496,60.34481772036914],[27.17848113497852,60.44239386172656],[26.94557097872852,60.37631186099414],[26.92230895480274,60.31612356753711],[26.61307624301074,60.34783133120899],[26.52587607821582,60.39646872134571],[26.55163863619922,60.5706973895586],[26.44283584078906,60.33334311099414],[26.32271293124317,60.27024038882617],[26.03774550875781,60.24929770083789],[25.89010146578906,60.2358356341875],[25.84553245028613,60.11548193545703],[25.58054450472949,60.2623363360918],[25.4498949380791,60.13839682193164],[25.14579108676074,60.1097484454668],[24.99298003634571,60.02957113833789],[24.96947005709766,60.08683355899219],[24.74298003634571,60.03823050113086],[24.5159578653252,59.9894977435625],[24.42105010470508,59.86975058169727],[24.28135779818653,59.93814810366992],[23.9789476724541,59.88114889712696],[23.96111396273731,59.93245276065235],[23.66465667208789,59.83555182071094],[23.41885474642871,59.82984884829883],[23.20144179782031,59.81845816226367],[22.98212531527637,59.93245276065235],[22.88200095614551,60.05556448550586],[23.00520041903613,60.2087589129961],[22.62461570223926,60.20110281558399],[22.39206603488086,60.12120016665821],[22.42146781405566,60.29318579287891],[22.22065452059863,60.25876959414844],[21.93095305880664,60.38077124209766],[21.74680808505176,60.40827139468555],[21.56015113314746,60.51248510928516],[21.44317725619434,60.69364889712696],[21.42725661715625,61.01509817691211],[21.49830726107715,61.18327292056446],[21.52078917941211,61.37956961245899],[21.56100562533496,61.48492010684375],[21.4052172037041,61.70243414492969],[21.21119979342578,61.87091406436328],[21.34644034823535,62.1671329364336],[21.33755591830371,62.34360464663867],[21.2001390787041,62.43518408389453],[21.03372863253711,62.47729834170703],[21.06180671176074,62.61173590274219],[21.19480613192676,62.76068457217578],[21.4812841745293,62.8888126239336],[21.54596618136524,62.97405966372852],[21.49465659579395,63.12303122134571],[21.66647819003223,63.18730505557422],[21.95132354220508,63.13101538272266],[22.07504371127246,63.10282095523242],[22.29235747775195,63.20269354434375],[22.42877486666797,63.39496573062305],[22.47583106478809,63.60161551089649],[22.56901839694141,63.72301443667774],[22.70422271212696,63.58064230533008],[22.82553008517383,63.58087881656055],[23.58028510531543,64.08205755801563],[24.09403518160938,64.37656744571095],[24.47009376010059,64.63552435489063],[24.93191626986621,64.81603582950001],[25.32508948763965,64.80239447207813],[25.35190490206836,64.93909796328907],[25.29341414889453,65.00389441104298],[25.13255980929492,65.0759464129961],[25.18612578829883,65.24265631289845],[25.25150779208301,65.4168887958086],[25.10361197909473,65.54012640567188],[24.59113982638477,65.5827823504961],[24.21480086764453,65.7859073504961],[23.94773200472949,65.79668005557423],[23.89674476107715,65.90195044131642],[23.74945357760547,66.03977545352345],[23.65611365756153,66.28044470401173],[23.88122657260059,66.64063604922657],[23.86817267855762,66.81687506289845],[23.68566993197559,67.12514837832813],[23.45788482150196,67.41192968936329],[23.45974067172168,67.64877661319142],[23.48765281161426,67.83432348819142],[23.14123824557422,68.08520086856251],[22.91273215731738,68.18824347110157],[22.20074752291797,68.28145941348438],[21.71247580966113,68.41321142764454],[21.13332847079395,68.70923956485157],[20.85639670809863,68.91759832950001],[20.79064467867969,68.9322696551836],[21.24604705294727,69.22751959414845],[21.40580848178027,69.27349432559376],[21.62505439242481,69.23698767276173],[22.07227996310352,68.96130713076954],[22.45976165255664,68.69354590030079],[22.70115188082813,68.63494452090626],[23.33618071993946,68.6157642230547],[24.08184340914844,68.71680792422657],[24.66168883761524,68.49548681826954],[24.80069259127735,68.42901190371876],[25.06282905062793,68.59468420596485],[25.62536910494922,68.80706366153126],[25.70994857272266,69.03241308780079],[25.74562934359668,69.25801428408985],[25.86254409274219,69.4543872699297],[26.11767486056446,69.64424475283985],[26.50725081881641,69.81245001407032],[27.40887168368457,69.85489233584767],[27.65853980502246,69.88641699405079],[27.90868094882129,69.88766821475392],[28.4148779245293,69.69372900576954],[28.7169847818291,69.64241369815235],[29.11325171908496,69.48603399844532],[29.13300231417774,69.36561163516407],[28.73972419222949,68.95038946719532],[28.69640258273242,68.7852969989336],[28.69715407809375,68.69552954287892]]]]}},{"type":"Feature","properties":{"NAME":"Sweden","ABBREVN":"Sweden","SUBJECTO":"Sweden","BORDERPRECISION":3,"PARTOF":"Sweden"},"geometry":{"type":"MultiPolygon","coordinates":[[[[23.8440828653252,65.79847296328907],[23.40568831881641,65.72483404727345],[23.20402053317188,65.68075140567188],[22.7981615396416,65.85482367129688],[22.64555457553028,65.93478735537892],[22.48980239352344,65.883418642],[22.20156959017871,65.71528967471485],[21.95748237094043,65.44573553653126],[21.81872657260059,65.38013800235157],[21.52232840975879,65.37231024356251],[21.27734664401172,65.21227606387501],[21.42371276339649,65.10388525576954],[21.48944953402637,65.01716192813282],[21.32944205721973,64.89435156436329],[20.92119315585254,64.71382483096485],[21.06432250460742,64.59199865908985],[21.23704627474902,64.52054174991017],[21.38582900485156,64.38455542178517],[21.04889586886524,64.21916540713673],[20.86648086032031,64.02561529727345],[20.70065978488086,63.81812628360156],[19.98488524874805,63.51726873965625],[19.67027572116016,63.38854178042774],[19.46501258334277,63.48070486636524],[19.31822493991016,63.44482763858203],[19.07592681368945,63.20249899478321],[18.78499129733203,63.13801153750781],[18.48662475070117,62.98124273867969],[18.38894942721484,62.85337408633594],[18.30319121798633,62.789424501375],[17.96744063815234,62.77462347598438],[17.86816886386035,62.78861960025196],[17.93625548800586,62.54800375552539],[17.71811202487109,62.35673483462696],[17.29024032076953,62.44072302432422],[17.38736251315234,62.20076712222461],[17.49677184542774,62.08810003848438],[17.38697341403125,61.65843542666797],[17.16264251193164,61.62990530581836],[17.06517699679492,61.53837927432422],[17.15018943270801,61.19770773501758],[17.14620879611133,60.95282705874805],[17.31762793978809,60.7530704364336],[17.18849852999805,60.67429312320117],[17.60496428927539,60.63753851504688],[17.70645621737598,60.55358084292774],[17.93074897250293,60.59030874820117],[18.22438720187305,60.32296713443164],[18.41686538180469,60.18162497134571],[18.80408576449512,60.10839804263477],[18.89307120761035,59.92568930240039],[19.03732398470996,59.86324270816211],[19.04355147799609,59.71242483706836],[18.86789229830859,59.71242483706836],[18.63925078829883,59.56692846866016],[18.25142196139453,59.43193777652149],[18.03008368929981,59.35928305240039],[17.79528335055469,59.36447485537891],[17.72995284518359,59.41636236758594],[17.36798385104297,59.46826513858203],[17.07059768160938,59.5461498126543],[16.78553870638965,59.57731588931446],[16.72408965548633,59.53057058902149],[16.52320769747852,59.5825153216875],[16.40757659396289,59.44749792666797],[16.77647498568652,59.4786563739336],[16.99983504733203,59.35928305240039],[17.26577857455371,59.33853491397266],[17.35812285861133,59.24517782779102],[17.57492164095996,59.21407278628711],[17.58441260775684,59.2711139545],[17.86173156222461,59.23999365420703],[17.97763541659473,59.32815130801563],[18.11137870272754,59.32297476382617],[18.32816985568164,59.36966665835742],[18.42956069430469,59.33334692569141],[18.44137099703906,59.40079077334766],[18.5154695840752,59.40079077334766],[18.61132720431445,59.33334692569141],[18.59819510897754,59.29704245181446],[18.27337172946094,59.28666647525196],[18.37196067294238,59.15706976504688],[18.01566794833301,59.03791006656055],[17.94013694247363,58.90848883242969],[17.76646522006152,58.87226828189258],[17.72642234286426,58.91366156192188],[17.7452001901543,58.98612936587696],[17.73910811862109,59.11042364688281],[17.62318137606738,59.10007055850391],[17.58218863925098,58.89296682925586],[17.35667518099902,58.74296911807422],[17.24538901766895,58.71711691470508],[17.08299926241992,58.74813421817188],[17.08073142489551,58.64992865176563],[16.44286635836719,58.63442190738086],[16.51319411715625,58.42811544986133],[16.74404433688281,58.31195028872852],[16.77354529818652,58.03790243716602],[16.72458556613086,57.88932379336719],[16.59776404818652,57.86645468325977],[16.45953086337207,57.89520605655078],[16.47653106173633,57.70212896914844],[16.60720542391895,57.66581305117969],[16.55047896823047,57.54515036197071],[16.65867904147266,57.44295080752735],[16.49415877780078,57.27892263980274],[16.39452460726856,57.07430227847461],[16.37617400607227,56.82242163272266],[16.03144553622363,56.35307272525196],[15.77054122408984,56.0332103595293],[15.69622901400684,56.06096228213672],[15.49704078158496,56.1672435626543],[15.22080138644336,56.08036383242969],[14.65289309939502,56.12061651797656],[14.60523036440967,55.98078497500781],[14.49182799777149,56.01803930850391],[14.25892547091602,55.89928015323047],[14.12602141818164,55.66658362002735],[14.28635028323291,55.51549490542774],[14.1171951623833,55.34711416812305],[13.90111163577197,55.40515478701953],[13.82329944094775,55.42181738467578],[13.30185130557178,55.30069693179492],[12.80237201174854,55.3529125079668],[12.80191997012256,55.4167667254961],[12.88755515536426,55.45160635562305],[12.85931399783252,55.53291662783985],[12.98586562594531,55.66658362002735],[12.69901469668506,55.90509756656055],[12.59824608191926,56.02207396690622],[12.605972,56.02950875000006],[12.5813745624441,56.04165912862698],[12.51335719546436,56.12061651797656],[12.41441348513721,56.24304159732227],[12.65237906893848,56.29553183169727],[12.61543563326953,56.43560751529102],[12.80480674227832,56.40119894595508],[12.87157538851856,56.51151617617969],[12.78585914095996,56.61668356509571],[12.65748122653125,56.61083944888477],[12.52603248080371,56.78039511294727],[12.28862098178027,56.87985571475391],[12.00514224490283,57.32520636172656],[11.87662223300098,57.32520636172656],[11.88111403903125,57.50896414370899],[11.76608470400928,57.67267950625781],[11.60983851870654,57.80694540591602],[11.70914462527393,58.02473791690235],[11.80188659152149,58.17793997378711],[11.61386016329883,58.24734839053516],[11.43109420260547,58.20152624698047],[11.40670970400928,58.33127173037891],[11.22135833224414,58.30832251162891],[11.14039138278125,58.85121878238086],[11.03924277743457,58.9103961810625],[11.17885497531055,59.07028921695117],[11.31076243838428,59.01105459781055],[11.37864783724902,58.85714300723438],[11.56327060183643,58.8630557879961],[11.70885375460742,59.19492682071094],[11.61030772647022,59.56862982364063],[11.83787921389697,59.66964682193164],[11.89061168154834,59.85996206851367],[12.07702544650195,59.86592444033985],[12.42277244052051,60.03877981753711],[12.43586066683887,60.27809866519336],[12.54795840701221,60.43387182803516],[12.43103030642627,60.62584646792774],[12.1740389200127,60.95640524478321],[12.59738162478565,61.02862127871875],[12.79173663577197,61.32994803042774],[12.65803912600635,61.43953283877735],[12.33658507784961,61.52314337344531],[12.07455829104541,61.69845923037891],[12.22559836825488,62.22569998355274],[11.93265250643848,62.5539737567461],[12.08959487399219,63.04595144839649],[12.12415030917285,63.34461554141406],[12.29916194399951,63.56624182315235],[12.57707026919482,63.78164633365039],[12.85312274417041,63.89729651065235],[13.13098624667285,63.94873388858203],[13.55051711520313,63.93661459536914],[13.8801927896416,63.95259054751758],[14.0783710809624,64.03222998233204],[14.15496161898731,64.11128576846485],[14.0415754648125,64.37565954776173],[13.87022880038379,64.49667700381642],[13.71793654879688,64.55330237002735],[13.94037250002979,64.79864843936329],[14.19894221743701,65.02322729678517],[14.3713980050957,65.23411139102345],[14.51529506167529,65.50339087100392],[14.54204562625049,65.94041021914845],[14.59674266299365,66.05018194766407],[15.03837111910938,66.05977209658985],[15.34743216952441,66.25873907657032],[15.94353774508594,66.67235144229298],[16.2205305429375,66.82812079043751],[16.30508521517871,66.98315771670704],[16.22828963717578,67.21133001895313],[16.20604613741992,67.30725439639454],[16.87392142733691,67.83655890078907],[17.08299735507129,67.91189917178517],[17.2086782785332,67.90511664004688],[17.60094741305469,67.8625675067461],[17.91359046420215,67.86416205020313],[18.05703452548145,67.99866064639454],[18.0941934915459,68.08813055606251],[18.10413649996875,68.3862720355547],[18.17948821505664,68.4687915668047],[18.9587068887627,68.29369696231251],[19.3960790964043,68.22884710879688],[19.69718459567188,68.17078741641407],[19.84265807589649,68.16405829043751],[19.96514419039844,68.27646216006642],[20.03898337802051,68.47830542178517],[20.16557410678027,68.95807226748829],[20.55490592440723,68.97506292910938],[20.73944381198047,68.96099432559376],[20.79064467867969,68.9322696551836],[20.85639670809863,68.91759832950001],[21.13332847079395,68.70923956485157],[21.71247580966113,68.41321142764454],[22.20074752291797,68.28145941348438],[22.91273215731738,68.18824347110157],[23.14123824557422,68.08520086856251],[23.48765281161426,67.83432348819142],[23.45974067172168,67.64877661319142],[23.45788482150196,67.41192968936329],[23.68566993197559,67.12514837832813],[23.86817267855762,66.81687506289845],[23.88122657260059,66.64063604922657],[23.65611365756153,66.28044470401173],[23.74945357760547,66.03977545352345],[23.89674476107715,65.90195044131642],[23.94773200472949,65.79668005557423],[23.8440828653252,65.79847296328907]]]]}},{"type":"Feature","properties":{"NAME":"Yugoslavia","ABBREVN":"Yugoslavia","SUBJECTO":"Yugoslavia","BORDERPRECISION":3,"PARTOF":"Yugoslavia"},"geometry":{"type":"MultiPolygon","coordinates":[[[[14.52419024141788,45.26641617040649],[14.60423414647198,45.64636420039528],[14.26116763167963,45.95438808935758],[14.14074573558689,46.43325753192397],[14.39294532260059,46.43692740054492],[14.52176955660938,46.36872824283008],[14.81286052188037,46.59343298526172],[15.06785872897266,46.64159353824024],[15.45003703555225,46.6054759845293],[15.58398536166309,46.69379385562305],[15.98457816561816,46.64159353824024],[15.94739440402149,46.81826742740039],[16.25957396945117,46.88880499453906],[16.39636710604785,46.62312277408008],[16.56008628329395,46.47294195742969],[16.65675071200488,46.38426931949024],[17.29240134677051,46.10867651553516],[17.79440787753223,45.80665167422656],[18.05581382235645,45.76269873233203],[18.35612586459277,45.78375967593555],[18.55100158175586,45.79777868838672],[18.81605628451465,45.88911779971485],[19.50673201998828,46.12713202090625],[19.90641501864551,46.16173132510547],[20.31473449191211,46.13150747866992],[20.33922294100879,45.99261053653125],[20.5950479837334,45.912471376375],[20.68108848055957,45.80564840884571],[20.7720499368584,45.78963049502735],[20.73825934847949,45.62946661563281],[20.78453353366016,45.57608755679492],[20.75868705233691,45.53645666690235],[21.07910636386035,45.32453497500781],[21.32853606661914,45.26117666812305],[21.4660311075127,45.2080150470293],[21.49739364108203,45.14403494449024],[21.41177276095508,45.08694418521289],[21.35578063449024,45.02144201846485],[21.4382925363457,44.99479254336719],[21.54576781710742,44.95756109805469],[21.42414191683887,44.92547186465625],[21.34424880465625,44.88314779849415],[21.36748794039844,44.80874975772266],[21.47765258273242,44.79280050845508],[21.58331397494434,44.79280050845508],[21.59185126742481,44.7077823504961],[21.85890296420215,44.68122061343555],[21.94650939425586,44.61877783389454],[22.13289741000293,44.51123388858204],[22.19940856417774,44.56434591861133],[22.29590133151172,44.69185217471485],[22.40952590426563,44.75029715152149],[22.69110206088184,44.63871725650196],[22.74236587008594,44.58028372378711],[22.58481505831836,44.58559759707813],[22.44056609591602,44.49529989810352],[22.50596145114063,44.34659918399219],[22.69400123080371,44.2630916461504],[22.54653838595508,44.10767706485157],[22.37391379794238,43.93929251284961],[22.29335502108691,43.80363424868946],[22.31809142550586,43.68145712466602],[22.91516402682422,43.17640265078907],[22.92782119235156,43.0864330157793],[22.79225257357715,42.95067175479297],[22.44946578463672,42.80094107241993],[22.33839515170215,42.66535147281055],[22.33493140658496,42.43402823062305],[22.32924178561328,42.34032019229297],[22.32635024508594,42.29267462344532],[22.38622191866992,42.19666632266407],[22.68617919406055,42.0634723529375],[22.84722999056934,41.89104422183399],[22.94849303683399,41.67981299014454],[22.94603827914356,41.45527227969532],[22.89908889254688,41.3203426227129],[22.9202432962334,41.23068960757618],[22.69236663302539,41.15891989322071],[22.45258429965137,41.04862173648243],[22.1729402872002,41.07271536441211],[22.01024535616992,41.09105261416797],[21.84570029696582,41.01964148135547],[21.66838744601367,40.82640799136524],[21.39526084384082,40.76083334536915],[21.03163817843555,40.72679098697071],[20.7069750162041,41.00056418033008],[20.57282165011524,41.301143251375],[20.53956321200488,41.58959158511524],[20.59892180880664,41.78242071719532],[20.58296683749316,41.88071402163868],[20.57498076876758,41.92991217227344],[20.24518493136524,42.31980093570118],[20.07299712618945,42.48589285464649],[20.04705337008594,42.48752173037891],[19.88456061801074,42.4977107867754],[19.55769828280566,42.54732855410938],[19.43461898287891,42.42457159610157],[19.30881408175586,42.19264944644336],[19.36866095980762,42.00034292788868],[19.36771300753711,41.84637030215625],[19.33846572360156,41.86202200503711],[19.14303687533496,41.93209036441211],[19.13554480990527,41.9995418414629],[18.90989974459766,42.2177921161211],[18.52864364108203,42.35274466128711],[18.51358893832324,42.36214026065235],[18.24871161898731,42.52743872256641],[18.00136855563281,42.69445761294727],[17.64638045748828,42.86460074038868],[17.59567931613086,42.88890036197071],[17.54798034152149,42.92011984439258],[17.07508758029102,43.22274740786915],[16.99226287325977,43.32271536441211],[16.63981345614551,43.38973578067188],[16.54851058444141,43.46131476016407],[16.36674788912891,43.51302298159961],[16.05940726718066,43.4334789142168],[15.91283515414356,43.65224798770313],[15.41231826266406,43.93475683780079],[15.14946845492481,44.23992880435352],[15.27440551241992,44.23661383242969],[15.54822257479785,44.22934683413868],[15.28594401797412,44.32891806216602],[14.98910621127246,44.54002722354297],[14.90696147402881,44.72332342715625],[14.94553283175586,44.92658957095508],[14.81539157351611,45.07786902041797],[14.62442769966059,45.27459544733715],[14.52458575686572,45.26628454776172],[14.52419024141788,45.26641617040649]]]]}},{"type":"Feature","properties":{"NAME":"Bulgaria","ABBREVN":"Bulgaria","SUBJECTO":"Bulgaria","BORDERPRECISION":3,"PARTOF":"Bulgaria"},"geometry":{"type":"MultiPolygon","coordinates":[[[[22.32924178561328,42.34032019229297],[22.33493140658496,42.43402823062305],[22.33839515170215,42.66535147281055],[22.44946578463672,42.80094107241993],[22.79225257357715,42.95067175479297],[22.92782119235156,43.0864330157793],[22.91516402682422,43.17640265078907],[22.31809142550586,43.68145712466602],[22.29335502108691,43.80363424868946],[22.37391379794238,43.93929251284961],[22.54653838595508,44.10767706485157],[22.69400123080371,44.2630916461504],[22.87038329562305,44.17139013858204],[23.02825644930957,44.12361105533008],[22.92311004122852,43.98031576724415],[22.94437507113574,43.89540823550586],[23.06405738314746,43.9060245379961],[23.41088775118946,43.99092444033985],[23.63830474337696,43.99007376284961],[24.15637305697559,43.81260641665821],[24.30952361544727,43.8263126239336],[24.62034514865039,43.94390066714649],[24.75501540621875,43.93818625064258],[25.37810615023731,43.78062399478321],[25.54909232577442,43.80730398745899],[26.4062052102959,44.15441855044727],[26.5728607660635,44.21320992721194],[26.7217624327451,43.98898753811383],[27.12619281801757,43.85417740968966],[27.36885104918106,43.61151917852618],[27.58454725465971,43.58455715284135],[27.71935738308387,43.47670905010202],[27.85416751150803,43.47670905010202],[28.03463843783496,43.39190252871875],[27.88732055148242,43.06352575869922],[27.86990836581348,42.79987677188282],[27.83616355380176,42.73552282901172],[27.65404418429492,42.68373831363086],[27.50195029696582,42.51634558291797],[27.49470237216113,42.40090139956836],[27.6078710885918,42.4167781695879],[27.72253325900196,42.31621512027149],[27.73771003207324,42.24700125308399],[27.9134073587334,42.07810171695118],[27.91795257052539,41.97767218203907],[27.31793883761524,41.97972830386524],[27.08068564852832,42.02978476138477],[26.8571215005791,42.00929983706836],[26.57383635958789,41.84088095279102],[26.34987548312305,41.6407543048418],[26.18628982028125,41.65268286319141],[26.03179458102344,41.55561407657032],[26.07519629916309,41.40832861514454],[26.03642180880664,41.29269751162891],[25.53367904147266,41.16813238711719],[25.35932067355274,41.15435751529102],[25.08090880831836,41.24898108096485],[24.4180631967461,41.47619589419727],[24.15541175326465,41.449092470125],[23.7956152292168,41.33168753238086],[22.96097854098438,41.24373205752735],[22.9202432962334,41.23068960757618],[22.89908889254688,41.3203426227129],[22.94603827914356,41.45527227969532],[22.94849303683399,41.67981299014454],[22.84722999056934,41.89104422183399],[22.68617919406055,42.0634723529375],[22.38622191866992,42.19666632266407],[22.32635024508594,42.29267462344532],[22.32924178561328,42.34032019229297]]]]}},{"type":"Feature","properties":{"NAME":"Hungary","ABBREVN":"Hungary","SUBJECTO":"Hungary","BORDERPRECISION":3,"PARTOF":"Hungary"},"geometry":{"type":"MultiPolygon","coordinates":[[[[18.81605628451465,45.88911779971485],[18.55100158175586,45.79777868838672],[18.35612586459277,45.78375967593555],[18.05581382235645,45.76269873233203],[17.79440787753223,45.80665167422656],[17.29240134677051,46.10867651553516],[16.65675071200488,46.38426931949024],[16.56008628329395,46.47294195742969],[16.39636710604785,46.62312277408008],[16.25957396945117,46.88880499453906],[16.41521743258594,47.02313955874805],[16.48449614962695,47.15577276797656],[16.39289763888477,47.24019201846485],[16.41080954989551,47.40908011050586],[16.59505752047656,47.43724783511524],[16.66547873934863,47.52977713199024],[16.60451987704395,47.6183048114336],[16.40086844882129,47.64647635074024],[16.50115683993457,47.73503836245899],[16.64744285067676,47.73503836245899],[16.72155478915332,47.67465551944141],[17.03687003573535,47.69880636783008],[17.04518607577441,47.86388357730274],[17.0789082,48.0782442],[17.3516389,47.9785833],[17.5085,47.8665],[17.7629444,47.7493611],[18.2224444,47.7419167],[18.82847121676563,47.87797125430469],[18.97896674594043,48.13345678897266],[19.09354117831348,48.13406714053516],[19.43610290011524,48.1945987567461],[19.66031554659961,48.22188147158985],[19.92614463290332,48.18953665347461],[20.11806777438281,48.21782644839649],[20.57907393893359,48.5595775470293],[20.90171531161426,48.58091696353321],[21.37954429110645,48.59650381656055],[21.62014106234668,48.43464621158008],[21.81626418551563,48.37044485659961],[22.09947112521289,48.40459021182422],[22.17415908297656,48.41149099917774],[22.47471335848926,48.2761188373125],[22.7239427896416,48.18614157290821],[23.02892783602832,48.0122257098711],[22.82629683932422,47.86007269473438],[22.3200121255791,47.74009283633594],[22.05867293795703,47.55636938662891],[21.62300399264453,46.90352972598438],[21.33972266635059,46.52524527163867],[21.00061515292285,46.27027472110156],[20.83824828585742,46.19802054019336],[20.51258376559375,46.17680319400196],[20.39403441866992,46.13075979800586],[20.31473449191211,46.13150747866992],[19.90641501864551,46.16173132510547],[19.50673201998828,46.12713202090625],[18.81605628451465,45.88911779971485]]]]}},{"type":"Feature","properties":{"NAME":"White Russia","ABBREVN":"White Russia","SUBJECTO":"White Russia","BORDERPRECISION":3,"PARTOF":"White Russia"},"geometry":{"type":"MultiPolygon","coordinates":[[[[27.64213660678028,55.9199291095293],[27.70380309542774,55.95847281070117],[27.76547149142383,56.02784689517383],[27.86568168124317,56.04326590152149],[27.91964248141406,56.09722479434375],[28.0275602670586,56.12034948916797],[28.1364183755791,56.14041861148242],[28.16357711276172,56.15928991885547],[28.1701269479668,56.2116886004961],[28.18977645358203,56.25098761172656],[28.15047744235156,56.35578116031055],[28.15702727755664,56.44092901797656],[28.09808066805957,56.49332388491992],[28.12428000887988,56.53262289615039],[28.05223182162403,56.55227240176563],[27.98673537692188,56.59812124820117],[27.97363570651172,56.67016943545703],[27.91468909701465,56.69636496158008],[27.86229041537403,56.74221380801563],[27.88193992098926,56.77496298404102],[27.90813926180957,56.81426199527149],[27.87539008578418,56.83391150088672],[27.83609107455371,56.8404613360918],[27.77714446505664,56.87321051211719],[27.71164611300586,56.86666067691211],[27.6199503274834,56.8404613360918],[27.63959983309863,56.88631018252735],[27.68544867953418,56.91905554385547],[27.71819594821094,56.95835455508594],[27.70509627780078,57.01075323672656],[27.73784545382617,57.06970175357227],[27.6788988443291,57.10899695010547],[27.72474578341602,57.12209662051563],[27.76404479464649,57.12864645572071],[27.80989364108203,57.1613956317461],[27.81644347628711,57.20069464297656],[27.82954123934863,57.25309332461719],[27.83609107455371,57.29239233584766],[27.74439528903125,57.31858786197071],[27.70509627780078,57.3513370379961],[27.61340049227832,57.39063604922656],[27.50860694369434,57.42338522525196],[27.50860694369434,57.47578390689258],[27.51515487155078,57.52817877383594],[27.34886268099903,57.52635916324024],[27.31211379489063,57.57402762027149],[27.36451247653125,57.6002269610918],[27.4699398,57.6294127],[27.6117321,57.6305155],[27.6549908,57.6020142],[27.6680371,57.5988869],[27.6670071,57.5926315],[27.6951596,57.5836145],[27.7294918,57.5909755],[27.8997801,57.6641366],[28.042774,57.7772637],[28.0420874,57.8620141],[27.9148858,58.0193737],[27.7857964,58.1079991],[27.6354214,58.10038],[27.571874419941793,58.14283235349257],[27.4905382,58.2191956],[27.4864183,58.3066037],[27.5550829,58.3685975],[27.50205710848926,58.43859060855274],[27.46930793246387,58.52373846621875],[27.41035941561817,58.72022970767383],[27.39725974520801,58.79227408023242],[27.43655875643848,58.86432226748828],[27.52825454196094,58.92327078433399],[27.67234900912403,58.98221548648242],[27.77059462985156,59.07391317935352],[27.84919074496387,59.19835623355274],[27.87539008578418,59.25730475039844],[27.91468909701465,59.27695425601367],[27.96708587130664,59.27695425601367],[28.05223182162403,59.27695425601367],[28.13082984408496,59.29660376162891],[28.15047744235156,59.37519796939258],[28.07843116244434,59.43414648623828],[28.01309302767871,59.45822104068164],[27.97339347323535,59.51671179385547],[27.89665702304004,59.53378256411914],[27.94168761691211,59.64759787173633],[28.09418967684863,59.66467627139453],[28.16310409030078,59.59068258853321],[28.26633742770313,59.56222876162891],[28.35098365267871,59.60206183047656],[28.30910018405078,59.66440161319141],[28.44436362704395,59.73374136538867],[28.66273215731738,59.64434012027149],[28.79593375643848,59.67222174258594],[28.93626883944629,59.82455023379688],[29.07606605013965,59.90779455752735],[29.41362861117481,59.86003073306446],[29.7654524179375,59.73624380679492],[29.96315673312305,59.73661764712696],[30.12663939913867,59.80604513736133],[29.95287421664356,59.98558386416797],[29.68729690035938,60.1310001239336],[29.51074317416309,60.14456518741016],[28.96897986849903,60.10878714175586],[28.69163421115039,60.14997824283008],[28.56939795931934,60.19842108340625],[28.43523124179004,60.33733709903125],[28.55124762972949,60.53264196963672],[28.52150824984668,60.62326391787891],[28.43177512606738,60.60346945376758],[28.51003936251758,60.73181112857227],[29.38611319979785,61.24664267154102],[30.27862647494434,61.78445013614063],[30.90184691866992,62.12546881289844],[31.16754249056934,62.36660345645313],[31.36091903170703,62.60777624698047],[31.40830138644336,62.79196508975391],[31.33592704257129,62.94743307681446],[31.13995078524707,63.12374075503711],[30.82362464388965,63.24279745669727],[30.21264174899219,63.46712454409961],[30.01492980441211,63.61557730288867],[30.1622038217461,63.70183523745899],[30.40582564791797,63.88850363345508],[30.43152335604785,64.00285681338673],[30.36345008334278,64.11682470889454],[29.78441718539356,64.7442813739336],[29.61822226962207,64.97341497989063],[29.63115790804981,65.13976629825001],[29.71532157382129,65.32123907657032],[29.91344932040332,65.56172522158985],[30.00172904452442,65.72212561221485],[29.65425971469043,66.26003607364063],[29.02291396578906,66.88741644473438],[29.1708708139336,67.02063330264454],[29.75697616061328,67.37029608340626],[29.94611457308887,67.53390844912892],[29.70182326754688,67.71039160342579],[29.26812842806934,67.9381519183672],[28.87572959384082,68.0252872333086],[28.62222007235645,68.12066992373829],[28.57012084445117,68.35876043887501],[28.68595221957324,68.56834753604298],[28.69715407809375,68.69552954287892],[29.00741675814746,68.8318286761797],[29.46278098544238,69.13418921084767],[29.92359832247852,69.35460241885548],[30.26993659457324,69.40906866641407],[30.64079955538867,69.41849096866017],[30.87169936617969,69.51008947940235],[31.0537824960625,69.63959082217579],[31.33127501925586,69.6627612933672],[31.78220084628223,69.7770191058672],[32.07155898532031,69.88349493594532],[32.0760107370293,69.81535681338673],[32.19056228121875,69.64171179385548],[32.35172561129687,69.51367529483204],[32.59630874117969,69.42361792178517],[33.00963118991015,69.38669165225392],[33.2805662485039,69.34201391787892],[33.3156004281914,69.07128485293751],[33.62837508639453,69.21468695254688],[33.81804564913867,69.19247778506642],[34.30514815768359,69.17082556338673],[34.69888976534961,69.16405066104298],[34.93413833102344,69.14944037051563],[35.43655303439258,69.15035589785938],[36.01827910861133,69.02370794864063],[37.24586394747851,68.7934985980547],[37.68857863864062,68.62961157412892],[38.406443628875,68.2426944598711],[38.66845229586719,68.14634283633595],[39.33470824679492,68.03593786807423],[39.91807082614062,67.94037970157032],[40.82605269869922,67.66004522891407],[40.97339156588672,67.53437384219532],[40.95082763156055,67.33465918155079],[41.01687148532031,67.20186194033985],[41.20882705172656,67.06946142764454],[41.2552976938164,66.93697699160938],[41.14697173556445,66.7822681293047],[40.83637908419726,66.56139715762501],[40.34514907321094,66.3186450824297],[39.97752288302539,66.20091589541798],[39.19002822360156,66.03870733828907],[38.78211120089648,66.00145300479298],[38.04786971530078,66.00737341494923],[37.42243102511523,66.09382208438282],[36.50522521456836,66.17248877139454],[35.77174666842578,66.25886877627735],[35.16772368868945,66.41150244326954],[34.15295318087695,66.62963446231251],[33.65127852877734,66.68010290713673],[33.43749144991992,66.70173987002735],[33.15772536715625,66.91447790713673],[32.99095061740039,66.98781927676563],[32.64433959445117,67.04610022158985],[32.21943572482226,66.99374731631642],[32.35782149752734,66.9203296527422],[32.42472747286914,66.89102514834767],[32.75353911837695,66.649043642],[32.97086242159961,66.58338507266407],[33.46966842135547,66.31309851260548],[33.84421447238086,66.18213995547657],[34.258494410125,66.10982855410938],[34.54369643649219,66.00083502383595],[34.72617248019336,65.79697760196095],[34.72558883151172,65.61499365420704],[34.60118773898242,65.4839282855547],[34.29341414889453,65.39624365420704],[34.33201507052539,65.34550818057423],[34.42566207369922,65.10652502627735],[34.77286437472461,64.68222387881642],[34.8147688241875,64.45981939883595],[34.88461211642383,64.36677130313282],[35.08176330050586,64.28833349795704],[35.62327102145312,64.25356634707813],[36.01547149142383,64.19702490420704],[36.23997024020312,63.91862066836719],[36.42062285861133,63.87610205264453],[36.98754027804492,63.84148367495899],[37.2465086313164,63.78487738223438],[37.41054061373828,63.74949606509571],[37.59146026095508,63.80693777652149],[37.94491866549609,63.85039480777149],[38.05408004244922,63.98631628604297],[38.05385879000781,64.12927588076954],[37.87985518893359,64.30789526553517],[37.66812804659961,64.34331091494923],[37.46328643283008,64.29996069522267],[37.26195052584765,64.31389196963673],[36.99674132784961,64.40655859561329],[36.56850722750781,64.76457556338673],[36.88390639742969,65.06769903750782],[37.10194304904101,65.06812628360157],[37.60409453829883,64.85277136416798],[38.25292113741992,64.70306738467579],[39.1934423776543,64.51103552432423],[39.62159636935351,64.47596319766407],[39.99705031832812,64.54121740908985],[40.32217315158008,64.4629321918047],[40.43979171237109,64.56356390567188],[40.46206191500781,64.75027807803517],[40.36595061740039,64.8579288348711],[39.97938826998828,65.15314062686329],[39.82310393771289,65.43561132998829],[39.95132735690234,65.58116491885548],[40.03686812838672,65.60313757510548],[40.68140700778125,65.79355963321095],[41.35424712618945,65.95517309756642],[41.62328246554492,66.06516607852345],[42.13344481906055,66.38788946719532],[42.21078780612109,66.41000708194142],[42.41852477511523,66.38109930606251],[43.24143126925586,66.2508960589922],[43.87621978243945,66.01096685977345],[44.02943328341601,66.0112491473711],[44.05284026583789,66.04050024600392],[44.12211135348437,66.26716192813282],[44.38360885104297,66.61201819033985],[44.36195281466601,66.90596350283985],[44.2191648813164,67.08982428164845],[43.83810714205859,67.16285284610157],[43.70359710177539,67.26593359561329],[44.21583465060351,67.71826513858204],[44.26107314547656,67.82963903994923],[44.1687498422539,68.09702643008595],[43.82216552218555,68.32731970401173],[43.85324386080859,68.46920355410938],[44.01202681979297,68.49190863223438],[44.66781142672656,68.3885913714922],[45.57964232882617,68.44253882022267],[45.86343673190234,68.38334997744923],[46.16195205172656,68.1081958636797],[46.43936828097461,67.90793951602345],[46.63406661471484,67.70051153750782],[46.16411498507617,67.67742498965626],[45.46258071383593,67.63906439395313],[45.09250548800586,67.54207953067188],[44.87120727023242,67.3124194964922],[44.95714095553515,67.23135717959767],[45.38563445529101,67.09937628360157],[45.71535018405078,66.8496280536211],[46.07677749117968,66.76208075137501],[46.40205291232226,66.71860083194142],[46.97264007052539,66.7784610614336],[47.57118895968554,66.81631048770313],[47.70618728121875,66.89010962100392],[47.82212737521289,67.11129339785938],[47.95291808566211,67.37729223819142],[48.08066085299609,67.56245764346485],[48.63532165011523,67.6523853168047],[49.18562987765429,67.83882483096485],[49.63012221774218,67.93619116397267],[50.4958982797539,68.15346869082813],[51.13895705660937,68.2663989886797],[51.83080962618945,68.40938147158985],[52.24487594088671,68.54455908389454],[52.33738234957812,68.33572729678517],[52.46266845187304,68.29867132754688],[52.71972945651171,68.35138281436329],[52.9387693735039,68.47117956729298],[53.00575164279101,68.68056830020313],[53.17943480929492,68.75574835391407],[53.50243285616992,68.81625708194142],[53.88911727389453,68.78699835391407],[53.80839446505664,68.60726507754688],[53.78207686862109,68.3384204730547],[53.39590743502734,68.30042608828907],[53.31618407687304,68.23320349307423],[53.3168440195,68.13638647647267],[53.62573913058398,68.04768713565235],[53.85399154147265,68.08530005069142],[54.37974837741015,68.16070898623829],[54.57595733126757,68.16109045596485],[54.64846709689257,68.0719180926836],[54.75229552706836,68.04978521914845],[54.87719634493945,68.10954626651173],[54.99598601779101,68.20653112979298],[55.12649825533984,68.40060766787892],[55.33539107760546,68.48309668155079],[55.72289184054492,68.53610571475392],[56.19510177096484,68.56686743350392],[56.54026320895312,68.55256994815235],[57.02422622164843,68.44890936465626],[57.36369231661914,68.45701941104298],[57.52586654147265,68.49463995547657],[57.95919707736132,68.70476111026173],[58.40928939303515,68.83285864444142],[58.77038100680468,68.85600622744923],[59.19904998263476,68.77440985293751],[59.3458738656914,68.69986303897267],[59.06195739230273,68.49748571963673],[59.11978820284961,68.39309271426563],[59.21766189059375,68.34854467959767],[59.50186065158007,68.28942450137501],[59.76234725436328,68.29738958926563],[59.89204696139453,68.40200384707813],[59.92537597140429,68.58127173037892],[60.07908919772265,68.61895330996876],[60.51208404025195,68.58985479922657],[60.7562742563164,68.67254980655079],[60.93412307223437,68.8150821551836],[60.98595717867968,69.00259741397267],[60.36923507174609,69.4676929339922],[60.55171493014453,69.54342230410938],[60.84873488864062,69.71004065127735],[61.03003982028125,69.74060400576954],[61.30434707125781,69.73352392764454],[62.28127196749804,69.70512732119923],[62.85394957980273,69.61560400576954],[63.41231826266406,69.54873999209767],[63.92324355563281,69.45921667666798],[64.87299636325,69.22766455264454],[65.35536483248828,69.18344458194142],[66.12549880465625,68.99715765567188],[66.58425429782031,68.8855396136797],[67.17168715914843,68.64709814639454],[67.82653335055468,68.37205084414845],[68.2154035898125,68.20135077090626],[68.38463118991015,68.1793399676836],[68.48788741549609,68.22421606631642],[69.0026121469414,68.69536932559376],[69.10895064791796,68.83031042666798],[68.69183639010546,68.81454809756642],[68.5117674203789,68.83668097110157],[68.25765517672656,68.94111975283985],[68.09354690035937,69.13594397158985],[68.10592940768359,69.42932470889454],[67.77870467623828,69.55685003848438],[66.88444045504687,69.62308081241017],[66.79896834811328,69.74374731631642],[66.82803634127734,69.8193775043047],[66.96485427340625,69.95582159610157],[67.27720168551562,70.07055243106251],[67.38328841647265,70.13940008731251],[67.42175582369921,70.2234302386797],[67.3982420297539,70.59850653262501],[67.28530410250781,70.70580633731251],[66.77481368502734,70.73557623477345],[66.67020705660937,70.8661304339922],[66.81797316989062,71.10538061709767],[66.97964766940234,71.21384008975392],[67.15545180758593,71.22964819522267],[67.82254317721484,71.41665228457813],[68.31624892672656,71.63485296817188],[68.55076125582812,71.82196386905079],[68.81211379489062,72.09546240420704],[69.0566892953789,72.64471777530079],[69.34311202487109,72.83426245303517],[69.51156142672656,72.80304297061329],[70.21435836276171,72.73346289248829],[70.94033339938281,72.78995092959767],[71.66292098483203,72.8307071551836],[71.975779566375,72.79976233096485],[72.45530227145312,72.82427557559376],[72.71399978121875,72.76958807559376],[72.85272506198046,72.64393194766407],[72.84480575045703,72.49460943789845],[72.65456679782031,72.11825903506642],[72.49832442721484,71.9618106708086],[71.89781478366015,71.58716162295704],[71.797556910125,71.4318042621172],[72.13623336276171,71.27759131045704],[72.5549803110039,70.97724493594532],[72.67970565280078,70.82351263614063],[72.77420333346484,70.45523413272267],[72.69588759860156,70.35557898135548],[72.43689254244921,70.18696936221485],[72.55148604830859,69.65626104922657],[72.52553084811328,69.06907995791798],[72.64349654635546,68.80691107364063],[72.84616378268359,68.63523443789845],[73.30861190280078,68.51655157657032],[73.39412215670703,68.44205053897267],[73.39364913424609,68.38238867373829],[73.175242457,68.16592749209767],[72.98776534518359,67.79414709658985],[72.8376951547539,67.6456485614336],[72.48502639254687,67.43782385440235],[71.93047622164843,67.15627630801563],[71.6471433969414,67.06732519717579],[71.39950087985156,66.94906958194142],[71.54405501803515,66.71412237735157],[71.34951308688281,66.6623950824297],[70.83993056735156,66.55140265078907],[70.12074569186328,66.71882208438282],[69.79152205905078,66.75493200869923],[69.35537246188281,66.73943670840626],[69.0847654672539,66.68753393741017],[69.17261031588671,66.54828985782032],[69.43512252291796,66.4242359027422],[69.76729873141406,66.32971533389454],[70.47356704196093,66.23597296328907],[70.98342421969531,66.20038946719532],[71.25953200778125,66.22281225772267],[71.79433730563281,66.15806158633595],[72.2088117929375,66.17345770450001],[72.42107680758593,66.33466681094532],[72.55741408785937,66.4959903583086],[73.1654539438164,66.64375647158985],[73.69016555270312,66.86506994815235],[73.81080916842578,66.99035223575001],[73.98450759371875,67.26336248965626],[74.35252669772265,67.40435370059376],[74.74171737155078,67.68622168155079],[74.77064803561328,67.84936865420704],[74.6693601938164,68.10174902530079],[74.39512923678515,68.34698828311329],[74.50497725924609,68.59347876162892],[74.6121092172539,68.63851507754688],[74.91630080660937,68.70638617129688],[75.53720382174609,68.77486761660938],[76.32775405367968,68.77634008975392],[76.66087630709765,68.67222174258595],[77.03982070407031,68.46377142520313],[77.10788253268359,68.11375006289845],[76.95493606051562,67.65331610293751],[77.09069350680468,67.52774389834767],[77.50477889498828,67.43239935489063],[78.08904555758593,67.41131170840626],[78.47786239108203,67.47854193301563],[78.53574660739062,67.6118350848711],[78.30457595309375,67.69286688418751],[77.94601729830859,67.77371557803517],[77.68886092623828,67.75840338321095],[77.4832258554375,67.80251654239063],[77.51418593844531,67.97325476260548],[77.97751906832812,68.14512213321095],[78.00718215426562,68.25683935733204],[77.90906051119921,68.32369574160938],[77.83420089205859,68.47270544619923],[77.63582900485156,68.81619604678517],[77.40597823580859,68.93561895938282],[77.02994826754687,68.97991522403126],[76.53798964938281,69.08405645938282],[76.17751601657031,69.13594397158985],[75.59802535494921,69.2100025043047],[75.1886473031914,69.12659796328907],[74.90170577487109,69.08100470157032],[74.31795791110156,69.16254004092579],[73.91452315768359,69.15427740664845],[73.90792373141406,69.27452429385548],[73.65407851657031,69.756465517],[73.79099563082812,70.05221136660938],[74.12222579440234,70.36587866397267],[74.24957564791796,70.57294806094532],[74.18918899020312,70.67260321231251],[73.69797042330859,71.1413989886797],[73.27066329440234,71.37258490176563],[73.21685317477343,71.45773657412892],[73.59136489352343,71.70685919375782],[74.1371565195,71.75452765078907],[74.58655074557421,71.87217291446095],[74.92115310153125,72.02874334903126],[74.99873641451953,72.13043554873829],[75.07459548434375,72.42029150576954],[75.01610854586718,72.7187686786211],[75.11987594088671,72.68748053164845],[75.40757277926562,72.66441687198048],[75.61734298190234,72.62549170108204],[75.66617873629687,72.41353949160938],[75.58253768405078,72.17061956973438],[75.296580347625,71.8968692645586],[75.22127059420703,71.64770849795704],[75.28428939303515,71.4460864886797],[75.45202926119921,71.32248266787892],[75.67058852633593,71.19912298770313],[76.29318526705859,71.13853033633595],[77.00164321383593,71.0626407489336],[77.73619368991015,71.02547796817188],[78.10473159274218,70.84130438418751],[78.24920943698046,70.83387335391407],[78.60852340182421,70.84992560000782],[78.37160018405078,71.25054510684376],[78.13690474948046,71.37392767520313],[77.28489974459765,71.41880377383595],[76.86612990817187,71.44902380557423],[76.60715011080859,71.51833685489063],[76.33285811862109,71.7197452411211],[76.45669845065234,71.86785467715626],[77.074900660125,71.89238318057423],[77.27492812594531,71.81488379092579],[77.78991988619921,71.77691229434376],[78.12636855563281,71.84759863467579],[78.08573440035937,72.17527350039845],[78.26955703219531,72.21474798770313],[78.64725783785937,72.26237829776173],[79.22255996188281,72.27128943057423],[79.70315841158984,72.17827948184376],[80.33872512301562,72.00764044375782],[80.82826522311328,71.76702459903126],[81.42526534518359,71.61268194766407],[81.67136672457812,71.57430609317188],[82.49135116061328,71.56809576602345],[82.81835463961718,71.64632757754688],[82.88012221774218,71.49126776309376],[82.52887252291796,71.32020147891407],[82.21532729586718,71.20361670108204],[82.10357192477343,70.85644110293751],[82.04561141451953,70.41893347354298],[82.19571975192187,70.35798224063282],[82.50152877291796,70.71113165469532],[82.6754637094414,70.84212835879688],[82.80373671969531,70.81927832217579],[83.07590774020312,70.58175238223438],[83.03633407076953,70.24492987246876],[83.37072280367968,70.33726080508595],[83.67697432955859,70.46026190371876],[83.65711501559375,70.59817083926563],[83.57093337496875,70.65170630069142],[83.50470260104296,70.81292303653126],[83.16804793795703,71.18223150821095],[83.25261977633593,71.2828555926836],[83.56109145602343,71.62442358584767],[83.20242598971484,71.82590826602345],[82.85464766940234,71.94214972110157],[82.43625930270312,72.05058630557423],[82.32062056979296,72.22227820010548],[82.02602675875781,72.24522741885548],[81.5852537485039,72.35400732608204],[80.98231795748828,72.44697912783985],[80.84419539889453,72.58019598575001],[80.87170699557421,72.83999212832813],[80.82886794528125,73.01351507754688],[80.46401504000781,73.31357916446095],[80.50051406344531,73.42474707217579],[80.62013534030078,73.49647101016407],[80.83822921237109,73.55255468936329],[81.87746718844531,73.60222204776173],[83.02044204196093,73.61229284854298],[83.97656539401171,73.66978796573048],[84.61605361422656,73.74268683047657],[84.82945540866015,73.59973486514454],[85.00149825533984,73.5761905536211],[85.38118270358203,73.69632299991017],[85.85619643649218,73.82476385684376],[86.49205306491015,73.87382849307423],[86.75694564303515,73.78657110782032],[86.32635024508593,73.63435705752735],[86.12352279147265,73.45112188907032],[86.90497115573046,73.55588873477345],[87.13968184908984,73.60405310244923],[87.5696287485039,73.77212866397267],[87.69079116305468,73.90001257510548],[87.54062179049609,74.09967382998829],[87.3939695688164,74.17949255557423],[86.97762587985156,74.29900702090626],[86.81353286227343,74.43529089541798],[86.81261733492968,74.53988226504688],[86.9583235116875,74.78206213565235],[87.48745254000781,74.96091803164845],[87.92226699313281,75.05988653750782],[89.28468612155078,75.46612127871876],[89.68456557711718,75.50820501895313],[89.79632857760546,75.5244327411211],[90,75.55852850528126],[90,75.60154303164845],[91.63467696627734,75.6527286395586],[92.67054274996875,75.7626148089922],[93.59205916842578,75.88084753604298],[94.30955031832812,76.07406958194142],[94.69433883151171,76.18358191104298],[95.48768142184375,76.16833075137501],[95.96726516207812,76.16923864932423],[96.13936904391406,76.08590277285938],[95.98182204684375,75.90201147647267],[96.6582289071953,75.85330542178517],[97.11641219576951,75.87083014102345],[97.68372634371875,75.9552188739336],[98.28865340670701,76.0565372333086],[98.71624282321093,76.07403906436329],[99.15855697116017,75.99971350283985],[99.4672346445,75.96692236514454],[99.77942946871875,76.05931433291798],[99.83340743502734,76.21003302188282],[99.7736082406914,76.28535040469532],[99.98323348483201,76.43696936221485],[100.4073973031914,76.47143896670704],[100.83031753024218,76.45540960879688],[101.38946059664843,76.62499579043751],[101.11151412448046,76.85285528750782],[101.16646102389451,77.00576361270313],[101.69046309908984,77.20258673282032],[102.38966659030078,77.37482031436329],[103.39330581149218,77.55778845401173],[103.94659713229296,77.59216650576954],[104.39374068698046,77.56721838565235],[105.06251052340625,77.56850775332813],[105.44954207858201,77.4491382464922],[105.46972945651171,77.32931860537892],[104.78229049166796,77.14876898379688],[104.48514083346484,76.99502905459767],[104.70460799655078,76.92750128360157],[105.5281477304375,76.98001440616017],[106.24293807467578,76.91346319766407],[107.16025832614062,76.94913061709767],[107.24013045748828,76.89837225528126],[107.07137587985156,76.77097662539845],[106.53744033297656,76.56722601504688],[106.40403274020312,76.43227728457813],[107.29075149020312,76.43394812198048],[107.66595748385546,76.44307287783985],[107.77148726901171,76.40122564883595],[108.24447158297656,76.64641913028126],[108.8595228525078,76.64754828067188],[109.65640548190234,76.69128759951954],[109.94024947604296,76.6327319964922],[110.54772475680468,76.64229925723438],[111.42728713473439,76.56807287783985],[112.05716231783984,76.45135840030079],[112.5885496469414,76.25924261660938],[112.8223142953789,76.05888708682423],[113.1488752695,76.0594898089922],[113.5330076547539,76.09365423770313],[113.72303298434375,75.86883886905079],[113.11340621432421,75.49444922061329],[113.22163680514451,75.4368091449297],[113.6250486703789,75.27267035098438],[112.57712844332812,74.88621100039845],[112.11134627780078,74.78037603946095],[111.586619410125,74.73096045108204],[110.05470565280078,74.25368841739063],[108.69690230807421,73.81940802188282],[108.33986190280078,73.69124182315235],[107.26554397067189,73.52222784610157],[106.20830825289843,73.25850256533985],[105.27881911715625,72.75153692813282],[105.60022262057421,72.74426611514454],[106.0869856210625,72.85539587588673],[106.50154403170701,73.06131323428517],[107.24994185885546,73.13382299991017],[107.80428603610156,73.14277227969532],[108.74962905367968,73.2632251605547],[109.59518722018358,73.39159735293751],[109.99058822116017,73.43995245547657],[110.4422865243828,73.56786688418751],[110.40001967867968,73.74287756533985],[110.17844680270312,73.79822119326954],[110.1632337900078,73.83008917422657],[110.28963759860156,73.94206579776173],[110.55127242526171,74.03844793887501],[110.94413283785939,73.94327124209767],[111.21531203707812,73.76829870791798],[111.49485305270312,73.74487646670704],[111.76165297946093,73.65779455752735],[112.09338668307421,73.63455542178517],[112.47680190524218,73.65914496035938],[112.9969740243828,73.77956732364063],[113.2215833993828,73.74810370059376],[113.30773452242968,73.6129566058672],[113.31173995455858,73.38266333194142],[113.54699233492968,73.20093115420704],[114.18667891940234,73.55099829287892],[114.93411544283984,73.5603214129961],[115.61149123629689,73.62520178408985],[116.67113784274218,73.61922796817188],[117.53464797457812,73.54927404971485],[117.9188490243828,73.53409155459767],[118.46038344821093,73.51922949405079],[118.33846572360156,73.18611487002735],[118.49779799899218,73.03624304385548],[119.41744521578906,72.96692999453907],[119.79856399020312,72.91246374698048],[120.11277297457812,72.88152655215626],[120.5785169931328,72.83511694522267],[121.69950393160939,72.90021856875782],[122.24328139742968,72.90912207217579],[122.88243392428517,72.75281103701954],[123.51475051364062,73.17200811953907],[123.44220260104296,73.33018835635548],[123.4249754281914,73.43322332950001],[123.40985396823046,73.48077734561329],[124.22215560397267,73.69691046328907],[124.45666793307421,73.70529516787892],[124.81766036471484,73.65822943301563],[125.33462813815234,73.52407415957813],[125.71732619723439,73.39780005069142],[126.48701766451951,73.38340338321095],[127.09683516940234,73.41625555606251],[127.71956160983201,73.40153845401173],[128.31478408297656,73.20751532168751],[128.49888137301562,73.12594183535938],[128.5249281259453,72.95234259219532],[128.2910414071953,72.91247900576954],[128.1705580087578,72.8965259418047],[127.3135023446953,72.7138858661211],[126.21644118746875,72.38231237979298],[126.11130050143358,72.28037603946095],[126.22529891451951,72.24934729190235],[126.69000533541796,72.21892889590626],[127.12090590914843,72.2119327411211],[127.41754439791796,72.14218481631642],[127.71409896334767,72.01011236758595],[128.17013076266406,71.83187445254688],[128.43249038180468,71.75462683291798],[128.78353408297656,71.53804358096485],[129.35520461520312,71.17568548770313],[130.17171767672656,70.8153491839922],[130.77927688082812,70.678340517],[131.05480483492968,70.68650396914845],[131.41268447360156,70.86376532168751],[131.79166701754687,71.18792303653126],[132.28361037692187,71.66087683291798],[132.55375197848437,71.80897101016407],[132.68426040133593,71.8014102801836],[132.79061416110156,71.59201391787892],[133.13840774020312,71.45321234317188],[133.74390700778125,71.32284887881642],[134.2413587900078,71.26194342227345],[134.62290481051562,71.3013110980547],[135.51061538180468,71.51182135196095],[135.86063674410937,71.54344519229298],[136.22661879977343,71.51315649600392],[136.76502517184375,71.4057803973711],[137.62967971285937,71.07541998477345],[137.7712660165703,71.09882696719532],[137.85494521578906,71.1298023089922],[138.07578566989062,71.24595221133595],[138.1754408212578,71.36201056094532],[138.11381057223437,71.38510473819142],[138.11939528903125,71.47020300479298],[138.4461164804375,71.6102710589922],[138.6748762460625,71.6184497699297],[138.899851832,71.50264319033985],[139.1587629648125,71.41796454043751],[139.74447158297656,71.40359839053517],[139.82569411715625,71.62836035342579],[139.73856643160937,71.83789404483204],[139.8059797616875,72.00147589297657],[139.84789565524218,72.23560675235157],[139.3387708993828,72.16435583682423],[139.0499525400078,72.16382177920704],[138.96934035739062,72.21052130313282],[139.16831496676562,72.3437915668047],[139.3117933603203,72.3831973895586],[139.75561049899218,72.42317541690235],[140.21502212008593,72.43185003848438],[140.58907607516406,72.49523504825001],[141.2939710946953,72.78707464785938],[141.408396753875,72.78729590030079],[142.20023635348437,72.67872198672657],[142.90252212008593,72.61721380801563],[143.81882766207812,72.53262671084767],[144.26743606051562,72.50207861514454],[144.5618391366875,72.45562323184376],[145.59995559176562,72.42622717471485],[144.82036879977343,72.14334448428517],[145.20955947360156,72.12067755313282],[145.6646223398125,72.16052588076954],[145.81499770602343,72.09839972110157],[145.67818740328906,71.92672308535938],[145.26140883883593,71.84038122744923],[144.88077834567187,71.72314795108204],[144.80126479586718,71.59111364932423],[145.10038283785937,71.57618292422657],[145.33378127535937,71.63085516543751],[145.7462416025078,71.69371374698048],[146.1860609384453,71.84209784121876],[146.91512587985156,72.20190008731251],[148.15946486910937,72.19639929385548],[148.69796279391406,72.16618689151173],[149.10447219332812,72.08892401309376],[149.53032973727343,72.0273624286211],[149.62253859957812,71.94185980410938],[149.72198012789843,71.89520605655079],[148.71085647067187,71.62939795108204],[148.96216872653125,71.56785925479298],[149.71541884860156,71.43764837832813],[150.69370559176562,71.34668310733204],[151.11947158297656,71.25476416201954],[151.47996047457812,71.08581122012501],[151.6448469491875,70.89377935977345],[151.8990736337578,70.73301275821095],[152.13401320895312,70.66443213076954],[152.79058364352343,70.68098791690235],[153.40442946871875,70.72815283389454],[153.91649917086718,70.79046972842579],[155.04923537692187,70.93854864688282],[156.04317763766406,70.98655279727345],[157.39641860446093,70.92751654239063],[158.0779524179375,70.86731299014454],[158.40867141207812,70.81418951602345],[158.93413833102343,70.62346991153126],[159.22921279391406,70.54745062442188],[159.46557143649218,70.39498480410938],[159.62790969332812,70.21980627627735],[159.57267287692187,69.99896582217579],[159.44381240328906,69.76456030459767],[159.67295363864062,69.65192755313282],[160.01661208590625,69.62243231387501],[160.39239028414843,69.61560400576954],[160.68160537203906,69.57847937198048],[160.67403701266406,69.27026709170704],[160.86234572848437,69.08311804385548],[161.17081740817187,69.15864904971485],[161.41610244235156,69.35423620791798],[161.96099379977343,69.52816351504688],[162.11776259860156,69.55855902285938],[162.274851832,69.53628119082813],[163.0382337900078,69.5452075824297],[163.72240737399218,69.67448767276173],[164.05369094332812,69.66003759951954],[164.31817153414843,69.46485479922657],[164.63646987399218,69.41282232852345],[165.3301496835625,69.40657385440235],[166.30924514254687,69.37832983584767],[166.70035842379687,69.4316593036211],[167.32007888278125,69.65857275576954],[167.50323012789843,69.56856115908985],[167.92161086520312,69.32873877139454],[168.09997085055468,69.23150213809376],[168.59241774996875,69.11246069522267],[168.98606399020312,68.9633975848711],[169.11321547946093,68.78420599551563],[169.38860610446093,68.71748694033985],[170.0888929696953,68.77854498477345],[170.83280471285937,68.92194708438282],[170.90487197360156,69.0343204364336],[170.79320815524218,69.1840015277422],[170.4313001962578,69.55891760440235],[170.05626967867968,69.61091955752735],[170.23629287203906,69.76195105166798],[170.45170119723437,70.01921423526173],[171.30224135836718,69.97523077578907],[171.84838393649218,69.93847998233204],[172.35924819430468,69.90922888369923],[172.90816787203906,69.83476599307423],[173.00828078707812,69.69170721621876],[173.63665297946093,69.76070746035938],[174.57445815524218,69.78506048770313],[175.61097243746875,69.77942999453907],[176.19217971285937,69.71265753360157],[176.54601577242968,69.6229434833086],[177.07915786227343,69.53360327334767],[177.70499709567187,69.4896427020586],[178.04284194430468,69.4076114520586],[178.62885573825,69.25851782412892],[178.96496108492968,69.22913702578907],[179.28148940524218,69.1472583636797],[180,68.91989477725392],[180,67.96313055606251],[180,66.96313055606251],[180,65.96313055606251],[180,65.3816333636797],[180,65.31103094668751],[180,65.05193670840626],[180,64.95347937198048],[179.3091078134453,64.78647192569142],[179.01597121676562,64.77292975039845],[178.726023707,64.60632666201954],[178.47384170016406,64.57721289248829],[178.00438979586718,64.54774054141407],[177.84412673434375,64.58320959658985],[177.4266615243828,64.60673864932423],[177.37353042086718,64.76135595889454],[177.25146010836718,64.85610540957813],[177.02625564059375,64.84421881289845],[177.13465407809375,64.92744024844532],[176.71245864352343,64.7816577777422],[176.33170608004687,64.77292975039845],[176.18017104586718,64.86799200625782],[175.96505263766406,64.90365942569142],[176.155955347625,64.67792852969532],[175.89977553805468,64.54742773623829],[176.04404738864062,64.50115545840626],[176.46778396090625,64.40898474307423],[176.75323012789843,64.57114752383595],[176.93052199801562,64.55288275332813],[177.08159926852343,64.51739843936329],[177.08158400973437,64.30297430606251],[177.19323256930468,64.21035345645313],[177.53472426852343,64.08968695254688],[178.0111341806328,64.19211157412892],[177.81341079196093,64.04743536563282],[178.14725783785937,64.1566348895586],[178.17650893649218,64.00532110782032],[178.28776076754687,63.91291388125781],[178.37162307223437,63.74938162417774],[178.4026136728203,63.66409262271289],[178.07767775973437,63.42905005069141],[178.34437087496875,63.45795782657031],[178.5011244150078,63.38018759341602],[178.71395400485156,63.15373190493946],[178.93949416598437,63.08333548159961],[179.00428298434375,62.97019919009571],[178.93163588961718,62.76506765933399],[179.28769973239062,62.81507834048633],[179.23177627047656,62.63853796573047],[179.24216750582812,62.52569922061328],[179.04876235446093,62.39139517398242],[178.73766616305468,62.29927023501758],[178.45186904391406,62.31985434146289],[178.2502699228203,62.38287314029102],[177.69097426852343,62.45226629825],[177.2908430429375,62.48678549380664],[177.13486770114062,62.54996450991992],[177.19034865817187,62.67001303286914],[176.96834853610156,62.69078405948047],[176.83198073825,62.6764102801836],[176.58050063571093,62.42905005069141],[176.54911330660937,62.37968786807422],[175.1726332040703,61.96908529849414],[174.65267470797656,61.8908649310625],[174.5423078866875,61.89065512271289],[174.34871962985156,61.79903372378711],[174.2504377695,61.71468313784961],[173.92676833590625,61.6159625873125],[173.4809065195,61.60110052676563],[173.34258559664843,61.55182226748828],[173.12633803805468,61.36941488833789],[172.9182844491875,61.27812918277149],[172.49244216403125,61.2633243426836],[172.10816482028125,60.9832836017168],[172.00008681735156,60.85757406802539],[171.24840835055468,60.65417822451953],[171.07238295992968,60.4521442279375],[170.51969436129687,60.33994253726367],[170.33680251559375,60.27710302920703],[170.26842788180468,60.145137392],[170.27305129489062,60.01343115420703],[170.0601301523125,59.88180121035938],[169.87749770602343,59.87456091494922],[169.61364272555468,60.0122028216875],[169.53161147555468,60.12989386172656],[169.4557142587578,60.29626806826953],[169.1541242929375,60.43464239688281],[168.67075637301562,60.45457800479297],[168.21090224703906,60.43286093325977],[167.68961623629687,60.35544928164844],[167.10398391207812,60.27102621646289],[166.86841872653125,60.17341574283008],[166.26851943453906,59.83327826114063],[166.02721694430468,59.70872076602344],[165.9449720712578,59.77061041446094],[166.20342544039843,60.35263784976367],[165.95633986910937,60.31051596255664],[165.77999404391406,60.35411413760547],[165.41538527926562,60.11518820376758],[165.1135969491875,60.03144033999805],[164.93296340426562,59.96187552066211],[164.88157180270312,59.7341380939043],[164.58460524996875,59.66465338321094],[164.44190505465625,59.74018820376758],[164.32805922946093,59.96072729678516],[164.11052993258593,60.07820852847461],[163.64969924410937,59.79202231021289],[163.76682570895312,59.88375815005664],[163.51627639254687,59.85569342227344],[163.38868239840625,59.81406363101367],[163.10639480075,59.57917364688281],[163.04290297946093,59.46200140567188],[163.09977248629687,59.35886725039844],[163.25451186617968,59.29037436099414],[162.83521560153125,59.05590780825977],[162.7534437509453,58.96646460147266],[162.90740493258593,58.89128073306446],[162.61590102633593,58.73296316714649],[162.22001174410937,58.48553045840625],[161.93841079196093,58.25918539615039],[161.80436233004687,58.10172232241992],[161.79993728121875,57.86273535342578],[161.98922255953906,57.71985205264453],[162.20365432223437,57.67936285586719],[162.82566359957812,57.70098074527149],[163.07837966403125,57.62649878116016],[163.1278333993828,57.55162390323047],[162.9320326181328,57.37424048037891],[162.59327224215625,57.16954001040821],[162.512400660125,57.03349264712696],[162.6128187509453,56.80288275332813],[162.74430373629687,56.59970816226367],[163.0979719491875,56.55972632022266],[163.1722669931328,56.38381537051563],[163.16599563082812,56.10649832339649],[163.00907424410937,55.94406851382617],[162.77128127535937,55.91659506411914],[162.55463698825,56.01072271914844],[162.5471906991875,56.10531576724414],[162.721873316375,56.34234961123828],[162.52181533297656,56.34873541446094],[162.317576441375,56.24010046573047],[161.86132338961718,55.86087378116016],[161.60943129977343,55.55691488833789],[161.50274184664843,55.2873721942461],[161.64737990817187,54.98509176822071],[161.93853286227343,54.8451000079668],[162.0082044931328,54.73822363467578],[161.87586501559375,54.56412848086719],[161.56661513766406,54.42324026675586],[161.13636306246875,54.40906866641406],[160.837595972625,54.44856604190235],[160.68291762789843,54.44827993960742],[160.40430739840625,54.36758764834766],[160.02738479098437,54.15326651187305],[159.93114760836718,54.08635672183399],[159.69506362399218,53.85922583194141],[159.63321975192187,53.70584448428516],[159.6834974618828,53.57943304629688],[159.90476516207812,53.40018042178516],[159.92208388766406,53.30046804995899],[159.89686110934375,53.24057730288867],[159.59176162203906,53.13362463565235],[159.31981948336718,53.1264720782793],[158.78814223727343,52.95936544986133],[158.46136001071093,52.82596167178516],[158.4316664071953,52.71308477969531],[158.46236709078906,52.58713873477344],[158.38950637301562,52.20268591494922],[158.25802138766406,52.01712378116016],[157.8977766366875,51.6660228595293],[157.20952895602343,51.22900351138477],[156.82464126071093,51.00411947818164],[156.69637587985156,50.95774801822071],[156.56373122653125,51.23435934634571],[156.47469619235156,51.60382040591602],[156.36185744723437,51.91423758120899],[156.33323195895312,52.27155645938281],[156.175242457,52.60925634951953],[156.03809646090625,52.7814899310625],[155.9418440195,53.19308050723438],[155.71079543551562,53.8049388751543],[155.7074690195,54.06495245547656],[155.63807204684375,54.31840857119922],[155.63018325289843,54.4653507098711],[155.58306411227343,54.55207403750781],[155.46520522555468,54.91977270694141],[155.45347121676562,55.27581366153125],[155.5056867929375,55.63962133975391],[155.62757399996875,56.26791723819141],[155.70299819430468,56.36959799380664],[156.23583510836718,56.75682791324024],[156.55787185153125,56.94747122378711],[156.81467727145312,57.26057013125781],[156.87765029391406,57.36274298282031],[156.83948806246875,57.50565680117969],[156.77685073336718,57.58045538516406],[157.51116469821093,57.74545248599414],[157.9616957040703,57.88275869937305],[158.32625869235156,58.02682074160938],[159.10428908785937,58.42488440127735],[159.39269545992968,58.61035116763477],[159.58628371676562,58.80267675967578],[159.649119410125,58.95374640078906],[160.4519300790703,59.3538890704668],[160.84424880465625,59.55424460025196],[161.53524306735156,59.94168814273242],[161.70084670504687,60.07350882144336],[161.81792739352343,60.26799353213672],[162.3811292978203,60.46357306094531],[163.329295191375,60.69494970889453],[163.44480422457812,60.8902660235918],[163.79265883883593,61.1281925067461],[163.8313703866875,61.23308905215625],[163.57572463473437,61.33047064395313],[163.9422865243828,61.73741491885547],[163.92588332614062,61.95500143618946],[164.00829604586718,62.13089712710742],[164.27720168551562,62.22288092227344],[165.05478957614062,62.25954397769336],[165.2857160898125,62.28813513369922],[165.0671644540703,62.4356876239336],[164.13767531832812,62.53265341372852],[163.81841567477343,62.48973806949024],[163.34025100192187,62.41130026431446],[162.99024489840625,62.32608374209766],[163.00915053805468,62.17827948184375],[162.71056655367968,61.76318701358203],[162.76685622653125,61.67209967227344],[162.74877456149218,61.60898550601367],[162.45061782321093,61.55937918277149],[162.23524001559375,61.50992544741992],[161.53577712496875,61.18681677432422],[160.64498427828906,60.71775396914844],[160.118845972625,60.56362494082813],[160.0071058603203,60.59125097842578],[160.07699111422656,60.73758658023242],[160.23559096774218,60.94700964541797],[159.81551650485156,60.98108252139453],[159.74351027926562,61.09963568301563],[159.85686782321093,61.3024974689043],[160.05623916110156,61.51285132022266],[160.14934829196093,61.66016729922656],[160.11825087985156,61.75127752871875],[159.96580031832812,61.76504095645313],[159.45463088473437,61.56075247378711],[159.23105910739062,61.54631002993946],[159.10642531832812,61.70729025454883],[158.841258082,61.78396948428516],[158.118357691375,61.71947439761524],[157.52826980075,61.66927298159961],[157.09798720797656,61.63339956851367],[156.82523635348437,61.56281241031055],[156.42315200289843,61.40100439639453],[156.3811750741875,61.20508154483203],[156.41843703707812,61.12132986636524],[155.85076430758593,60.88296850772266],[155.66668227633593,60.77804144473438],[155.73389724215625,60.55536612124805],[155.151804957,60.39435156436328],[154.69332412203906,60.19901999087696],[154.31565383395312,59.98334845157031],[154.09215835055468,59.77587851138477],[153.94297316989062,59.56882818789844],[153.94446853121875,59.39667852969531],[154.1817884775078,59.3007770404375],[154.75280288180468,59.28121908755664],[154.87804702242968,59.15770300479297],[154.90589431246875,59.10276754947071],[154.38708022555468,59.03995092959766],[153.92443374117968,58.92234762759571],[153.45414260348437,58.94891699405078],[153.13988784274218,59.01012381167774],[152.96824172457812,58.99606665225391],[152.82833388766406,58.94773825259571],[152.50420669039843,58.76871832461719],[152.19124892672656,58.92594107241992],[151.69065383395312,58.75345953555469],[151.35448745211718,58.69111975283985],[151.1354017587578,58.73182638736133],[151.00748733004687,58.7933421954668],[151.0561781259453,58.92381247134571],[151.39268020114062,58.97937353701953],[151.78330520114062,59.03504904361133],[151.85726455172656,59.05581244082813],[151.52360061129687,59.34394415469531],[151.1402082773125,59.43957098575],[150.66341689547656,59.43180044741992],[150.27865127047656,59.36224707217578],[150.12006667575,59.38945349307422],[149.72957900485156,59.59532888980274],[149.38030532321093,59.60845526309375],[149.04528335055468,59.5871539935625],[148.72844985446093,59.4763370379961],[148.74720290621875,59.29743155093555],[148.63029006442187,59.19402655215625],[148.4160871835625,59.09739264102344],[148.10282424410937,59.20679815860156],[147.91918471774218,59.26147421450977],[147.35222915133593,59.23288687320117],[146.99962905367968,59.19095953555469],[146.70640090426562,59.22479590030078],[146.30735305270312,59.28595312686328],[146.05396560153125,59.25107153506641],[146.02347854098437,59.19599493594531],[145.95696547946093,58.98285635562305],[145.65258315524218,58.97540625186328],[145.51279738864062,59.03694876284961],[145.49566176852343,59.20875128360156],[145.40413955172656,59.32550390811328],[144.84569838961718,59.28319510074024],[144.38981154879687,59.30985983462696],[143.82409194430468,59.29501303286914],[143.30285170992968,59.26652868838672],[142.92681411227343,59.27957113833789],[142.8458509775078,59.27252539248828],[142.35776809176562,59.14095648379688],[141.92383864840625,58.94089468570117],[141.59083083590625,58.72753103824024],[141.34955886325,58.50086554141406],[140.99425795992968,58.3906322345293],[140.58739760836718,58.23931082339649],[140.49984267672656,58.17075689883594],[140.02874282321093,57.64412649722461],[139.29383376559375,57.3361774310625],[138.86675551852343,57.12446554751758],[138.34592727145312,56.8042064532793],[137.60193923434375,56.24034842105274],[137.22909072360156,55.98272284121875],[136.5212660165703,55.58989294619922],[136.11939528903125,55.42064627261524],[135.26954177340625,55.02874334903125],[134.98522475680468,54.85393484683399],[134.89373305758593,54.71992453189258],[130.57768686638556,54.68776534154495],[123.52318438612102,55.18281814717755],[118.44889312838686,55.0590549457694],[114.8597602875505,55.80163415421831],[111.8894434537549,57.65808217534055],[110.28052183544897,57.41055577252425],[110.15675863404078,57.03926616829981],[109.4141794255919,56.5442133626672],[109.53794262700004,55.18281814717755],[108.30031061291854,53.57389652887161],[106.81515219602073,52.70755411901455],[105.82504658475554,52.21250131338195],[105.70128338334737,51.8412117091575],[104.46365136926588,51.46992210493305],[105.1551008554375,50.44330938907031],[104.79693892916796,50.4085765704668],[103.68075850924608,50.16643484683399],[103.37787154635546,50.21730764956836],[102.63903335055468,50.4561839923418],[102.44960311373828,50.60624273867969],[102.26568892916796,50.80899771304492],[102.18423751315234,51.0256420001543],[102.18224624117968,51.26922567935352],[102.11743453463671,51.36111029239063],[101.7723646493828,51.42517050357227],[101.3269758554375,51.56784018130664],[101.01121047457812,51.67171057315235],[100.22460463961718,51.8193317279375],[99.7582044931328,51.90269430728321],[99.29542067965625,51.94649084658985],[98.91755965670701,52.03695639224414],[98.34688857516406,51.60481604190235],[97.93963149508593,51.2269359454668],[97.8954344125664,51.09500464053516],[98.079539332,50.70785482974414],[98.2577391000664,50.57079275699024],[98.30989364108201,50.47910650821094],[98.23633101901171,50.24239691348438],[97.90157607516406,49.98485525699024],[97.76233199557421,49.91223486514453],[97.42278579196093,49.78633841128711],[97.16955855807421,49.7784496173418],[96.91001418551562,49.86199148745899],[96.76998427828906,49.91350134463672],[96.37613204440234,49.94406851382617],[95.99401381930468,49.9420352801836],[95.67062667330858,49.97952231021289],[95.01427749117968,49.97603949160938],[94.69996932467578,50.02679785342578],[94.52293685397267,50.20952566714649],[94.21045974215625,50.54928549380664],[93.83646682223439,50.58671148867969],[93.00797561129689,50.64146002383594],[92.58859542330858,50.711543642],[92.15972426852343,50.75528677554492],[91.78171065768358,50.67437704654102],[91.10167983492968,50.46047552676563],[90,50.30670126529102],[90,50.12759359927539],[89.796336207,49.81644400210742],[89.78877547701953,49.81105764956836],[89.46210006198046,49.63949926944141],[89.19085219821093,49.57278021426563],[88.56673720797656,49.53679236026172],[88.29726699313281,49.44398077578906],[87.93771651705859,49.25282248111133],[87.86840346774218,49.23288687320117],[87.75841811617968,49.19966848941211],[87.50229934176562,49.19830282779102],[87.39988234957812,49.19203146548633],[87.15221694430468,49.17686804385547],[86.90806106051562,49.11036261172656],[86.78273299655078,48.99230536075],[86.77767470797656,48.8684154376543],[86.76208785494921,48.65332373233203],[86.6243391366875,48.55488165469531],[86.49448684176562,48.52814444156055],[85.9544172616875,48.48618277163867],[85.76193526705859,48.36144980044727],[85.60924819430468,48.1003375873125],[85.65256789645312,47.76246603579883],[85.74855330905078,47.44462164492969],[85.67801192721484,47.26895102115039],[85.47764876803515,47.09266241641406],[85.29040816744921,47.04623755069141],[84.96707442721484,47.01854284854297],[84.33619216403125,47.05407675357227],[84.06906417330859,47.11751516909961],[83.74472335299609,47.18067511172656],[83.25171187838671,47.29487570376758],[83.05951980075,47.0666690692461],[82.82747939547656,46.55318411441211],[82.62998488864062,46.19588430972461],[82.50125411471484,45.92336996646289],[82.4398908945,45.73547705264453],[82.71966842135546,45.50428351016406],[82.77654555758593,45.375362001375],[82.70616439303515,45.26516302676563],[82.60192397555468,45.20002707095508],[82.42505935153125,45.16678198428516],[81.91517165621875,45.27380713076953],[81.69031051119921,45.35655935855274],[81.53267196139453,45.32986029239063],[81.04586318453906,45.23679312320117],[80.23662856539843,45.12263449283008],[80.0599851938164,45.03777273745899],[79.96291640719531,44.90189703555469],[79.93243697604296,44.8051830157793],[80.03676131686328,44.7220760211504],[80.20167830905078,44.74871405215625],[80.41951278170703,44.68553503604297],[80.43285659274218,44.07457312198047],[80.58789351901171,43.79258688540821],[80.71861556491015,43.5941234454668],[80.77205947360156,43.38245733828907],[80.67250350436328,43.23421820254688],[80.35506728610156,42.9885440692461],[80.21090224703906,42.80807837100391],[80.20231154879687,42.62840231509571],[80.26470473727343,42.24143942447071],[80.27875045260546,42.15430029483204],[80.25599196871875,42.08367117495899],[80.10927871188281,41.99955328555469],[79.67309096774218,41.90105017276172],[79.0710935922539,41.74397619815235],[78.87063125094531,41.67883261294727],[78.68826583346484,41.54331930728321],[78.40125564059375,41.22801550479297],[78.11065200289843,41.07281073184375],[77.8960676523125,41.02683981509571],[77.68919661959765,41.01930197329883],[77.12774184664843,41.12502249331836],[77.02039626559375,41.11162146182422],[76.81067183932421,40.89929159732227],[76.60212996920703,40.54634817691211],[76.481638941375,40.43697317691211],[76.08359816989062,40.37723883242969],[75.85559371432421,40.31206091494922],[75.70093062838671,40.33677633853321],[75.61860946139453,40.59209021182422],[75.59170058688281,40.62392386050586],[75.42999556979296,40.6102367267168],[74.64844802340625,40.27984579654102],[74.00865462741015,39.96319922061329],[73.88494399508593,39.87966116519336],[73.8270750375664,39.78373297305469],[73.76455977877734,39.4510799274004],[73.75992873629687,39.42010458560352],[73.77017501315234,38.95586737246875],[73.67699721774218,38.85573538394336],[73.71202376803515,38.71873434634571],[73.85831740817187,38.54150732608204],[74.066599878875,38.56176718325977],[74.16916945895312,38.63442572207813],[74.26817611178515,38.60747107119922],[74.57975295504687,38.59007986636524],[74.70292190035937,38.52070959658985],[74.83551314791796,38.29854544253711],[74.83175948580859,38.17083700747852],[74.84434035739062,38.06021841616993],[74.91275313815234,38.0549503192461],[74.93470290621875,37.99982412906055],[74.87815383395312,37.80742605777149],[74.98836806735156,37.70091971011524],[74.92007735690234,37.53887899966602],[75.01015761813281,37.46551855655079],[74.92869094332812,37.38232763858204],[74.89278701266406,37.27037771792774],[74.73327163180468,37.20940359683399],[74.4785642953789,37.27799566836719],[74.25550368746875,37.30219992251758],[74.13705733737109,37.37039908023243],[73.88264754733203,37.26831015200977],[73.44465926608203,37.20194204898243],[73.38334182223437,37.22826346011524],[73.4412336679375,37.30722769351368],[73.3519773813164,37.34173544497852],[73.04716018160937,37.32828863711719],[72.71422103366015,37.18614538760547],[72.4481687875664,36.96757849307422],[72.18286422213671,36.93875845523243],[71.84756759127734,36.7160716876543],[71.68982222994921,36.70247610659961],[71.52447036227343,36.71427877993946],[71.46695235690234,36.75213583560352],[71.39291671237109,36.93624838443165],[71.30323317965625,37.17035635562305],[71.3865232797539,37.37039908023243],[71.43059829196093,37.71935232730274],[71.44410994967578,37.8340144977129],[71.36744216403125,37.91801794619922],[71.14935592135546,37.87588080020313],[71.2197981210625,38.14477499575977],[70.9606199594414,38.34712942691211],[70.8914289804375,38.37221487613086],[70.71880629977343,38.3648868426836],[70.59022048434375,38.29198034854297],[70.52996352633593,38.12868841739063],[70.33407882174609,37.93609579654102],[70.31235793551562,37.74497183413868],[70.31502822360156,37.6303897723711],[70.22142318209765,37.52801474185352],[70.02215102633593,37.45688208194141],[69.96237472018359,37.4629093036211],[69.69838241061328,37.53147085757618],[69.56701186617968,37.50527533145313],[69.53382399996875,37.42233236880665],[69.53726485690234,37.28231009097461],[69.40218642672656,37.14154013247852],[69.30783370455859,37.08373221011524],[69.13641646823046,37.07641943545704],[68.85298446139453,37.18304022403125],[68.70652297457812,37.18221624942188],[68.44501021823046,37.0534740314043],[68.18420699557421,36.89927633853321],[67.96541884860156,36.83441885562305],[67.8555403085625,36.85289343448047],[67.79717544039843,36.91620977969532],[67.77926925143359,36.940791688875],[67.6217527719414,37.15708502383594],[67.51531508883593,37.21378286929493],[66.9677000375664,37.23619040103321],[66.6765852304375,37.24093206973438],[66.63383010348437,37.24810751529102],[65.97912887057421,37.35799749942188],[65.72472670992968,37.49027975650196],[65.52440932711718,37.33000906558399],[65.33691695651171,37.23984106631641],[64.82598403414843,37.14788397403125],[64.6321287485039,36.78401907534961],[64.540720972625,36.33809240908985],[64.49449447116015,36.28057058902149],[64.26583388766406,36.1711383685625],[63.37228301486132,35.86080511660938],[63.11659530123828,35.78940924258594],[63.06297973116992,35.70006521792774],[63.06273177584765,35.49018820376758],[62.96358016451953,35.40060766787891],[62.67759231051562,35.26546057315235],[62.43746093234179,35.25139578433399],[62.17949584445117,35.28810843081836],[61.72973159274218,35.44456060977344],[61.30818084200976,35.53123053164844],[61.22134307345507,35.58161505313282],[61.18624785861132,35.59415014834766],[61.11867812594531,35.90544470401172],[61.1140737863457,36.15988119693165],[61.09687713107226,36.54155691714649],[61.01400283297656,36.63655813784961],[60.65985778292773,36.60276373477344],[60.34631255587695,36.60736807437305],[60.05139831027148,36.83485373111133],[59.24048140963671,37.44784124942188],[58.9716062875664,37.59917028994922],[58.67489531954882,37.67394217105274],[58.44981292208789,37.69816549868946],[58.09498885592578,37.72803076358204],[57.72487929782031,37.87882956118946],[57.40650847872851,37.99171408267383],[57.22546676119921,38.18818625064258],[56.75084975680468,38.23650320620899],[56.51731017550586,38.26069220157032],[56.36325744113086,38.20249899478321],[56.13091186007617,38.04833181949024],[55.98069671115039,38.03474768252735],[55.62962630709765,38.05191382022266],[55.35565856417773,38.03765066714649],[55.16967299899218,37.9729190692461],[54.95576384982226,37.82522924991016],[54.6760855050957,37.53070028872852],[54.46658233126757,37.39581259341602],[54.21389296969531,37.33710058780079],[54.01511290988086,37.34832724185352],[53.98521712741015,37.51772650332813],[53.92775252780078,37.82421835513477],[53.87986281832812,38.02535589785938],[53.9373274179375,38.15944632144336],[53.9373274179375,38.33184774966602],[53.9373274179375,38.5712962970293],[53.98521712741015,38.65749701114063],[54.03310683688281,38.79158743472461],[54.07141784152148,38.89694555850391],[54.03310683688281,38.99272116275196],[53.91817382296679,39.0501895770586],[53.77450469454882,39.13639029116993],[53.67872527560351,39.25132711978321],[53.65957168063281,39.31837042422657],[53.5829458566582,39.31837042422657],[53.49674514254687,39.33752783389454],[53.3339224191582,39.38541754336719],[53.24772170504687,39.29921682925586],[53.2094107004082,39.4045711383379],[53.24772170504687,39.45246084781055],[53.31476500949023,39.56739767642383],[53.37223342379687,39.51950796695118],[53.54463485201953,39.53866156192188],[53.73619368991015,39.50035055728321],[53.79366210421679,39.49077185244922],[53.8128156991875,39.54824026675586],[53.66914657076953,39.64401968570118],[53.55421355685351,39.65359839053516],[53.51590255221484,39.77811010928516],[53.59252456149218,39.89304693789844],[53.6883039804375,39.97924765200977],[53.50632384738086,39.99840124698047],[53.36265471896289,39.9600902423418],[53.19025329074023,39.9600902423418],[53.04658416232226,39.99840124698047],[52.98911574801562,39.93135794253711],[52.91249373873828,40.04629095645313],[52.84545043429492,40.18038138003711],[52.84545043429492,40.33362921328907],[52.82629302462695,40.46771963687305],[52.90291503390429,40.56349905581836],[52.95080474337695,40.70716436953907],[52.96996215304492,40.82210119815235],[53.01785186251757,40.94661291690235],[53.05616286715625,41.05197104068165],[53.15194228610156,40.89872320742969],[53.18067458590625,40.84125479312305],[53.25730040988086,40.76463278384571],[53.43927672824023,40.80294378848438],[53.61168197116015,40.745479188875],[53.65957168063281,40.81252249331836],[53.64999297579882,40.87956961245899],[53.69788268527148,40.87956961245899],[53.76492598971484,40.869990907625],[53.79366210421679,40.72632177920704],[53.84155181368945,40.64012106509571],[53.97564223727343,40.64969976992969],[54.10973266085742,40.67843206973438],[54.22466567477343,40.72632177920704],[54.33002379855273,40.68801077456836],[54.41622451266406,40.65927847476368],[54.45453551730273,40.71674307437305],[54.38748839816211,40.80294378848438],[54.3683348031914,40.89872320742969],[54.45453551730273,40.91788061709766],[54.50242522677539,40.85083349795704],[54.60778335055468,40.81252249331836],[54.7227163644707,40.85083349795704],[54.81849578341601,40.87956961245899],[54.82807448825,40.98492392154102],[54.75144866427539,41.13817175479297],[54.5982046457207,41.24352987857227],[54.35875609835742,41.38719519229297],[54.16719726046679,41.48297461123829],[54.13846496066211,41.62664373965625],[54.11930755099414,41.77989157290821],[54.02352813204882,41.85651358218555],[54.02352813204882,41.95229300113086],[54.02352813204882,42.04807242007618],[53.98521712741015,42.10553701968555],[53.73619368991015,42.1342731341875],[53.4584341379082,42.09596212954883],[53.26687530001757,42.08638342471485],[53.06574157199023,42.02891501040821],[52.9795408578789,41.90440329165821],[52.94122985324023,41.77031286807422],[52.99869445284961,41.6841121539629],[52.96996215304492,41.5596004352129],[52.93165114840625,41.37762030215625],[52.96038344821093,41.27226217837696],[52.96996215304492,41.13817175479297],[52.85502532443164,41.38719519229297],[52.69220260104296,41.53086432071094],[52.71136001071093,41.60749014468555],[52.68262389620898,41.69369085879688],[52.55927184542773,41.75783880801563],[52.60074523409961,41.93767889590625],[52.57376769503711,42.01860388369922],[52.51981643160937,42.07255514712696],[52.58275893649218,42.1894489154375],[52.6726789804375,42.27936895938282],[52.73562148532031,42.42324026675586],[52.75360778292773,42.55811651797657],[52.8345327707207,42.64803656192188],[52.76259902438281,42.75593908877735],[52.58275893649218,42.82787283511524],[52.37594893893359,42.80089529605274],[52.29502013644336,42.8728328570879],[52.16014388522265,42.8458553180254],[52.07022384127734,42.82787283511524],[51.98030379733203,42.90880163760547],[51.8813963266289,43.05266913028125],[51.73752501925586,43.17855414004688],[51.58466247042773,43.17855414004688],[51.42280868014453,43.1695628985918],[51.42280868014453,43.25948294253711],[51.45877746066211,43.38536795230274],[51.36885741671679,43.55621298404102],[51.26095488986132,43.61016424746875],[51.17103484591601,43.71806677432422],[50.99119857272265,44.07774313540821],[50.95522979220507,44.20362814517383],[50.70345977267382,44.25757940860157],[50.3887434335625,44.29354818911915],[50.32580092867968,44.36548193545704],[50.33479217013476,44.56330450625782],[50.40672591647265,44.61725576968555],[50.54160598239062,44.64423330874805],[50.72144225558398,44.63523825259571],[50.87430480441211,44.62624701114063],[51.09010985812304,44.56330450625782],[51.33288863619921,44.48237951846485],[51.41381743868945,44.51834448428516],[51.57567122897265,44.55431326480274],[51.48575118502734,44.62624701114063],[51.36885741671679,44.68019827456836],[51.18902114352343,44.77011831851368],[51.09910109957812,44.87802084536915],[51.21599486788867,45.03987463565235],[51.34188369235156,45.0578571185625],[51.37784865817187,45.17475088687305],[51.45877746066211,45.30963095279102],[51.51272872408984,45.37257345767383],[51.62962249240039,45.35459097476367],[51.77349379977343,45.39055594058399],[51.84542754611132,45.43551596255664],[51.99829009493945,45.38156469912891],[52.10619262179492,45.38156469912891],[52.60973647555468,45.39955099673633],[53.05932906588671,45.33660467715625],[53.28412917575,45.32761343570117],[53.21219161471484,45.36358221621875],[53.05932906588671,45.4534984454668],[52.84352401217578,45.5074535235918],[52.8345327707207,45.6423297748125],[52.92445281466601,45.73224981875781],[53.05033782443164,45.83116110415821],[53.14924910983203,45.95704611392383],[53.20320037325976,46.19083365054492],[53.2571516366875,46.31672247500781],[53.18521789034961,46.42462118716602],[53.12227538546679,46.49655874820117],[53.16723159274218,46.58647497744922],[53.28412917575,46.67639502139453],[53.23017791232226,46.73034628482227],[53.18521789034961,46.86522635074024],[53.0233641000664,46.91917761416797],[52.8615103097832,46.93716009707813],[52.55578521212695,46.98212011905078],[52.46586516818164,46.91018255801563],[52.37594893893359,46.87421759219531],[52.14215758761523,46.83824881167774],[51.93534759005664,46.89220007510547],[51.79147628268359,47.00909384341602],[51.67458251437304,47.03607138247852],[51.36885741671679,47.09002264590625],[51.11708358248828,47.06304510684375],[50.82035354098437,46.91917761416797],[50.63152221163867,46.91018255801563],[50.27184966525195,46.68538626284961],[49.94814208468554,46.55950125308399],[49.72334578951953,46.53252371402149],[49.53451446017382,46.54151877017383],[49.4086294504082,46.43361624331836],[49.31320479830859,46.35268744082813],[49.23778441866992,46.26276739688281],[49.05794433077929,46.13688238711719],[48.88709929904101,46.08293112368946],[48.83314803561328,46.08293112368946],[48.83314803561328,46.01998861880664],[48.83314803561328,45.92107733340625],[48.77020553073046,45.88510855288867],[48.63532927950976,45.97502859683399],[48.48246673068164,45.88510855288867],[48.30262664279101,45.76821478457813],[48.01488784274218,45.71426352115039],[47.87101653536914,45.67829855533008],[47.75412276705859,45.71426352115039],[47.67319777926562,45.75023230166797],[47.62823775729296,45.73224981875781],[47.60126403292773,45.66031225772266],[47.6552114816582,45.54341848941211],[47.55630401095507,45.4534984454668],[47.47537520846484,45.3186221942461],[47.39445022067187,45.17475088687305],[47.25057891329882,44.98592337222461],[47.16965392550586,44.86003836245899],[47.02578261813281,44.78810080142383],[46.87292006930468,44.68019827456836],[46.80997756442187,44.53633078189258],[46.84594634493945,44.44641073794727],[46.99880507907031,44.35649069400196],[47.14267638644336,44.3385082110918],[47.22360137423632,44.20362814517383],[47.33150771578906,44.18564566226368],[47.43940642794726,44.03278311343555],[47.56529525241015,43.84395559878711],[47.53831771334765,43.67311056704883],[47.49336150607226,43.58319052310352],[47.5203352304375,43.51125677676563],[47.56529525241015,43.60117300601368],[47.61025527438281,43.7540355548418],[47.66420653781054,43.85294684024219],[47.73614028414843,43.86193808169727],[47.67319777926562,43.66411551089649],[47.57428649386523,43.50226172061329],[47.60126403292773,43.32242544741993],[47.6552114816582,43.27746542544727],[47.58327773532031,43.18754919619922],[47.56529525241015,43.0077091083086],[47.73614028414843,42.89980658145313],[47.79009154757617,42.85484655948047],[47.8440428110039,42.62105902285938],[47.96992782076953,42.59408529849415],[48.13178161105273,42.40525396914844],[48.22170165499804,42.27936895938282],[48.41952422579882,42.09053763003711],[48.50044921359179,41.92868383975391],[48.662303003875,41.90171011538868],[48.68323806246875,41.83590658755665],[48.55210402926562,41.63380011172657],[48.32871917208789,41.50614889712696],[48.20107177218554,41.46359976382618],[48.06278518160937,41.31467779727344],[47.98832610568164,41.21894415469532],[47.81812957247851,41.19766958804493],[47.61601928195117,41.2614932879961],[47.35008529147265,41.30404242129688],[47.35008529147265,41.44232519717579],[47.22243789157031,41.5699764117754],[47.16925338229296,41.5699764117754],[47.12670424899218,41.62316092105274],[46.91395858248828,41.75080832095508],[46.85013488253711,41.83590658755665],[46.76503661593554,41.83590658755665],[46.66929915866015,41.81463202090625],[46.65865996798632,41.88909491153125],[46.55577758273242,41.87845572085743],[46.49910262545703,41.96355398745899],[46.39272979220507,41.99546774478321],[46.28635695895312,41.98482855410938],[46.15870955905078,42.00610312075977],[46.041697535125,42.04865225406055],[45.91405013522265,42.12311514468555],[45.75448897799609,42.2507625445879],[45.8076773019707,42.38904913516407],[45.86086181124804,42.47414740176563],[45.8076773019707,42.5379711017168],[45.64811614474414,42.54860647769336],[45.47791961154101,42.54860647769336],[45.38218596896289,42.62306936831836],[45.29708388766406,42.67625387759571],[45.20135024508593,42.67625387759571],[45.13752654513476,42.71880301089649],[45.03115371188281,42.7719913348711],[44.9779653879082,42.7719913348711],[44.93541625460742,42.74007757754688],[44.87159255465625,42.66561850161915],[44.78649428805469,42.72944220157032],[44.6694822641289,42.76135214419727],[44.50992492159961,42.76135214419727],[44.41418746432422,42.72944220157032],[44.37163833102344,42.68689306826954],[44.2971792550957,42.61243017764454],[44.16953185519336,42.61243017764454],[44.05251983126758,42.55924566836719],[43.95678618868945,42.59115561099415],[43.83977416476367,42.64434393496875],[43.86104873141406,42.6975284442461],[43.92487243136523,42.75071676822071],[43.78658584078906,42.80390127749805],[43.68021300753711,42.85708960147266],[43.52065566500781,42.88899954409961],[43.28663543185351,42.94218786807422],[43.15898803195117,43.03792532534961],[43.11643508395312,43.10174902530079],[42.95687774142383,43.17620810122852],[42.82923034152148,43.15493353457813],[42.74413207491992,43.15493353457813],[42.56329635104297,43.22939642520313],[42.31863692721484,43.22939642520313],[42.12716582736133,43.18684729190235],[41.98888305148242,43.18684729190235],[41.82932189425586,43.20812185855274],[41.69103530367969,43.24003180117969],[41.57402709445117,43.28258093448047],[41.47828963717578,43.35704382510547],[41.38255599459765,43.35704382510547],[41.23363402804492,43.35704382510547],[41.14853576144336,43.37831839175586],[41.0634374948418,43.42086752505665],[40.93578628024219,43.48469122500782],[40.80813888033984,43.5272403583086],[40.60603240450976,43.53787573428516],[40.42519668063281,43.54851492495899],[40.39328673800586,43.56978949160938],[40.26563552340625,43.59106405825977],[40.14862731417773,43.51660116763477],[40.09806350192187,43.37755163760547],[39.458689722625,43.83293112368946],[38.92371276339648,44.21186026187305],[38.5560903879082,44.38509710879688],[38.27700332125781,44.42320593448047],[38.10918334445117,44.49377401919727],[37.88037398776172,44.71894796939258],[37.77405074557422,44.74454077334766],[37.62174514254687,44.67330893130665],[37.47389129122851,44.69235952945118],[37.31793883761523,44.92420919986133],[36.95986846408008,45.22735556216602],[37.22774795016406,45.3120189532793],[37.46097091158984,45.31247671695117],[37.66126540621875,45.3452335223711],[37.70609572848437,45.57840307803516],[37.86787703951953,45.79251440616016],[37.98994353732226,46.00666006656055],[38.22715285739062,46.02009161563281],[38.45897963961719,46.07891424746875],[38.26491454562305,46.31855734439258],[37.97017196139453,46.44128378482227],[37.75709823092578,46.60319098086719],[37.86659911593555,46.65535696597461],[38.03186324557422,46.66868170352344],[38.40109160861133,46.72135122866992],[38.7227392526543,46.87792166324024],[39.28235915621875,47.07403143496875],[39.19409469088672,47.24295004458789],[39.15985396823047,47.26889380069141],[38.80024627169726,47.22916754336719],[38.20972732028125,47.15045889468555],[37.85925200900195,47.10374411197071],[37.42214492282031,47.07688101382617],[37.19263366183398,46.89442022891406],[36.86455825289844,46.80929144473438],[36.471172485416254,46.7429979280719],[36.2631198,46.6211494],[35.85055831393359,46.66439016909961],[35.62433150729297,46.52106054873828],[35.5464361,46.4717982],[35.4618071,46.4454276],[35.3677341,46.3641088],[35.2594183,46.3761884],[35.1229475,46.3319952],[35.0108526,46.2566778],[34.8419378,46.2109625],[34.8230551,46.1858919],[34.8141986,46.1499444],[34.90937426194977,45.92102295300215],[35.0024387,45.7042631],[35.098569,45.6255654],[35.18020729794321,45.54876979026885],[35.3593737679081,45.408535059137684],[35.5709811,45.296145],[35.84976485690234,45.44522818179492],[36.32316497286914,45.43969687075977],[36.52104857882617,45.38828619571094],[36.41513350924609,45.27157171817188],[36.3671141000664,45.16148336978321],[36.26475432833789,45.09658773990039],[36.0046987863457,45.04433401675586],[35.86545470675586,45.03111990542774],[35.59955504855273,45.10174139590625],[35.38666060885547,45.08192404361133],[35.0673208566582,44.8617244586504],[34.61416152438281,44.84146841616993],[34.3722410531914,44.75717505069141],[34.13495543917773,44.53749807925586],[34.01372436007617,44.49212225528125],[33.66015532931445,44.52365835757618],[33.39549544772265,44.60049017520313],[33.55937865695117,44.93613775821094],[33.5166731210625,45.12350805850391],[33.39787200411914,45.2526813373125],[33.01349166354297,45.38137014956836],[32.92628768405078,45.38767202945117],[32.64344695529101,45.3806339129961],[32.57530120333789,45.36108358950977],[32.50324157199023,45.44510229678516],[32.90225890597461,45.67258032412891],[33.19164946993945,45.78977545352344],[33.53945830783008,45.87471350283985],[33.63883880099414,45.92677267642383],[33.52794555148242,46.13406332583789],[33.33253386935351,46.16611059756641],[32.97293380221484,46.14594992251758],[32.51644423922656,46.12558325381641],[32.20216659030078,46.17036017032031],[32.11410430392383,46.21562155337696],[31.92594054659961,46.4099307879961],[32.1887922616875,46.59223898501758],[31.95127013644336,46.86462744326953],[31.78104690035938,46.70186194033985],[31.53773406466602,46.70138128848438],[31.08723166903613,46.63553579898242],[30.83285621127246,46.57659109683399],[30.52046111544727,46.25140722842578],[30.43284740345622,46.17574956961106],[30.06606624338759,46.28035652089903],[29.96431014746955,46.36854513736133],[29.80684742762615,46.50501282789227],[29.42665983117604,46.81607540680601],[29.11559725226231,47.28266927517659],[28.90822219965315,47.81838816108358],[28.41541579684375,48.08221014590625],[28.38704398593067,48.10490759463672],[28.38704398593067,48.13895376773242],[28.34732345065235,48.15030249209766],[28.30192855319141,48.13327749820117],[28.31895163973926,48.15597494693164],[28.35867217501758,48.20136984439258],[28.34732345065235,48.2297435626543],[28.29625419100879,48.2297435626543],[28.21681312045215,48.21271856875781],[28.16006949862598,48.22406729312305],[28.11467460116504,48.21839483828906],[28.08062842806934,48.25244101138477],[28.05793097933887,48.28081091494922],[28.01253608187793,48.30918463321094],[27.94444373568653,48.31486090274219],[27.88202575167774,48.33755835147266],[27.81960586032031,48.39430197329883],[27.72314170321582,48.43402060122852],[27.70611861666797,48.43969687075977],[27.600274,48.4901886],[27.4754332,48.5566142],[27.3870276,48.6267822],[27.1362303,48.5743357],[26.8207167,48.5810364],[26.3695906,48.5417279],[26.2047957,49.0171574],[26.239643,49.6381767],[26.3060759,50.1994296],[27.2103868,50.6085181],[27.43240416339015,51.20193149813869],[27.51070775896021,51.62182536035422],[27.531400848325895,51.64430254514842],[27.502007652041748,51.7297296354113],[27.56267511253243,51.81232062393623],[27.52020789018895,51.94963658987147],[27.59237471932501,51.99819160392558],[27.53979593985829,52.256419382031964],[27.6113878,52.5780198],[27.166079815338716,52.57314658619097],[26.8135067,53.0639134],[26.9051741,53.3773895],[26.9352148,53.8008537],[27.2831719,54.1415239],[27.4857327,54.3489532],[27.4462507,54.5746489],[28.1754683,54.9967213],[28.2997509,55.2139441],[28.3059309,55.5404823],[27.9227827,55.8098673],[27.58046821078418,55.78117712588672],[27.61130240878223,55.87367971988086],[27.64213660678028,55.9199291095293]]],[[[-175.99059006253125,67.84674414248829],[-175.51398178616407,67.66881140323048],[-175.42215439358594,67.60198553653126],[-175.38904282132032,67.50534399600392],[-175.18892380276563,67.31261023135548],[-175.00623032132032,66.95733221621876],[-175.10054489651563,66.76504858584767],[-174.63516708889844,66.40478857608204],[-174.1933335928047,66.28795965762501],[-174.20201584378125,66.3688159808672],[-174.06827255764844,66.43529089541798],[-174.09120651760938,66.52358587832813],[-174.37830063382032,66.69997747989063],[-174.37114426175,66.9437442645586],[-174.33661362210157,67.07699926944142],[-173.87494370022657,67.15932806582813],[-173.4322251943672,67.03428228946095],[-173.17439743557813,66.9903751239336],[-172.82922836819532,66.96141394229298],[-172.37796494046094,67.0140567645586],[-171.95799728909375,66.95566900821095],[-171.53966232815625,66.76436194033985],[-171.22723862210157,66.60267218203907],[-170.47313400784375,66.2949405536211],[-170.06616684475782,66.17817267032032],[-169.87270065823438,66.08316382022267],[-169.83243271389844,66.02456244082813],[-169.9869126943672,66.00963934512501],[-170.44873520413282,66.05273779483204],[-170.61266037503125,66.0377612933672],[-170.9761705068672,65.67843969912892],[-171.66856857815625,65.88923987002735],[-171.60648056546094,65.8088565692461],[-171.40962692776563,65.70685156436329],[-171.20030685940625,65.5611759051836],[-171.7300309805,65.61127050967579],[-172.18362900296094,65.58850439639454],[-172.72432419339063,65.76287420840626],[-173.0431413320625,65.80616339297657],[-172.9825944570625,65.74776037783985],[-172.85268112698438,65.63107641787892],[-172.81468674221875,65.6311450824297],[-172.56233688870313,65.51480444522267],[-172.47015854397657,65.37645300479298],[-172.4112291006172,65.17272528262501],[-172.43655869046094,65.02004583926563],[-172.80272385159375,64.99756201358204],[-173.16508957425,64.96792944522267],[-173.25040146389844,64.89551123233204],[-173.02515121975782,64.50645788760548],[-173.07701584378125,64.38398321719532],[-173.54488083401563,64.41909369082813],[-173.72377487698438,64.38278540225392],[-174.26068588772657,64.46094091983204],[-174.379445043,64.61921270938282],[-175.18715378323438,64.84854467959767],[-175.3008775381172,64.72565039248829],[-175.82738205471875,64.93402441592579],[-175.95168015042188,65.00617560000782],[-176.07092758694532,65.18765600772267],[-175.99268051663282,65.26787146182423],[-176.13722702542188,65.45704229922657],[-176.52850815335157,65.60957678408985],[-176.78275009671094,65.63828619571095],[-177.12561508694532,65.62305029483204],[-177.51186081448438,65.52012213321095],[-178.11627670803907,65.48249395938282],[-178.6535386709297,65.53986700625782],[-178.62723251858594,65.68596991153126],[-178.6969499258125,65.83212622256642],[-178.97508713284375,66.05139502139454],[-179.37857529202344,65.9959903583086],[-179.58118149319532,65.81180151553517],[-180,65.25922735782032],[-180,65.31103094668751],[-180,65.38161810489063],[-180,65.96313055606251],[-180,66.96313055606251],[-180,67.96313055606251],[-180,68.91692694278126],[-178.89124008694532,68.64245184512501],[-178.12918564358594,68.37364538760548],[-177.70938583889844,68.29199560733204],[-175.99059006253125,67.84674414248829]]],[[[54.73616317233203,73.25771673770313],[55.18068984469531,73.2664981708086],[55.81617644747851,73.30733831973438],[56.06405929049609,73.27609594912892],[56.50850203951953,73.1738696918047],[56.48010543307421,73.0946231708086],[56.27160552462695,72.85721167178517],[56.13589766940234,72.78598364444142],[55.8220930429375,72.75388678164845],[55.62266829928515,72.6511417254961],[55.51757720431445,72.47799261660938],[55.52035811862109,72.10975226016407],[55.72066405734179,71.64242132754688],[56.15146544894336,71.27099188418751],[56.37879470309375,71.13226660342579],[56.72748855075,70.99396856875782],[57.2506590219414,70.81779821963673],[57.23775390109179,70.69104345889454],[56.05858519991992,70.73096808047657],[55.67880156954882,70.7071948871172],[55.26625350436328,70.56052740664845],[54.99829390963671,70.52167090030079],[54.69406035861132,70.74377020450001],[54.52245238741992,70.75885351748829],[54.03161147555468,70.71947821231251],[53.72863677462695,70.76506384463673],[53.71469787081836,70.92670019717579],[54.32065490206836,71.08981665225392],[54.35347655734179,71.19802435489063],[54.30786803683398,71.20566137881642],[53.88306334933398,71.32867010684376],[53.23379806002734,71.51353796573048],[52.55046752413867,71.58989294619923],[52.40185073336718,71.51972540469532],[52.12104705294726,71.4648853168047],[51.81493667086718,71.47981604190235],[51.53354171237109,71.65794714541798],[51.48213485201953,71.84467657657032],[51.58508971652148,71.9852481708086],[51.76045897921679,72.07929571719532],[51.91487792452929,72.09522589297657],[52.05825713595507,72.04857977481251],[52.35105422457812,72.04133185000782],[52.58397963961718,72.12773474307423],[53.08853820284961,72.47346838565235],[53.19784835299609,72.63089331241017],[53.05286315402148,72.63060339541798],[52.61114028414843,72.74000128360157],[53.07971862277148,72.90652044864063],[53.30976012667773,73.04128607364063],[53.50230315646289,73.13657721133595],[54.1440916391289,73.14571722598438],[54.73616317233203,73.25771673770313]]],[[[54.99362472018359,73.53622778506642],[54.66363051852343,73.47199591250782],[54.47870543917773,73.51936682315235],[54.01755050143359,73.73358496280079],[54.34921554049609,73.86993750186329],[54.89357665499804,74.06292303653126],[55.18793395480273,74.10351904483204],[55.88524154147265,74.10480841250782],[55.94557479342578,74.26536139102345],[55.61850646456836,74.41746100039845],[55.77594283541796,74.53853186221485],[55.96450332125781,74.60336645694142],[56.26875594576953,74.61199530215626],[56.6520262094414,74.69341620059376],[56.53924087008593,74.7658878192461],[56.30263808688281,74.87056311221485],[56.99497893771289,75.27312811465626],[57.22605422457812,75.3313175067461],[57.32729629000781,75.2984805926836],[57.7286978097832,75.29101141543751],[58.17005828341601,75.53156622500782],[58.5585317941582,75.68162878604298],[59.01763061007617,75.79893072696095],[59.45592788180468,75.86640509219532],[60.04297164401171,75.9175220355547],[60.61674025973437,75.89358862491017],[60.94898513278125,75.9609790668047],[61.30258849581836,76.23785742373829],[61.42554381808398,76.22968634219532],[61.81874755343554,76.28919561953907],[62.59329513033984,76.16482885928517],[62.80526641329882,76.18198736758595],[63.67331984957812,76.32630499453907],[64.10461715182421,76.34393652530079],[65.08725264987109,76.45518835635548],[65.92605880221484,76.50735815616017],[66.2732649179375,76.76152380557423],[66.44234755953906,76.82964666934376],[67.57229903658984,76.89120825381642],[68.4567137094414,76.92682226748829],[68.66830733737109,76.86778601260548],[68.86719039401171,76.76642187686329],[68.93684676608203,76.60583838076954],[68.5714598031914,76.39442022891407],[68.328318628875,76.31829413028126],[67.72246840914843,76.17451819033985],[66.54819014987109,75.97989233584767],[64.60047439059375,75.75954779239063],[63.61646941622851,75.63308294864063],[62.66149428805468,75.49864538760548],[61.83259490450976,75.35651739688282],[60.88701919039843,75.24749334903126],[60.4633283945,75.15610846133595],[60.33365539034961,75.03255804629688],[60.6233511300957,74.93528326602345],[60.4335203500664,74.83779486270313],[60.00877288302539,74.67541082950001],[59.77162078341601,74.65884741397267],[58.85056594332812,74.68941839785938],[58.65640548190234,74.60839422793751],[58.60250380953906,74.50352057071095],[58.88194564303515,74.39136084170704],[58.73313430270312,74.28661688418751],[58.19052413424609,74.08507879825001],[58.0093489023125,74.14886816592579],[57.67119887789843,74.18831213565235],[57.4047346445,74.05159338565235],[57.79941848239062,73.92428930850392],[57.8228140207207,73.78055151553517],[57.3303938241875,73.4849048480547],[56.96043685397265,73.35708960147267],[56.69509032687304,73.42014654727345],[56.2649526925957,73.51473578067188],[55.75743392428515,73.5774341449297],[55.42486861666796,73.55293615908985],[54.99362472018359,73.53622778506642]]]]}},{"type":"Feature","properties":{"NAME":"Romania","ABBREVN":"Romanid","SUBJECTO":"Romania","BORDERPRECISION":3,"PARTOF":"Romania"},"geometry":{"type":"MultiPolygon","coordinates":[[[[24.9576115,47.8009191],[25.0618851,48.1530601],[25.2325272,48.2993684],[25.532248,48.3938635],[25.5886388,48.6184845],[25.6874514,48.664579],[25.8124423,48.6588106],[25.9229707,48.5882756],[26.0504079,48.6480232],[26.1426541,48.567975],[26.3695906,48.5417279],[26.8207167,48.5810364],[27.1362303,48.5743357],[27.3870276,48.6267822],[27.4754332,48.5566142],[27.600274,48.4901886],[27.70611861666797,48.43969687075977],[27.72314170321582,48.43402060122852],[27.81960586032031,48.39430197329883],[27.88202575167774,48.33755835147266],[27.94444373568653,48.31486090274219],[28.01253608187793,48.30918463321094],[28.05793097933887,48.28081091494922],[28.08062842806934,48.25244101138477],[28.11467460116504,48.21839483828906],[28.16006949862598,48.22406729312305],[28.21681312045215,48.21271856875781],[28.29625419100879,48.2297435626543],[28.34732345065235,48.2297435626543],[28.35867217501758,48.20136984439258],[28.31895163973926,48.15597494693164],[28.30192855319141,48.13327749820117],[28.34732345065235,48.15030249209766],[28.38704398593067,48.13895376773242],[28.38704398593067,48.10490759463672],[28.41541579684375,48.08221014590625],[28.42679028914452,48.09737613564061],[28.90822219965315,47.81838816108358],[29.11559725226231,47.28266927517659],[29.42665983117604,46.81607540680601],[29.80684742762615,46.50501282789227],[29.96431014746955,46.36854513736133],[30.06606624338759,46.28035652089903],[30.43284740345622,46.17574956961106],[30.06882194003223,45.86140020938281],[29.72974875887988,45.76999243350391],[29.62951186617969,45.75035818667774],[29.50043014010547,45.52336844058399],[29.5360937448418,45.45219763369922],[29.615916285125,45.41020544619922],[29.68321135958789,45.37478979678516],[29.7107649179375,45.25833471866016],[29.57896140536426,45.0575023517168],[29.45752242526172,44.91514929385547],[29.26158240756153,44.89542349429493],[29.08974936923145,44.87573202700977],[28.91823676547168,44.76575049014454],[28.68624785861133,44.48805197329883],[28.57311347445606,44.19782217593555],[28.52988532504199,43.84347113223438],[28.51010611971973,43.74307592959766],[28.48053840121387,43.59228476138477],[28.44569304904102,43.47636374087696],[28.32809546908496,43.43752630801563],[28.18705848178028,43.45011862368946],[28.03463843783496,43.39190252871875],[27.85416751150803,43.47670905010202],[27.71935738308387,43.47670905010202],[27.58454725465971,43.58455715284135],[27.36885104918106,43.61151917852618],[27.12619281801757,43.85417740968966],[26.7217624327451,43.98898753811383],[26.5728607660635,44.21320992721194],[26.4062052102959,44.15441855044727],[25.54909232577442,43.80730398745899],[25.37810615023731,43.78062399478321],[24.75501540621875,43.93818625064258],[24.62034514865039,43.94390066714649],[24.30952361544727,43.8263126239336],[24.15637305697559,43.81260641665821],[23.63830474337696,43.99007376284961],[23.41088775118946,43.99092444033985],[23.06405738314746,43.9060245379961],[22.94437507113574,43.89540823550586],[22.92311004122852,43.98031576724415],[23.02825644930957,44.12361105533008],[22.87038329562305,44.17139013858204],[22.69400123080371,44.2630916461504],[22.50596145114063,44.34659918399219],[22.44056609591602,44.49529989810352],[22.58481505831836,44.58559759707813],[22.74236587008594,44.58028372378711],[22.69110206088184,44.63871725650196],[22.40952590426563,44.75029715152149],[22.29590133151172,44.69185217471485],[22.19940856417774,44.56434591861133],[22.13289741000293,44.51123388858204],[21.94650939425586,44.61877783389454],[21.85890296420215,44.68122061343555],[21.59185126742481,44.7077823504961],[21.58331397494434,44.79280050845508],[21.47765258273242,44.79280050845508],[21.36748794039844,44.80874975772266],[21.34424880465625,44.88314779849415],[21.42414191683887,44.92547186465625],[21.54576781710742,44.95756109805469],[21.4382925363457,44.99479254336719],[21.35578063449024,45.02144201846485],[21.41177276095508,45.08694418521289],[21.49739364108203,45.14403494449024],[21.4660311075127,45.2080150470293],[21.32853606661914,45.26117666812305],[21.07910636386035,45.32453497500781],[20.75868705233691,45.53645666690235],[20.78453353366016,45.57608755679492],[20.73825934847949,45.62946661563281],[20.7720499368584,45.78963049502735],[20.68108848055957,45.80564840884571],[20.5950479837334,45.912471376375],[20.33922294100879,45.99261053653125],[20.31473449191211,46.13150747866992],[20.39403441866992,46.13075979800586],[20.51258376559375,46.17680319400196],[20.83824828585742,46.19802054019336],[21.00061515292285,46.27027472110156],[21.33972266635059,46.52524527163867],[21.62300399264453,46.90352972598438],[22.05867293795703,47.55636938662891],[22.3200121255791,47.74009283633594],[22.82629683932422,47.86007269473438],[23.02892783602832,48.0122257098711],[23.09020331820606,48.05048330874805],[23.44439223727344,47.99612387271289],[23.55292037448047,48.04447134585742],[23.98368552645801,47.95750387759571],[24.0437962234269,47.95392466347582],[24.9576115,47.8009191]]]]}},{"type":"Feature","properties":{"NAME":"Czechoslovakia","ABBREVN":"Czechoslovak","SUBJECTO":"Czechoslovakia","BORDERPRECISION":3,"PARTOF":"Czechoslovakia"},"geometry":{"type":"MultiPolygon","coordinates":[[[[22.53068931859967,49.01079471358621],[22.75609563891496,49.01079471358621],[22.9470061,48.8837392],[23.1526132,48.8322062],[23.32637703359012,48.78613840659295],[23.63743961250385,48.61332586275199],[23.63743961250385,48.47507582767923],[23.77568964757662,48.50963833644742],[24.3585526,48.3504226],[24.5712658,47.9986525],[24.0437962234269,47.95392466347582],[23.98368552645801,47.95750387759571],[23.55292037448047,48.04447134585742],[23.44439223727344,47.99612387271289],[23.09020331820606,48.05048330874805],[23.02892783602832,48.0122257098711],[22.7239427896416,48.18614157290821],[22.47471335848926,48.2761188373125],[22.17415908297656,48.41149099917774],[22.09947112521289,48.40459021182422],[21.81626418551563,48.37044485659961],[21.62014106234668,48.43464621158008],[21.37954429110645,48.59650381656055],[20.90171531161426,48.58091696353321],[20.57907393893359,48.5595775470293],[20.11806777438281,48.21782644839649],[19.92614463290332,48.18953665347461],[19.66031554659961,48.22188147158985],[19.43610290011524,48.1945987567461],[19.09354117831348,48.13406714053516],[18.97896674594043,48.13345678897266],[18.82847121676563,47.87797125430469],[18.2224444,47.7419167],[17.7629444,47.7493611],[17.5085,47.8665],[17.3516389,47.9785833],[17.0789082,48.0782442],[16.98896506747363,48.24063452334766],[16.91925147494434,48.3576846942461],[16.96289733370899,48.61903341861133],[16.9387865396416,48.66104467959766],[16.91433433016895,48.70365484805469],[16.66915420016406,48.79378470034961],[16.06963065585254,48.71219595523242],[15.6115160318291,48.81425055117969],[14.99314311465381,48.96778830142383],[14.6574840875542,48.61972387881641],[14.38850978335498,48.54647787661914],[14.17093757113574,48.59099920840625],[14.01180652102588,48.64891394229297],[13.94668296298145,48.65510138125781],[13.74548152407764,48.9399486407793],[13.65206912478565,48.95610006900196],[13.57815173586963,49.03689154239063],[13.47973445376514,48.99918325991992],[13.39694312533496,49.08953436465625],[13.20311168154834,49.16617163272266],[12.9452562662041,49.39791830630664],[12.86080554446338,49.36557348819141],[12.64577582797168,49.48458441348438],[12.53629878481982,49.56257589908008],[12.51970580538867,49.66758307071094],[12.44830993136524,49.70614584536914],[12.48435023745654,49.88884695620899],[12.55416301211475,50.00162085147266],[12.36839011630176,50.04563864322071],[12.25234130343555,50.21589239688281],[12.2353592248833,50.24080618472461],[12.34475043734668,50.31673773379688],[12.46161845645068,50.39812429995899],[12.59385112246631,50.3835636004961],[12.78366950472949,50.47410544009571],[12.98234466036914,50.47410544009571],[13.01750091036914,50.5555492267168],[13.18939593752979,50.56097754092578],[13.23299601992725,50.66376837344531],[13.39415458163379,50.69134481997852],[13.47326377352832,50.65874060244922],[13.52415851077197,50.75654562564258],[13.85478118380664,50.76741751284961],[13.9106579156792,50.84350927920703],[14.14648536166309,50.86525686831836],[14.27474883517383,50.90875586123828],[14.38876918276904,50.94682653994922],[14.26166060885547,51.04473837466602],[14.45779803713916,51.07738455386524],[14.59638312777637,51.02297552676563],[14.61032298525928,50.89788015933399],[14.76481154879688,50.86525686831836],[14.82888034304736,50.91691168399219],[14.99726680239795,50.91691168399219],[15.00826838931201,50.98489340396289],[14.98095992526172,51.01753576846485],[15.00928595980762,51.05562170596485],[15.17188647708057,51.06378515811328],[15.26701262911914,51.02297552676563],[15.30875304659961,50.90603598208789],[15.47216323336719,50.832637392],[15.56279948672412,50.82128866763477],[15.81834319552539,50.79730948062305],[15.87748626193164,50.71578940005664],[16.00293258151172,50.73209341616992],[16.00085738619922,50.65602072329883],[16.21020797213672,50.685908876375],[16.23778441866992,50.71578940005664],[16.35314658602832,50.70491751284961],[16.4428263040459,50.6234317645586],[16.39859107455371,50.56911810489063],[16.30474570712207,50.55826147647266],[16.20440200289844,50.46324881167774],[16.45142272433399,50.35200461001758],[16.58495429476856,50.18115194888477],[16.72802260836719,50.14862402530078],[16.82705787142871,50.23266943545703],[17.01153281649707,50.28690298648242],[16.88444045504688,50.42254599185352],[16.88558867892383,50.48769339175586],[17.01442435702441,50.4768253192461],[17.24332908114551,50.38998755069141],[17.35974601229785,50.33572348208789],[17.67875960787891,50.33826788516406],[17.597117457,50.21097906680469],[17.7455721231377,50.24893911929492],[17.74470809420703,50.13507040591602],[17.75065711459277,50.03597601504688],[17.88249495944141,50.03010901065235],[18.04803565463184,50.10255011172656],[18.18776801547168,50.02125509829883],[18.54872039279102,49.96172674746875],[18.53995612582324,49.84997900576953],[18.62468055209277,49.75661429019336],[18.79631522616504,49.71344717593555],[18.84419539889453,49.56454046817188],[18.97212508639453,49.54621084781055],[18.986033472625,49.44375189395313],[19.17931273898242,49.46532019229297],[19.26156524142383,49.57318457217578],[19.34841826876758,49.56617315860156],[19.37622741183399,49.61634405703906],[19.49343970736621,49.62712057681446],[19.58110526522754,49.51924475283985],[19.61371711215137,49.4432559833086],[19.7629061075127,49.45453604312305],[19.79279235324024,49.3736644610918],[19.78090384921191,49.33592947574024],[19.78216079196094,49.24430044741992],[19.95710090121387,49.28203543277149],[20.03808501681445,49.22814138980274],[20.10538199862598,49.28886374087696],[20.15237906893848,49.36827810855274],[20.40308478793262,49.45992621035938],[20.4788427682793,49.43480261416797],[20.69608787020801,49.45559271426563],[20.90317061862109,49.34132345767383],[21.07112029513477,49.42218359561328],[21.10421088656543,49.48392065616016],[21.33275321444629,49.46551855655078],[21.58500960787891,49.49957998843555],[21.64289000949024,49.44101294131641],[21.95915893038867,49.35749395938281],[22.0058145852959,49.26047094912891],[22.19643119296191,49.21503790469531],[22.57044318637012,49.06668051333789],[22.53068931859967,49.01079471358621]]]]}},{"type":"Feature","properties":{"NAME":"Georgia","ABBREVN":"Georgia","SUBJECTO":"USSR","BORDERPRECISION":3,"PARTOF":"Georgia"},"geometry":{"type":"MultiPolygon","coordinates":[[[[40.09806350192187,43.37755163760547],[40.14862731417773,43.51660116763477],[40.26563552340625,43.59106405825977],[40.39328673800586,43.56978949160938],[40.42519668063281,43.54851492495899],[40.60603240450976,43.53787573428516],[40.80813888033984,43.5272403583086],[40.93578628024219,43.48469122500782],[41.0634374948418,43.42086752505665],[41.14853576144336,43.37831839175586],[41.23363402804492,43.35704382510547],[41.38255599459765,43.35704382510547],[41.47828963717578,43.35704382510547],[41.57402709445117,43.28258093448047],[41.69103530367969,43.24003180117969],[41.82932189425586,43.20812185855274],[41.98888305148242,43.18684729190235],[42.12716582736133,43.18684729190235],[42.31863692721484,43.22939642520313],[42.56329635104297,43.22939642520313],[42.74413207491992,43.15493353457813],[42.82923034152148,43.15493353457813],[42.95687774142383,43.17620810122852],[43.11643508395312,43.10174902530079],[43.15898803195117,43.03792532534961],[43.28663543185351,42.94218786807422],[43.52065566500781,42.88899954409961],[43.68021300753711,42.85708960147266],[43.78658584078906,42.80390127749805],[43.92487243136523,42.75071676822071],[43.86104873141406,42.6975284442461],[43.83977416476367,42.64434393496875],[43.95678618868945,42.59115561099415],[44.05251983126758,42.55924566836719],[44.16953185519336,42.61243017764454],[44.2971792550957,42.61243017764454],[44.37163833102344,42.68689306826954],[44.41418746432422,42.72944220157032],[44.50992492159961,42.76135214419727],[44.6694822641289,42.76135214419727],[44.78649428805469,42.72944220157032],[44.87159255465625,42.66561850161915],[44.93541625460742,42.74007757754688],[44.9779653879082,42.7719913348711],[45.03115371188281,42.7719913348711],[45.13752654513476,42.71880301089649],[45.20135024508593,42.67625387759571],[45.29708388766406,42.67625387759571],[45.38218596896289,42.62306936831836],[45.47791961154101,42.54860647769336],[45.64811614474414,42.54860647769336],[45.8076773019707,42.5379711017168],[45.86086181124804,42.47414740176563],[45.8076773019707,42.38904913516407],[45.75448897799609,42.2507625445879],[45.91405013522265,42.12311514468555],[46.041697535125,42.04865225406055],[46.15870955905078,42.00610312075977],[46.28635695895312,41.98482855410938],[46.39272979220507,41.99546774478321],[46.49910262545703,41.96355398745899],[46.55577758273242,41.87845572085743],[46.43527892550586,41.79335745425586],[46.37145522555468,41.72953375430469],[46.3289060922539,41.69762381167774],[46.39272979220507,41.58061178775196],[46.4884634347832,41.44232519717579],[46.76503661593554,41.36786612124805],[46.81822112521289,41.27212866397266],[46.77567199191211,41.12320669741993],[46.66929915866015,41.08065756411915],[46.5629263254082,41.05938299746875],[46.44591430148242,41.14448126407032],[46.38209060153125,41.17639502139454],[46.29699233492968,41.1870303973711],[46.16934493502734,41.16575583072071],[45.88213637789843,41.25085409732227],[45.79703811129687,41.34659155459766],[45.64811614474414,41.43168982119922],[45.43537047824023,41.44232519717579],[45.32899764498828,41.44232519717579],[45.14101317843554,41.30404242129688],[45.00987914523242,41.2614932879961],[44.8396826120293,41.24021872134571],[44.57374862155078,41.19766958804493],[44.30781463107226,41.21894415469532],[44.12698272189258,41.16575583072071],[43.93551162203906,41.15512045474415],[43.79722503146289,41.11257132144336],[43.65893844088672,41.12320669741993],[43.48926833590625,41.07472952456836],[43.47533706149219,41.08736761660938],[42.87842467745898,41.54550512881641],[42.69377807101367,41.5637164935625],[42.35151961764453,41.40158041568165],[42.25010970553515,41.36896856875782],[42.02903655490039,41.3998103961504],[41.48396209200976,41.4365421161211],[41.52111342867969,41.46583517642383],[41.66611388644336,41.72915228457813],[41.6804685922539,41.79333838076954],[41.65183547457812,42.12064322085743],[41.50272277316211,42.60847815127735],[41.40974334200976,42.78824194522266],[41.12255385836719,43.01908835025196],[40.96933654269336,43.07665976138477],[40.55709365328906,43.14658697696094],[40.25161651095508,43.268184267],[40.09806350192187,43.37755163760547]]]]}},{"type":"Feature","properties":{"NAME":"Iran","ABBREVN":"Iran","SUBJECTO":"Iran","BORDERPRECISION":3,"PARTOF":"Iran"},"geometry":{"type":"MultiPolygon","coordinates":[[[[44.78417113741992,37.27037008853321],[44.66005996188281,37.28615912051563],[44.47119048556445,37.45463141055469],[44.42675307711719,37.64417990298633],[44.49176314791797,37.75434454532032],[44.30091384371875,37.80425222964649],[44.20520690402148,37.8674274310625],[45.06317012903871,37.91412418066838],[45.20463531818145,38.16876152112532],[45.02073057229588,38.21120107786815],[45.40878203829882,39.02770193667774],[45.55945876559375,38.93290670962696],[45.74924376925586,38.87657888980274],[45.97950652560351,38.86510428042774],[46.1666746469414,38.88207968325977],[46.28053954562304,38.82214697451954],[46.28439620455859,38.82245215030079],[46.45406249484179,38.83586081118946],[48.05175689181445,38.68711050601368],[48.22022536715625,38.63969000430469],[48.38041594943164,38.44475134463672],[48.5010481210625,38.45201071353321],[48.82495406588671,38.3095775470293],[48.83150771578906,38.30631216616993],[48.80918792208789,37.98856695742969],[48.74478057345507,37.72701605410938],[48.8372297616875,37.51097448916797],[49.05953124484179,37.39755972476368],[49.47580626925586,37.29161032290821],[49.84801391085742,37.26821478457813],[50.03871444186328,37.22470434756641],[50.11132338961718,37.09775503726368],[50.25221160372851,36.89478643985157],[50.56095412692187,36.68642767520313],[51.4170408578789,36.45569189639454],[51.79552367648242,36.43234976382618],[51.99305251559375,36.45890387149219],[52.60216430148242,36.57688101382618],[53.13901427706836,36.64352758975391],[53.79965499362109,36.67903860659961],[53.98448852023242,36.78191336245899],[54.06743911227343,36.94152411075],[54.00870421847461,37.34868963809375],[54.01511290988086,37.34832724185352],[54.21389296969531,37.33710058780079],[54.46658233126757,37.39581259341602],[54.6760855050957,37.53070028872852],[54.95576384982226,37.82522924991016],[55.16967299899218,37.9729190692461],[55.35565856417773,38.03765066714649],[55.62962630709765,38.05191382022266],[55.98069671115039,38.03474768252735],[56.13091186007617,38.04833181949024],[56.36325744113086,38.20249899478321],[56.51731017550586,38.26069220157032],[56.75084975680468,38.23650320620899],[57.22546676119921,38.18818625064258],[57.40650847872851,37.99171408267383],[57.72487929782031,37.87882956118946],[58.09498885592578,37.72803076358204],[58.44981292208789,37.69816549868946],[58.67489531954882,37.67394217105274],[58.9716062875664,37.59917028994922],[59.24048140963671,37.44784124942188],[60.05139831027148,36.83485373111133],[60.34631255587695,36.60736807437305],[60.65985778292773,36.60276373477344],[61.01400283297656,36.63655813784961],[61.09687713107226,36.54155691714649],[61.1140737863457,36.15988119693165],[61.11867812594531,35.90544470401172],[61.18624785861132,35.59415014834766],[61.22134307345507,35.58161505313282],[61.15630629977343,35.47314413638477],[61.11872771700976,35.3203082904375],[61.00771621188281,34.9573055133379],[60.78702453097461,34.38477667422657],[60.68726256808398,34.25091513247852],[60.41922286471484,34.07801779361133],[60.41223815402148,34.01450689883594],[60.46580794772265,33.71644171328907],[60.50892547091601,33.67225226016407],[60.84135344943164,33.56620749087696],[60.8530874582207,33.48375662417774],[60.555369410125,33.06309469790821],[60.54009536227343,32.99317511172657],[60.65421203097461,32.50499304385547],[60.72947982272265,31.92770918460254],[60.79381469210742,31.578881822542],[60.88004973849414,31.48415144534473],[60.97412017306445,31.46563681216602],[61.51323607882617,31.34172018618946],[61.69356826266406,31.26655729861622],[61.75819304904101,31.10186155887012],[61.77916625460742,30.9051528796709],[61.58780578097461,30.65645559878711],[61.20433715304492,30.29871519656543],[60.82045653781054,29.83334501834278],[61.18114760836718,29.34615477176075],[61.50095656832812,28.86539801211719],[61.65926650485156,28.656762681917],[61.97238448580859,28.48075827212696],[62.48681930026171,28.30591353030567],[62.67098144015429,28.20536573977833],[62.74660018405078,28.03434904666309],[62.79671004733203,27.43137701602344],[62.87982848605273,27.25405462832813],[63.17317107638476,27.23033865542774],[63.25704101046679,27.10381468387012],[63.24054244479296,26.665551744417],[63.15620330294726,26.55075033755665],[63.06232360324023,26.51845511050586],[62.61229232272265,26.48410566897754],[62.29843429049609,26.36798246951465],[61.94130996188281,26.15635260196094],[61.81273940524218,25.9841323718584],[61.67348006686328,25.62767561526661],[61.65140822848437,25.46877630801563],[61.56996444186328,25.03957136721973],[61.34399321993945,25.02686079593067],[60.85827544650195,25.09571417422657],[60.75223067721484,25.18442877383594],[60.47959044894336,25.29820593448047],[60.29817870577929,25.32323607058887],[59.65458587130664,25.32187613101368],[59.30209258517382,25.34019621463184],[59.03145888766406,25.30786665530567],[58.81800750216601,25.47893293948536],[58.74442580660937,25.53596075625782],[58.36867812594531,25.54787977786426],[58.10963729342578,25.54732283206348],[57.90045455416796,25.54089125247364],[57.80509093722461,25.64833029361133],[57.46488097628711,25.70479353518848],[57.32798293551562,25.78708799929981],[57.25477126559375,25.79328688235645],[57.24507049044726,26.0184627399004],[57.11240294894336,26.0761905536211],[57.06634047946093,26.30746801944141],[56.93497756442187,26.46454390139942],[56.92908767184375,26.75186689944629],[56.79043105563281,26.97391279788379],[56.68355086764453,26.96835669131641],[56.66781905612109,27.04989584536915],[56.43094924410937,27.10656698794727],[56.06776717623828,27.11216887088184],[55.89973357638476,27.10480459781055],[55.80531981906054,27.00509222598438],[55.65757277926562,26.99694593997364],[55.42489913424609,26.96310766787891],[55.34008696993945,26.79935225100879],[55.09812835177539,26.73744162173633],[54.92553237399218,26.53802641482715],[54.75987533053515,26.41062506289844],[54.6460562082207,26.39131888003711],[54.06494430026171,26.70138319583301],[53.63393691500781,26.74793966861133],[53.38067916354296,26.90958937259083],[52.89083388766406,27.05232390017872],[52.77987197360156,27.18784864993458],[52.63377669772265,27.31460150332813],[52.41038802584765,27.5809570178545],[51.96155074557421,27.77694853396778],[51.69886306246875,27.81452139468555],[51.61130431613086,27.82704123111133],[51.35013488253711,28.0361343249834],[51.08225921115039,28.51201971621875],[50.79675582369921,29.01329382510547],[50.70245650729296,29.13378103824024],[50.70472243746875,29.40060766787891],[50.35983947238086,29.74293478579883],[50.1323728891289,30.06642874331836],[49.71784881075976,30.00205381961231],[49.51097396334765,30.02067526431446],[49.45236495455859,30.07772596927051],[49.3213606210625,30.10286291690235],[49.23508361300586,30.22338064761524],[49.2222280832207,30.47745855899219],[49.02017119845507,30.43257101626758],[48.94572356661914,30.38794287295704],[48.8013296457207,30.08272513003711],[48.71384337863086,29.99996145816211],[48.5536489816582,29.99462278933887],[48.54736236056445,30.048701845125],[48.38981536349414,30.14941176028614],[48.08126357516406,30.39533384890918],[48.11039260348437,30.49075850100879],[48.10696319064257,30.66855009646778],[48.03345778903125,30.87770804019336],[47.93673232516406,30.88350828738575],[47.68874648532031,30.882104478792],[47.67329314669726,31.0280776843584],[47.6981687875664,31.28859480471973],[47.7869367929375,31.56851347537403],[47.7930403085625,31.79717024417286],[47.74243834933398,31.90484007449512],[47.61200622042773,32.03110846133594],[47.2636099191582,32.30219229312305],[47.067576441375,32.39632757754688],[46.50848678073046,32.81228216739063],[46.26843169650195,32.8236270770586],[46.12398436984179,32.77201422305469],[46.08993438204882,32.84167440982227],[46.10510543307421,33.21007116885547],[45.64643767794726,33.63929327578907],[45.50621322116015,33.79725226016407],[45.50500777682421,33.87979467959766],[45.56502059420703,34.27382620425586],[45.67085174044726,34.61730917544727],[46.18439391574023,35.05844458194141],[45.99489882907031,35.40087088199024],[46.00066283663867,35.51542624087696],[46.21102050265429,35.7838207110918],[45.73042205294726,35.83204229922657],[45.38811400851367,35.92557486148243],[45.35865310153125,36.01450308413868],[45.10513595065234,36.50318869204883],[44.79458907565234,37.13180502505665],[44.78417113741992,37.27037008853321]]]]}},{"type":"Feature","properties":{"NAME":"Armenia","ABBREVN":"Armenia","SUBJECTO":"USSR","BORDERPRECISION":3,"PARTOF":"Armenia"},"geometry":{"type":"MultiPolygon","coordinates":[[[[44.66958526095508,39.7569881305254],[44.78302672824023,39.66830786319141],[44.90211776217578,39.49677237124805],[45.0287351938164,39.30899389834766],[45.27645019015429,39.20884283633594],[45.40878203829882,39.02770193667774],[45.02073057229588,38.21120107786815],[45.20463531818145,38.16876152112532],[45.06317012903871,37.91412418066838],[44.20520690402148,37.8674274310625],[41.35678217349879,37.82924506718273],[40.86165401149919,38.05558936981113],[40.19676762252829,38.26778715352524],[39.35078980078584,39.07146608418057],[39.34797648767182,39.07413873163889],[38.87874702483161,40.97887310348781],[39.13864425143359,41.0443187579668],[39.3701773019707,41.06399878116016],[39.66300490817187,41.0004955157793],[40.00671294650195,40.9563289508379],[40.36101439913867,40.96344336123829],[40.60989287814258,41.02802618594532],[41.29311660250781,41.28582342715625],[41.48396209200976,41.4365421161211],[42.02903655490039,41.3998103961504],[42.25010970553515,41.36896856875782],[42.35151961764453,41.40158041568165],[42.69377807101367,41.5637164935625],[42.87842467745898,41.54550512881641],[43.47533706149219,41.08736761660938],[43.48926833590625,41.07472952456836],[43.84727004489062,40.74996527285938],[43.85885909518359,40.66039236636524],[43.66971877535937,40.2945514545],[43.6845312448418,40.10911520572071],[43.81239226779101,40.01388128848438],[44.4480810495293,39.95989187808399],[44.66958526095508,39.7569881305254]]]]}},{"type":"Feature","properties":{"NAME":"Azerbaijan","ABBREVN":"Azerbaijan","SUBJECTO":"USSR","BORDERPRECISION":3,"PARTOF":"Azerbaijan"},"geometry":{"type":"MultiPolygon","coordinates":[[[[46.45406249484179,38.83586081118946],[46.28439620455859,38.82245215030079],[46.28053954562304,38.82214697451954],[46.1666746469414,38.88207968325977],[45.97950652560351,38.86510428042774],[45.74924376925586,38.87657888980274],[45.55945876559375,38.93290670962696],[45.40878203829882,39.02770193667774],[45.27645019015429,39.20884283633594],[45.0287351938164,39.30899389834766],[44.90211776217578,39.49677237124805],[44.78302672824023,39.66830786319141],[44.66958526095508,39.7569881305254],[44.4480810495293,39.95989187808399],[43.81239226779101,40.01388128848438],[43.6845312448418,40.10911520572071],[43.66971877535937,40.2945514545],[43.85885909518359,40.66039236636524],[43.84727004489062,40.74996527285938],[43.48926833590625,41.07472952456836],[43.65893844088672,41.12320669741993],[43.79722503146289,41.11257132144336],[43.93551162203906,41.15512045474415],[44.12698272189258,41.16575583072071],[44.30781463107226,41.21894415469532],[44.57374862155078,41.19766958804493],[44.8396826120293,41.24021872134571],[45.00987914523242,41.2614932879961],[45.14101317843554,41.30404242129688],[45.32899764498828,41.44232519717579],[45.43537047824023,41.44232519717579],[45.64811614474414,41.43168982119922],[45.79703811129687,41.34659155459766],[45.88213637789843,41.25085409732227],[46.16934493502734,41.16575583072071],[46.29699233492968,41.1870303973711],[46.38209060153125,41.17639502139454],[46.44591430148242,41.14448126407032],[46.5629263254082,41.05938299746875],[46.66929915866015,41.08065756411915],[46.77567199191211,41.12320669741993],[46.81822112521289,41.27212866397266],[46.76503661593554,41.36786612124805],[46.4884634347832,41.44232519717579],[46.39272979220507,41.58061178775196],[46.3289060922539,41.69762381167774],[46.37145522555468,41.72953375430469],[46.43527892550586,41.79335745425586],[46.55577758273242,41.87845572085743],[46.65865996798632,41.88909491153125],[46.66929915866015,41.81463202090625],[46.76503661593554,41.83590658755665],[46.85013488253711,41.83590658755665],[46.91395858248828,41.75080832095508],[47.12670424899218,41.62316092105274],[47.16925338229296,41.5699764117754],[47.22243789157031,41.5699764117754],[47.35008529147265,41.44232519717579],[47.35008529147265,41.30404242129688],[47.61601928195117,41.2614932879961],[47.81812957247851,41.19766958804493],[47.98832610568164,41.21894415469532],[48.06278518160937,41.31467779727344],[48.20107177218554,41.46359976382618],[48.32871917208789,41.50614889712696],[48.55210402926562,41.63380011172657],[48.68323806246875,41.83590658755665],[48.89249709567187,41.68698462100391],[48.99886992892382,41.51678808780079],[49.11588195284961,41.43168982119922],[49.24352935275195,41.29340323062305],[49.28607848605273,41.05938299746875],[49.3499021860039,40.9530101642168],[49.47754958590625,40.83600195498829],[49.60519698580859,40.76153906436329],[49.60519698580859,40.68707617373829],[49.80730346163867,40.58070334048633],[50.02005294283984,40.60197790713672],[50.19024947604296,40.57006796450977],[50.31789687594531,40.49560507388477],[50.42426970919726,40.41050680728321],[50.46681884249804,40.32540854068165],[50.46681884249804,40.26158484073047],[50.30725768527148,40.32540854068165],[50.12642577609179,40.34668310733204],[50.0306883188164,40.34668310733204],[49.91368010958789,40.32540854068165],[49.84985640963671,40.2722240314043],[49.66902068575976,40.24031027408008],[49.57328322848437,40.17648657412891],[49.55200866183398,40.09138830752735],[49.54137328585742,39.87864264102344],[49.48818496188281,39.76163061709766],[49.44563582858203,39.65525778384571],[49.40308669528125,39.48506125064258],[49.49882415255664,39.37868841739063],[49.48818496188281,39.29359015078907],[49.38181212863086,39.32550009341602],[49.33926299533007,39.28295096011524],[49.30735305270312,39.1340289935625],[49.2754392953789,39.01702078433399],[49.22225478610156,39.03829535098438],[49.17970565280078,39.14466818423633],[49.11588195284961,39.18721731753711],[49.04141906222461,39.14466818423633],[49.02014449557421,39.00638159366016],[49.05205825289843,38.93192251773243],[48.99886992892382,38.87873419375782],[48.94568160494921,38.83618506045704],[48.98823073825,38.71917685122852],[48.82495406588671,38.3095775470293],[48.5010481210625,38.45201071353321],[48.38041594943164,38.44475134463672],[48.22022536715625,38.63969000430469],[48.05175689181445,38.68711050601368],[46.45406249484179,38.83586081118946]]]]}},{"type":"Feature","properties":{"NAME":"Germany","ABBREVN":"Germany","SUBJECTO":"Germany","BORDERPRECISION":3,"PARTOF":"Germany"},"geometry":{"type":"MultiPolygon","coordinates":[[[[14.20540622195361,53.81320532412891],[14.14542582949756,53.82645376773242],[14.06835082491992,53.84347494693164],[14.0287170740044,53.86548193545703],[13.82777026614307,53.8297191485918],[13.77740291079639,53.94862326236133],[13.77841094454883,54.04440649600391],[14.06994632205127,53.91776999087696],[14.17416766604541,53.90676077456836],[14.20540622195361,53.81320532412891]]],[[[14.33385947665332,53.8297191485918],[14.24789527377246,53.81596335025196],[14.22724154910205,53.90951117129688],[14.30526259860156,53.91501959414844],[14.42483809908984,53.91501959414844],[14.47293666323779,53.87677725406055],[14.45907023867725,53.81871374698047],[14.33385947665332,53.8297191485918]]],[[[8.4122505517876,47.60370596499805],[8.2530594201958,47.59443625064258],[8.1279955240166,47.64388235659961],[7.87266066989063,47.57279928775196],[7.75104669055103,47.61606558413867],[7.62840894183276,47.56352957339649],[7.50658181628345,47.60370596499805],[7.44596341570972,47.70879324527149],[7.54311850985645,48.02423056216602],[7.50213626345752,48.05827292056446],[7.53602841815112,48.19133719058399],[7.68064263781665,48.35852392764453],[7.70457938632129,48.51957663150196],[7.72907784899829,48.6156192645586],[8.15829566439746,48.97834738345508],[7.88570788821338,49.06520804019336],[7.67045834979175,49.05900915713672],[7.4654298158562,49.09933432193164],[7.42281201800464,49.18310888858203],[7.31737807711719,49.18621405215625],[7.3125959,49.383734],[7.2052438,49.4698219],[6.9924544,49.5143987],[6.7920398,49.4495462],[6.5889829,49.5026466],[6.43304303607105,49.4453311786211],[6.3994536729729,49.60418661685352],[6.51135543307422,49.66892965884571],[6.53092244586109,49.79842718692188],[6.32147839984058,49.84161337466602],[6.13659957369922,49.98197897525196],[6.1085133882439,50.11745413394336],[6.29835418185352,50.28686865420703],[6.28142503222583,50.49760016055469],[6.15454581698535,50.66175802798633],[5.99957564791797,50.74159964175586],[6.07392648181079,50.86661490054492],[6.00966647585986,50.9644962176836],[5.92789510211109,50.98081549258594],[5.96424344500659,51.02433737368946],[6.07017568072437,51.08418615908985],[6.1762075754082,51.1440502032793],[6.08923724612354,51.19848593325977],[6.17962029894946,51.32233007998828],[6.22227815112231,51.38910254092578],[6.15382245501636,51.52067144961719],[6.1168608995354,51.63985785098438],[5.94789794406055,51.72167166324024],[5.97936824282764,51.80352743716602],[6.13267425021289,51.83843573184375],[6.21137813052295,51.87994345279102],[6.3814454408562,51.81990011783008],[6.680369410125,51.88775213809375],[6.82461646517871,51.95638617129688],[6.88223412951587,52.12573202700977],[7.06771806201099,52.21864279361133],[7.0690265031731,52.36628302188281],[6.99685147723315,52.44287451358203],[6.91192153414844,52.41551931949024],[6.71356824359058,52.47569998355274],[6.72683623751758,52.55833395572071],[6.77809050997852,52.63993033023242],[7.03479102572559,52.62350424380664],[7.0728950830376,52.80426367373828],[7.22800448855518,52.96671637149219],[7.15993884524463,53.16400106997852],[7.18974545916675,53.23014029116992],[6.9807091089165,53.3166576251543],[7.03733209094165,53.51014669986133],[7.16563943347095,53.591670595125],[7.33239177188037,53.60442694278125],[7.8363809915459,53.63209494204883],[7.96853927096484,53.63753470034961],[8.01102260073779,53.5656925067461],[8.09873298129199,53.44393499942188],[8.02908233126758,53.37264975161914],[8.1749868722832,53.32174261660938],[8.24193385562061,53.3522907123125],[8.26077178439258,53.43884619326953],[8.18900111636279,53.53052099795703],[8.30565074404834,53.52543219180469],[8.50180343112109,53.44902762027149],[8.42865756472705,53.61204870791797],[8.53954223116992,53.80068167300586],[8.84847835024951,53.74967917056446],[9.12503913363574,53.79047735782031],[8.85709765872119,53.86698874087696],[8.8189716668999,53.96903952212696],[8.94634059390186,54.01497229190235],[8.83265403231738,54.06601675601367],[8.77878764590381,54.13240393252735],[8.853296312896,54.16815527530078],[8.88401225527881,54.22944983096485],[8.58072570284961,54.19368704409961],[8.55394652804492,54.27543982119922],[8.85242274722217,54.33164938540821],[8.95060161074756,54.41855581851367],[8.74206832369922,54.60780294986133],[8.59598639926074,54.76135214419727],[8.61609748324512,54.88736303897266],[8.66859916171191,54.88034018130664],[8.81858111403023,54.89084545610566],[8.85027674999996,54.87631825000007],[9.17861025000003,54.83117875000009],[9.41027725000008,54.838539],[9.5452777500001,54.898399],[9.56706849735831,54.90205941127411],[9.61026290377734,54.88004263491992],[9.61844404765592,54.87509394654158],[9.61861,54.87353475000012],[9.64972075000009,54.84839600000012],[9.67079003798828,54.84343040439447],[9.86444381198047,54.72629126162891],[9.98668769320605,54.59244497866992],[9.97801021060107,54.49014624209766],[9.86480811556934,54.41139944644336],[10.06492808779834,54.43389471621875],[10.14172843417285,54.33675345034961],[10.21287730654834,54.37191732974414],[10.34023955783008,54.36231573672656],[10.44597438296436,54.29203375430469],[10.64859488925098,54.25897558780078],[11.03860572299121,54.3132511004961],[11.0730057092583,54.21963080020313],[11.04136661013721,54.15269812198047],[11.01588729342578,54.09665640445117],[10.71671679934619,53.96393164248828],[10.85892013033984,53.87718542666797],[11.15137771090625,53.93841513247852],[11.20248893221973,53.85678442569141],[11.40782264193652,53.85929068179492],[11.56501964053272,54.03538473697071],[12.04107383212207,54.09665640445117],[12.31188491305469,54.20194204898242],[12.65251830538867,54.32142599673633],[12.76480010470508,54.27032812686328],[12.94313815554736,54.34698446841602],[13.02581122836231,54.26521643252735],[13.06376555880664,54.19368704409961],[13.34916785678027,54.06348761172656],[13.43101600131152,54.03024633975391],[13.66761496981738,54.08416708560352],[13.73778251132129,54.03028830142383],[13.76432612856982,53.87718542666797],[13.78049949130176,53.77517660708789],[13.85017016848682,53.72928961367969],[14.00974086245654,53.67320974917774],[14.17686370333789,53.68340643496875],[14.18957618197559,53.62479361148242],[14.28019145449756,53.61341818423633],[14.43315509280322,53.59421499820117],[14.53706077059863,53.53816565127735],[14.49530318698047,53.62479361148242],[14.56530097445606,53.6935993060625],[14.55694011172412,53.75988348575],[14.48252490481494,53.81853064151172],[14.47293666323779,53.87677725406055],[14.46741202792285,53.91035040469531],[14.88575843295215,53.97956427188281],[15.07968238314746,54.00251730533008],[15.31168940981982,54.07100256533985],[15.89836028536914,54.12840231509571],[16.11468032321094,54.19960745425586],[16.47324851473926,54.4150348529375],[16.9759016366875,54.54930838199024],[17.527516219223468,54.76432949566942],[17.8132360242784,54.80710276846028],[18.0569744,54.8333992],[17.9805847,54.4782171],[17.6085519,54.2188798],[17.6472186,54.025873],[17.4334143,54.071477],[17.1836471,54.0097233],[17.4915217,53.6497255],[17.2850989,53.3944873],[16.72390628348847,53.1270920933454],[15.9584999,52.8119968],[15.8437013,52.4028116],[16.1075449,51.9957945],[16.5800857,51.7647059],[17.1878528,51.5765095],[17.5623107,51.5216417],[17.831347,51.137463],[18.5508012,50.9889355],[18.8229274,50.4013239],[18.26788250473882,50.00804259791558],[18.18776801547168,50.02125509829883],[18.04803565463184,50.10255011172656],[17.88249495944141,50.03010901065235],[17.75065711459277,50.03597601504688],[17.74470809420703,50.13507040591602],[17.7455721231377,50.24893911929492],[17.597117457,50.21097906680469],[17.67875960787891,50.33826788516406],[17.35974601229785,50.33572348208789],[17.24332908114551,50.38998755069141],[17.01442435702441,50.4768253192461],[16.88558867892383,50.48769339175586],[16.88444045504688,50.42254599185352],[17.01153281649707,50.28690298648242],[16.82705787142871,50.23266943545703],[16.72802260836719,50.14862402530078],[16.58495429476856,50.18115194888477],[16.45142272433399,50.35200461001758],[16.20440200289844,50.46324881167774],[16.30474570712207,50.55826147647266],[16.39859107455371,50.56911810489063],[16.4428263040459,50.6234317645586],[16.35314658602832,50.70491751284961],[16.23778441866992,50.71578940005664],[16.21020797213672,50.685908876375],[16.00085738619922,50.65602072329883],[16.00293258151172,50.73209341616992],[15.87748626193164,50.71578940005664],[15.81834319552539,50.79730948062305],[15.56279948672412,50.82128866763477],[15.47216323336719,50.832637392],[15.30875304659961,50.90603598208789],[15.26701262911914,51.02297552676563],[15.17188647708057,51.06378515811328],[15.00928595980762,51.05562170596485],[14.98095992526172,51.01753576846485],[15.00826838931201,50.98489340396289],[14.99726680239795,50.91691168399219],[14.82888034304736,50.91691168399219],[14.76481154879688,50.86525686831836],[14.61032298525928,50.89788015933399],[14.59638312777637,51.02297552676563],[14.45779803713916,51.07738455386524],[14.26166060885547,51.04473837466602],[14.38876918276904,50.94682653994922],[14.27474883517383,50.90875586123828],[14.14648536166309,50.86525686831836],[13.9106579156792,50.84350927920703],[13.85478118380664,50.76741751284961],[13.52415851077197,50.75654562564258],[13.47326377352832,50.65874060244922],[13.39415458163379,50.69134481997852],[13.23299601992725,50.66376837344531],[13.18939593752979,50.56097754092578],[13.01750091036914,50.5555492267168],[12.98234466036914,50.47410544009571],[12.78366950472949,50.47410544009571],[12.59385112246631,50.3835636004961],[12.46161845645068,50.39812429995899],[12.34475043734668,50.31673773379688],[12.2353592248833,50.24080618472461],[12.25234130343555,50.21589239688281],[12.36839011630176,50.04563864322071],[12.55416301211475,50.00162085147266],[12.48435023745654,49.88884695620899],[12.44830993136524,49.70614584536914],[12.51970580538867,49.66758307071094],[12.53629878481982,49.56257589908008],[12.64577582797168,49.48458441348438],[12.86080554446338,49.36557348819141],[12.9452562662041,49.39791830630664],[13.20311168154834,49.16617163272266],[13.39694312533496,49.08953436465625],[13.47973445376514,48.99918325991992],[13.57815173586963,49.03689154239063],[13.65206912478565,48.95610006900196],[13.74548152407764,48.9399486407793],[13.94668296298145,48.65510138125781],[13.6400394769585,48.53815802188281],[13.44369414767383,48.60632666201953],[13.38414386233447,48.59393271060352],[13.36665347537158,48.44213827700977],[13.29362395724414,48.36471518130664],[12.85824969729541,48.23158224673633],[12.69418815096973,48.12943609805469],[12.93630603274463,47.87266119571094],[12.84752944430469,47.73971136660938],[12.99808028658984,47.73352392764453],[13.02299884280322,47.66242178531055],[12.97891715487598,47.50790747256641],[12.94202140292285,47.48320349307422],[12.74372676333545,47.56352957339649],[12.76539138278125,47.63769873233203],[12.70007899722217,47.69024618716602],[12.44609454592822,47.66242178531055],[12.35818103274463,47.72425421328906],[12.16327765902637,47.70879324527149],[12.12203219851611,47.62842901797656],[11.55956748446582,47.61297949405078],[11.50343230685352,47.53571661563281],[11.35983184298633,47.52954062075977],[11.34000781497119,47.47084005923633],[11.17034629305957,47.42449911685352],[10.90293887576221,47.41523703189258],[10.87661937197803,47.48011358828906],[10.83480647524951,47.54499395938281],[10.61320308169482,47.58516653628711],[10.49540523013232,47.56043585391406],[10.38832667788623,47.5789867267168],[10.40312579592822,47.45539053531055],[10.19950965365527,47.30096014590625],[10.10293773135303,47.30096014590625],[10.13797381838916,47.38865622134571],[10.02095321139453,47.40597113223438],[10.0258112283623,47.48011358828906],[9.93826964816211,47.50173147769336],[9.89199450930713,47.56352957339649],[9.77998069247363,47.56662329287891],[9.73670962771533,47.61606558413867],[9.66547071927504,47.55624011404333],[9.65315034443649,47.55618248403419],[9.62819114515806,47.57039558844471],[9.6067126703795,47.57248189051159],[9.60088044237073,47.58531266106803],[9.56335717626282,47.584746979125],[9.5339256480945,47.59678061932501],[9.50225734046935,47.64637098550931],[9.48817104705639,47.651505682883],[9.46608099585536,47.64798023777849],[9.42118207587151,47.66594768445761],[9.34763495698375,47.66091907814349],[9.28780487815158,47.68376527523532],[9.2372454466292,47.71148298670077],[9.22577756507052,47.73934788548009],[9.13238091292681,47.77233665825951],[9.10570140317369,47.79244785892643],[9.04296842685837,47.81762409097603],[9.03060894717316,47.80499434017611],[9.06687405483502,47.77953224426786],[9.17364940637174,47.73444343047051],[9.17980081277243,47.70459486004789],[9.20132341992149,47.70740976184491],[9.18804838370798,47.69930759937596],[9.21148046104033,47.68278743369377],[9.21605731265623,47.67100283816657],[9.1985578866875,47.67788656802539],[9.11814244473489,47.67853423872031],[9.11251953019875,47.68572201095995],[9.08138950442284,47.68320700711846],[9.04332363841707,47.69346286852432],[9.04818373526121,47.70827352674581],[9.08446917258986,47.68972093590616],[9.10902282658467,47.69016204849861],[9.10092122462987,47.70242183218586],[8.98717550098174,47.74340889394121],[9.01401797736814,47.71960763133936],[8.95923817132212,47.73739127940454],[8.93997274982373,47.72618232194205],[8.99429785710688,47.70671364928088],[9.00635064628403,47.69475922884354],[8.99458859182209,47.68441116867369],[8.98348728377247,47.67961875929942],[8.81538585147021,47.68097265811328],[8.74800589999316,47.72116430850391],[8.658565554229,47.7149730548418],[8.65083602389453,47.78298910708789],[8.33202842196582,47.69334372134571],[8.4122505517876,47.60370596499805]]]]}},{"type":"Feature","properties":{"NAME":null,"ABBREVN":null,"SUBJECTO":null,"BORDERPRECISION":3,"PARTOF":null},"geometry":{"type":"MultiPolygon","coordinates":[[[[19.334442,57.955826],[19.286663,57.937492],[19.277496,57.940277],[19.274441,57.945],[19.268055,57.948608],[19.256664,57.94944],[19.238052,57.946938],[19.170555,57.929443],[19.16277700000012,57.92694100000011],[19.150833,57.91861],[19.145832,57.913605],[19.1416660000001,57.907776],[19.139999,57.901665],[19.12611,57.839722],[19.09333,57.851944],[19.077774,57.85833],[19.073055,57.862495],[19.037498,57.896385],[19.034443,57.901108],[19.034443,57.912498],[19.03611,57.91861],[19.088886,57.97027600000013],[19.095833,57.97361],[19.104721,57.975273],[19.285831,57.976662],[19.296387,57.976662],[19.307499,57.974442],[19.332497,57.965271],[19.335552,57.960548],[19.334442,57.955826]]]]}},{"type":"Feature","properties":{"NAME":null,"ABBREVN":null,"SUBJECTO":null,"BORDERPRECISION":3,"PARTOF":null},"geometry":{"type":"MultiPolygon","coordinates":[[[[18.206108,56.911942],[18.168888,56.909996],[18.147778,56.911942],[18.140274,56.914993],[18.142498,56.920273],[18.158333,56.94166600000011],[18.209164,56.989166],[18.256664,57.032219],[18.254444,57.079163],[18.173332,57.141937],[18.148331,57.23527500000012],[18.158054,57.315826],[18.142498,57.409439],[18.11527600000011,57.480827],[18.110275,57.496109],[18.109997,57.51305400000012],[18.111385,57.51944],[18.119164,57.531105],[18.138611,57.551109],[18.179165,57.588333],[18.191441,57.596138],[18.21194100000014,57.605827],[18.227776,57.61138200000011],[18.242222,57.61749300000014],[18.249165,57.62082700000013],[18.276108,57.63416300000011],[18.29472,57.645828],[18.338886,57.681664],[18.35583100000014,57.69583100000011],[18.381943,57.718605],[18.401665,57.738609],[18.41972,57.760277],[18.456387,57.802773],[18.461388,57.8077770000001],[18.46722,57.811943],[18.48111,57.818604],[18.681942,57.913605],[18.689999,57.916107],[18.71611,57.921104],[18.724998,57.922775],[18.881943,57.919716],[18.902496,57.918327],[18.914165,57.917496],[19.004719,57.908607],[19.006107,57.90361],[19.00388700000014,57.898888],[19.033333,57.826942],[18.929443,57.739716],[18.848888,57.721107],[18.809166,57.703606],[18.793331,57.659164],[18.75972,57.508049],[18.768055,57.472221],[18.769444,57.467216],[18.78833,57.448326],[18.71444300000013,57.24694100000011],[18.711941,57.241661],[18.658054,57.220833],[18.551941,57.182777],[18.51472100000012,57.169441],[18.498333,57.165276],[18.455555,57.156944],[18.439442,57.152771],[18.417221,57.144165],[18.397221,57.134163],[18.391388,57.12999700000012],[18.386665,57.124992],[18.345554,57.07972],[18.341389,57.073883],[18.339165,57.06860400000011],[18.335552,57.023331],[18.335831,57.017494],[18.34333,57.014442],[18.346664,56.99860400000011],[18.302498,56.937492],[18.29499800000014,56.934715],[18.215553,56.913055],[18.206108,56.911942]]]]}},{"type":"Feature","properties":{"NAME":"Italy","ABBREVN":"Italy","SUBJECTO":"Italy","BORDERPRECISION":3,"PARTOF":"Italy"},"geometry":{"type":"MultiPolygon","coordinates":[[[[14.26116763167963,45.95438808935758],[14.60423414647198,45.64636420039528],[14.52419024141788,45.26641617040649],[14.3544884057915,45.32289084048633],[14.23862174471973,45.06235464663867],[14.17460826357959,45.01038702578907],[14.18851283511279,44.94254644961719],[14.06040004214404,44.89470251651172],[13.99125674685596,44.7830997333086],[13.8951025339043,44.75918158145313],[13.67205909213184,45.05035742373828],[13.6290362685762,45.07426416775247],[13.52689078768848,45.45431097598438],[13.50614843757813,45.49899121245987],[13.57066454885212,45.48499257385468],[13.59524211505173,45.52267328979589],[13.79998401126025,45.56637152285938],[13.67318061312793,45.71450766177539],[13.56461432894824,45.72652395816211],[13.43772986849902,45.63843115420703],[13.36769584139941,45.69448813052539],[13.15616515597461,45.72652395816211],[13.10460856875537,45.58238562198047],[12.89865020236133,45.55837210269336],[12.44815543612598,45.39428671450977],[12.48321250399707,45.46231421084766],[12.27974322756885,45.40228994937305],[12.25141719302295,45.29028280825977],[12.18037131747363,45.27027853579883],[12.17618945559619,45.21429022403125],[12.3125133844292,45.17829474063281],[12.32213691195606,45.0423656329668],[12.40898803195117,44.9890094623125],[12.5230903955376,44.88275106997852],[12.47604468783496,44.78708609195118],[12.2735843988335,44.6726375445879],[12.28073123416065,44.55012472720508],[12.34507659396289,44.30104025454883],[12.69723037203906,43.93475683780079],[13.60087111910938,43.53480490298633],[13.73155692538379,43.37416037173633],[13.79163459262012,43.12334402652149],[13.91509059390186,42.87276419253711],[14.0927696557915,42.6095271930254],[14.40493300875781,42.35311087222461],[14.51930907687305,42.22970160098438],[14.71995547732471,42.14176138491993],[14.7385273309624,42.04715689273243],[14.92240527590869,41.97177084536915],[15.44860557040332,41.85672720523243],[16.01284316500781,41.90432318301563],[16.18741134127734,41.84086187930469],[16.19841483554004,41.74566992373829],[15.98914626559375,41.63464697451954],[15.87325385531543,41.50214346499805],[15.9910440774834,41.40614279361133],[16.42026809176563,41.27872427554493],[16.94596389254688,41.09381445498829],[17.31927207430957,40.92925222964649],[18.03391936740039,40.59665258975391],[18.05994132479785,40.51353415103321],[18.38361266574024,40.30775030703907],[18.5226488443291,40.09413107486133],[18.43367866000293,39.89840658755665],[18.36491874179004,39.7467227801836],[18.16013053378223,39.87313421817188],[18.01706794222949,39.9478946551836],[17.96774581393359,40.16689261050586],[17.84960463961719,40.24349554629688],[17.61914924105762,40.2878375873125],[17.40165046176074,40.29192694278125],[17.20417121371387,40.39794119449024],[17.24280265292285,40.49576147647266],[17.08408072909473,40.52511175723438],[16.94871238192676,40.48109015078907],[16.84413054904102,40.36313589663868],[16.72756484469531,40.18360479922657],[16.60441306552051,40.08990820498829],[16.62385276278613,39.96775396914844],[16.53500655612109,39.83156546206836],[16.53210166415332,39.69751318545704],[16.87398627719043,39.54365118594532],[17.14906981906055,39.42180212588672],[17.10741904696582,39.28047140689258],[17.12099746188281,39.08602102847461],[17.18071273287891,39.02220877261524],[17.09468940219043,38.91502340884571],[16.79769996127246,38.92585714908008],[16.61332992037891,38.82732733340625],[16.52220252474902,38.72502478213672],[16.57200149020313,38.45711859317188],[16.33069327792285,38.32074316592579],[16.05294326266406,37.93117483706836],[15.78523734530566,37.90970572085743],[15.71022704562305,37.9414363727129],[15.62747577151416,38.00421103091602],[15.62657741030811,38.23308142276172],[15.79086879214404,38.29639776797657],[15.93346694430469,38.53991659732227],[15.82730010470508,38.62273367495899],[15.98984626254199,38.73476370425586],[16.15220931491016,38.70126684756641],[16.21222594699024,38.77795370669727],[16.17720893344043,38.93099173159961],[16.08256247958301,39.01247366519336],[15.98955253085254,39.4283519610918],[15.82467177828906,39.66062887759571],[15.75702193698047,39.93362768741016],[15.66620067080615,40.09186132998829],[15.51592448672412,40.0659480914629],[15.43203357180713,39.98897131533985],[15.02726367434619,40.21219595523243],[14.89867118319629,40.24145849795704],[14.99232009371875,40.37221869082813],[14.9510050149834,40.55147894473438],[14.74331763705371,40.70481451602344],[14.33412745913623,40.59360464663868],[14.34976962527393,40.64252432437305],[14.49459079226611,40.72996100039844],[14.370310816375,40.8514705524004],[14.23999598940967,40.85294302554493],[14.05087378939746,40.76751288028125],[13.94187835177539,40.99803503604297],[13.85250094851611,41.09095724673633],[13.79700664004443,41.19344671817188],[13.49839023074268,41.30186422915821],[13.27144626101611,41.3142391070879],[12.97677710970996,41.37137564273243],[12.64151671847461,41.53109701724415],[12.39484885653613,41.72954901309375],[11.96343329867481,42.00474127383594],[11.49736503085254,42.37635382266407],[11.10476306399463,42.54908331485157],[10.74275592288135,42.85050924868946],[10.48774531802295,43.23593863101368],[10.29247954806445,43.70543631167774],[10.13674739321826,43.90476950259571],[9.90930083712695,44.11047705264454],[9.69193557223438,44.219600282625],[9.15704444369434,44.37323721499805],[8.89658549746631,44.43718679995899],[8.67172435244678,44.41740377993946],[8.18636039218066,44.12639959903125],[7.97952655276416,43.96491583438282],[7.68912032565234,43.88704641909961],[7.55281022509692,43.8674503192461],[7.61877444705127,44.07831152530079],[7.59107974490283,44.20469626040821],[7.20919707736133,44.17309530825977],[6.86977818926929,44.34917028994922],[6.78291753253101,44.54787405581836],[6.92469409426807,44.71501883120899],[7.00346997698901,44.71953543277149],[6.94260362109302,44.86865194888477],[6.66531804522632,44.95452078433399],[6.50731948336719,45.11570700259571],[6.70358851870654,45.19919546695117],[6.7859282823479,45.14932211490039],[7.02919724902271,45.30801733584766],[7.11911395510791,45.43048437686328],[6.92554858645557,45.51668127627735],[6.91433051547168,45.64829596133594],[6.674510035125,45.80327185244922],[6.9552831979668,45.93890341372852],[7.22479489764331,45.91093405337696],[7.50678876361011,46.00251349063281],[7.78992894610522,45.92696722598438],[7.91388038119434,45.99897726626758],[8.07089808901904,46.19337423892383],[8.02479461154102,46.28884466739063],[8.3745079370415,46.47075995059375],[8.38155940493701,46.28429754825],[8.62193969210742,46.12065847964649],[8.76170066317676,46.08884390445117],[8.71757987460254,46.00704535098438],[8.89072516879199,45.86623724551563],[9.01892760714648,45.93436010928516],[9.02697566470264,46.17519339175586],[9.21827701052783,46.34795721621875],[9.21006873568652,46.4980541095293],[9.37679961642383,46.53445013614063],[9.44099715670703,46.37523611636524],[9.54486659487842,46.31158407779102],[9.64204886874316,46.32522162051563],[9.67374041995166,46.37979086490039],[9.88495734652637,46.40253027530078],[9.99452880343555,46.25247534366016],[10.09710982760547,46.43891485782031],[9.98742774447559,46.4980541095293],[10.02365306338428,46.62089880557422],[10.15124038180469,46.66186483950977],[10.23034385165332,46.58925589175586],[10.37210753878711,46.5663028583086],[10.38919356783984,46.65275915713672],[10.33872321566699,46.74834784121875],[10.39569953402637,46.88741263003711],[10.67936423739551,46.8102985248125],[10.94784167727588,46.79487951846485],[11.09580043276904,46.97994955630664],[11.26084521731494,47.02315481753711],[11.34297088107227,46.98612936587696],[11.54325583895801,47.03549154849414],[11.67860129794238,46.98921164126758],[12.06432918032764,47.09104498477344],[12.07475379428027,46.92750509829883],[12.21780875643848,46.88431891055469],[12.36185458621143,46.70854147525196],[12.95189479312061,46.59745749087696],[13.35401347598193,46.56066092105274],[13.56889918765186,46.51042517276172],[14.03664878329395,46.48105963321094],[14.11742309054492,46.43291815371875],[14.14074573558689,46.43325753192397],[14.26116763167963,45.95438808935758]]],[[[8.6960993142998,38.99581106753711],[8.58237651309131,39.06576880069141],[8.4171743722832,39.21220358462696],[8.37422183474658,39.30784567447071],[8.46503356417773,39.63993795962696],[8.50848010501025,39.94647558780079],[8.4879751535332,40.20879705996875],[8.4281893106377,40.46485479922657],[8.20155242404102,40.66299780459766],[8.15948680361865,40.7846752032793],[8.24070743044971,40.85533865542774],[8.40555289706348,40.86208304019336],[8.76607230624316,40.8628002032793],[8.9184236856377,40.94002493472461],[9.30620387515186,41.18444784732227],[9.59085181674121,40.90291174502735],[9.79373935183643,40.56368216128711],[9.78784755190967,40.44195517154102],[9.69572356661914,40.31368979068165],[9.63080028018115,40.0958553180254],[9.69800952395557,39.69349630923633],[9.64833835085986,39.45721396060352],[9.47892001589893,39.14415701480274],[9.29627517184375,39.23312338443165],[9.06254199465869,39.21989019961719],[8.99851611575244,39.17509420962696],[8.93136790713428,39.05370291324024],[8.81955913027881,38.97691305728321],[8.6960993142998,38.99581106753711]]],[[[14.62202266177295,36.7761417254961],[14.21591285189746,37.0493236407793],[13.8684044214165,37.15695150943165],[13.01156714877246,37.52489431949024],[12.63687900027393,37.58150061221485],[12.53203586062549,37.63867148013477],[12.45414737185596,37.7660098895586],[12.51664451083301,37.91916998477344],[12.6643257471001,38.07249792666797],[12.78283980807422,38.11737783999805],[13.06595233401416,38.06693228335743],[13.32247546633838,38.22051199527149],[13.62796309908984,38.02980764956836],[13.80953029116748,37.96641501040821],[14.13447287997363,37.97345312686329],[14.7658653589165,38.0576129779375],[15.38674167117236,38.20554693789844],[15.45368770083545,38.16741522403125],[15.47289279421924,38.11005743594532],[15.42252353152393,38.05257376284961],[15.1810322137749,37.6822810992754],[15.11218074282764,37.45903357119922],[15.11624816378711,37.28694494815235],[15.3013468118584,37.05789908023243],[15.22063163241504,37.00037726016407],[15.02734378298877,36.74511679263477],[14.94239810427783,36.73856314273243],[14.62202266177295,36.7761417254961]]]]}},{"type":"Feature","properties":{"NAME":null,"ABBREVN":null,"SUBJECTO":null,"BORDERPRECISION":3,"PARTOF":null},"geometry":{"type":"MultiPolygon","coordinates":[[[[14.698332,44.947777],[14.643055,44.966942],[14.638611,44.96860500000014],[14.56291,45.019985],[14.486944,45.033333],[14.479721,45.037498],[14.46361,45.04805],[14.439444,45.067497],[14.433332,45.072495],[14.428888,45.078331],[14.428055,45.086105],[14.429165,45.090271],[14.46406,45.124554],[14.523697,45.144974],[14.539165,45.23944100000011],[14.549166,45.246109],[14.5525,45.24832900000013],[14.557777,45.248055],[14.583055,45.241943],[14.588055,45.240555],[14.591665,45.238609],[14.595554,45.232216],[14.657776,45.122772],[14.704166,45.068329],[14.7925,45.009163],[14.806665,44.996384],[14.813332,44.987778],[14.815554,44.980553],[14.814444,44.976662],[14.804998,44.96944400000013],[14.760555,44.942497],[14.755833,44.941383],[14.73361,44.93999500000013],[14.721388,44.940277],[14.698332,44.947777]]],[[[14.465694,44.80921600000011],[14.459159,44.780621],[14.47386400000011,44.760197],[14.470554,44.740555],[14.475497,44.700562],[14.50638800000013,44.67083],[14.529165,44.640274],[14.531387,44.63333100000011],[14.529999,44.630554],[14.518332,44.615273],[14.515276,44.612778],[14.493332,44.606384],[14.488054,44.605827],[14.483889,44.607773],[14.451111,44.626389],[14.38944400000014,44.695],[14.388902,44.732422],[14.374197,44.74876],[14.365211,44.797775],[14.331388,44.849716],[14.316195,44.886822],[14.294137,44.9072460000001],[14.296588,44.93175500000013],[14.308842,44.947277],[14.339443,44.917221],[14.343332,44.914993],[14.359165,44.907776],[14.365,44.906944],[14.387499,44.90583],[14.39277600000014,44.906662],[14.396944,44.90805100000012],[14.399166,44.91111],[14.400276,44.915276],[14.3925,44.956108],[14.357222,45.038605],[14.353888,45.04527300000012],[14.35166500000014,45.04833200000013],[14.343054,45.05555],[14.339167,45.057777],[14.32111,45.06388900000013],[14.313889,45.06805400000013],[14.308054,45.073051],[14.275276,45.103333],[14.273611,45.11499800000013],[14.273333,45.119164],[14.27611,45.126663],[14.305832,45.167496],[14.311666,45.17277500000012],[14.315277,45.174995],[14.32,45.175827],[14.348331,45.168327],[14.357777,45.16527600000012],[14.363609,45.16055300000011],[14.36972,45.151382],[14.3686100000001,45.147217],[14.365,45.145271],[14.362221,45.142494],[14.358055,45.136108],[14.353888,45.119164],[14.358889,45.101105],[14.376944,45.052498],[14.41,45.004715],[14.418888,44.99305],[14.426388,44.984718],[14.464061,44.982403],[14.476315,44.95953],[14.462426,44.950542],[14.455074,44.90969800000011],[14.445271,44.878654],[14.459444,44.82749900000011],[14.465694,44.80921600000011]]],[[[14.825219,44.762333],[14.861944,44.721664],[14.865276,44.7066650000001],[14.861111,44.705276],[14.84666600000014,44.702499],[14.840832,44.70333100000011],[14.836666,44.704994],[14.74111,44.762772],[14.699828,44.764023],[14.659252,44.794735],[14.687993,44.79530000000011],[14.699828,44.806572],[14.726944,44.797218],[14.710278,44.820274],[14.695276,44.829437],[14.686666,44.836937],[14.684999,44.840271],[14.686943,44.84333],[14.72361,44.85333300000014],[14.74499900000012,44.847496],[14.758888,44.838608],[14.757311,44.80375300000014],[14.778726,44.79248],[14.825219,44.762333]]],[[[14.516666,44.473328],[14.51111,44.474159],[14.36749800000013,44.59027100000015],[14.347776,44.65527300000014],[14.336111,44.699165],[14.335278,44.707222],[14.3375,44.710274],[14.343332,44.710274],[14.380554,44.697777],[14.384998,44.696106],[14.390833,44.691383],[14.393055,44.688332],[14.39527700000014,44.681389],[14.395555,44.67305],[14.393888,44.659439],[14.394165,44.62999700000012],[14.396666,44.623055],[14.407221,44.60388200000011],[14.416111,44.59221600000012],[14.426388,44.581665],[14.476665,44.535828],[14.489721,44.526665],[14.504166,44.522499],[14.515833,44.51249700000011],[14.530554,44.497772],[14.534443,44.491661],[14.534443,44.487495],[14.529999,44.47721900000011],[14.521944,44.474159],[14.516666,44.473328]]]]}},{"type":"Feature","properties":{"NAME":"Syria (France)","ABBREVN":"Syria","SUBJECTO":"France","BORDERPRECISION":3,"PARTOF":"Syria (France)"},"geometry":{"type":"MultiPolygon","coordinates":[[[[38.77528626354115,33.16590867963963],[36.83574134638448,32.27142181748867],[35.86631972467118,32.74636016316226],[35.68798907835729,32.71063290125933],[35.70218184908984,32.71940573306446],[35.66515639742969,32.75782736392383],[35.68643477877734,32.81278570742969],[35.67710784396289,32.89522513003711],[35.58655837496875,32.95279654116993],[35.50439361056445,33.10851248355274],[35.47303298434375,33.11898382754688],[35.4331541391289,33.10066183658008],[35.40285018405078,33.01396521182422],[35.39913848361133,32.93840368838672],[35.23912719210742,32.90699347110157],[35.20756057223437,32.95148810000782],[35.13920119723437,32.96165426822071],[34.9720068307793,32.93840750308399],[35.08897307833789,33.06925924868946],[35.13231185397265,33.23151739688282],[35.20838836154101,33.33358725161915],[35.35608962496875,33.63978155703907],[35.3485594125664,33.74446829409961],[35.42986587008594,33.74446829409961],[35.49185088595508,33.83082541079883],[35.52440169772265,33.97476919741993],[35.53208068331836,34.11870535464649],[35.71620849093555,34.31236990542774],[35.8210058542168,34.34377630801563],[35.87306502780078,34.42228659243946],[35.85191634616015,34.49294622989063],[35.75075438937305,34.74680670352344],[35.80885222872851,35.01379736514454],[35.8413801523125,35.0426326617754],[35.79643157443164,35.27071722598438],[35.60734084567187,35.41754492373829],[35.66395858248828,35.45949514956836],[35.68043044528125,35.52767141909961],[35.73317626437305,35.58536108584766],[35.69143203219531,35.68502005191211],[35.73950484713672,35.69026526065235],[35.85594466647265,35.8345027789629],[35.82905105075,35.8847843036211],[35.71850493868945,36.09155615420704],[35.66494658908008,36.13352926822071],[35.70863250216601,36.21223410220508],[35.81724074801562,36.30102881045704],[36.0952635141289,36.48246344180469],[36.10452178439258,36.56117209048633],[36.08243087252734,36.62153204532032],[35.96168002345125,36.74259453314459],[36.73979464590442,38.32942047428863],[36.93394489858057,38.72535527429905],[39.35078980078584,39.07146608418057],[40.19676762252829,38.26778715352524],[40.86165401149919,38.05558936981113],[41.35678217349879,37.82924506718273],[44.20520690402148,37.8674274310625],[44.30091384371875,37.80425222964649],[44.49176314791797,37.75434454532032],[44.42675307711719,37.64417990298633],[44.47119048556445,37.45463141055469],[44.66005996188281,37.28615912051563],[44.78417113741992,37.27037008853321],[44.79458907565234,37.13180502505665],[44.61140731295703,37.13876684756641],[44.41649535616992,36.9641300067461],[44.34297088107226,36.90718039126758],[44.19977096041797,36.95454367251758],[44.15369704684375,37.07560309024219],[44.16743377169726,37.19200476260547],[44.04384520968555,37.25984533877735],[43.87930205783008,37.29668768496875],[43.76945022067187,37.1914020404375],[43.61513045748828,37.20166357608204],[43.25041106661914,37.27037008853321],[43.08650115450976,37.25603827090625],[42.94979766329883,37.3282771930254],[42.75331405123828,37.2860294208086],[42.6337156625664,37.22166784854297],[42.53002837618945,37.20198401065235],[42.55647185763476,37.09386404605274],[42.13163283785937,36.69667776675586],[41.92573836764453,36.53000601382618],[41.53615096530078,36.45141943545704],[41.3968992563164,36.35515936465625],[41.2930288644707,36.19542654605274],[41.28896239718555,36.08083685489063],[41.37303451022265,35.8521915301836],[41.38395598849414,35.64225348086719],[41.1190672250664,34.42664679141407],[38.75357726534961,33.2066608295],[38.77528626354115,33.16590867963963]]]]}},{"type":"Feature","properties":{"NAME":"Mesopotamia (GB)","ABBREVN":"Mesopotamia","SUBJECTO":"United Kingdom of Great Britain and Ireland","BORDERPRECISION":3,"PARTOF":"Mesopotamia (GB)"},"geometry":{"type":"MultiPolygon","coordinates":[[[[47.93592360934375,29.80140646548633],[47.9960317941582,29.490258775667],[47.8449087472832,29.50315435977344],[47.61403945407031,29.272241197542],[47.80355742892382,29.18492086978321],[47.99150756320117,29.2774902209795],[48.12906173190234,29.26819189639454],[48.44353393038867,28.44023474307422],[48.15362838229296,28.42055281253223],[47.67212584933398,28.44319113345508],[47.58902648409961,28.55069693179493],[47.43863967379687,28.82928999514942],[47.25528243502734,28.85364683719043],[47.2040116905677,28.86164576744927],[46.50915816744921,28.97005232425098],[44.68786147555469,29.02947958560352],[43.98733046969531,29.34305342288379],[43.62164977511523,29.46798475833301],[43.56853393038867,29.58201750369434],[43.54749968966601,29.95028074832325],[43.60056594332812,30.12843283267383],[43.53986266574023,30.2932144031084],[43.10237029513476,30.27166708560352],[43.03903106173633,30.30305632205372],[42.85903457125781,30.58785017581348],[42.74318984469531,30.67610128970508],[41.64505294283984,31.17160566897754],[41.13203338107226,31.38463553042774],[40.21699431857226,31.80497320742969],[39.876170191375,31.904658876375],[39.36838439425586,32.11136969180469],[39.32646850070117,32.13654287906055],[39.1195669504082,31.93847426028614],[39.00411513766406,31.86160048098926],[38.56735137423633,31.74479254336719],[37.40371230563281,31.46506651492481],[37.11301330050586,31.36179312320118],[37.62904265841601,30.76765402408008],[37.94301131686328,30.3692699298418],[37.59901336154101,30.0433536395586],[37.39369491061328,29.87701757998829],[37.28544143160937,29.84464987368946],[36.7234716745293,29.69533880801563],[36.65648111290936,29.6068802713197],[36.51570418795703,29.42098959536915],[36.07696822604297,29.06909140200977],[35.14176085909961,29.20348890872364],[35.0721044870293,29.21136053653125],[35.09547332247851,29.34267767520313],[35.07339766940234,29.41886862368946],[34.9846792550957,29.46721991153125],[35.03317168673633,29.54590757937793],[35.16422942599414,29.95956381411915],[35.15767196139453,30.32797392459278],[35.39041045626758,30.81841810794239],[35.52509978732226,31.2193675860918],[35.52341369113086,31.40356405825977],[35.58311751803515,31.53094824405079],[35.61471465548633,31.86777456851368],[35.62980178317187,32.24896963687305],[35.6572866769707,32.32731588931446],[35.66946700533984,32.45244940371875],[35.63999465426562,32.63743933291797],[35.65637114962695,32.69108923526172],[35.68798907835729,32.71063290125933],[35.86631972467118,32.74636016316226],[36.83574134638448,32.27142181748867],[38.77528626354115,33.16590867963963],[38.75357726534961,33.2066608295],[41.1190672250664,34.42664679141407],[41.38395598849414,35.64225348086719],[41.37303451022265,35.8521915301836],[41.28896239718555,36.08083685489063],[41.2930288644707,36.19542654605274],[41.3968992563164,36.35515936465625],[41.53615096530078,36.45141943545704],[41.92573836764453,36.53000601382618],[42.13163283785937,36.69667776675586],[42.55647185763476,37.09386404605274],[42.53002837618945,37.20198401065235],[42.6337156625664,37.22166784854297],[42.75331405123828,37.2860294208086],[42.94979766329883,37.3282771930254],[43.08650115450976,37.25603827090625],[43.25041106661914,37.27037008853321],[43.61513045748828,37.20166357608204],[43.76945022067187,37.1914020404375],[43.87930205783008,37.29668768496875],[44.04384520968555,37.25984533877735],[44.16743377169726,37.19200476260547],[44.15369704684375,37.07560309024219],[44.19977096041797,36.95454367251758],[44.34297088107226,36.90718039126758],[44.41649535616992,36.9641300067461],[44.61140731295703,37.13876684756641],[44.79458907565234,37.13180502505665],[45.10513595065234,36.50318869204883],[45.35865310153125,36.01450308413868],[45.38811400851367,35.92557486148243],[45.73042205294726,35.83204229922657],[46.21102050265429,35.7838207110918],[46.00066283663867,35.51542624087696],[45.99489882907031,35.40087088199024],[46.18439391574023,35.05844458194141],[45.67085174044726,34.61730917544727],[45.56502059420703,34.27382620425586],[45.50500777682421,33.87979467959766],[45.50621322116015,33.79725226016407],[45.64643767794726,33.63929327578907],[46.10510543307421,33.21007116885547],[46.08993438204882,32.84167440982227],[46.12398436984179,32.77201422305469],[46.26843169650195,32.8236270770586],[46.50848678073046,32.81228216739063],[47.067576441375,32.39632757754688],[47.2636099191582,32.30219229312305],[47.61200622042773,32.03110846133594],[47.74243834933398,31.90484007449512],[47.7930403085625,31.79717024417286],[47.7869367929375,31.56851347537403],[47.6981687875664,31.28859480471973],[47.67329314669726,31.0280776843584],[47.68874648532031,30.882104478792],[47.93673232516406,30.88350828738575],[48.03345778903125,30.87770804019336],[48.10696319064257,30.66855009646778],[48.11039260348437,30.49075850100879],[48.08126357516406,30.39533384890918],[48.38981536349414,30.14941176028614],[48.54736236056445,30.048701845125],[48.5536489816582,29.99462278933887],[48.51058486422656,29.993188463167],[48.21184829196093,29.94809301944141],[48.02827743014453,29.97312124820118],[47.95715239962695,29.94756468387012],[47.91136077365039,29.89029272647266],[47.93592360934375,29.80140646548633]]]]}},{"type":"Feature","properties":{"NAME":null,"ABBREVN":null,"SUBJECTO":null,"BORDERPRECISION":3,"PARTOF":null},"geometry":{"type":"MultiPolygon","coordinates":[[[[26.02981438301413,40.66347398045036],[27.03391755193366,41.31907451527899],[28.07004130722518,41.6247813652632],[28.10439780673145,41.59297140689258],[28.37145713290332,41.43312796206836],[28.74022201022266,41.32482870669727],[29.01236823519824,41.25483282657032],[29.08109954318164,41.20051153750782],[28.96445373019336,40.98923834414844],[28.82780745944141,40.91469915957813],[28.59615043124317,40.94698675723438],[28.17331412753223,41.05789526553516],[28.02636817416309,41.02620657534961],[27.93218329867481,40.9575496539629],[27.47416976412891,40.96283300967579],[27.31304648837207,40.789912782625],[27.26375678500293,40.66717108340625],[26.88892653903125,40.5246768817461],[26.61357215365528,40.39804037661915],[26.51393989047168,40.28197439761524],[26.37586310824512,40.2134090289629],[26.25515845736621,40.0815616473711],[26.14088538607715,40.04465445132618],[26.21428969821094,40.16066702456836],[26.22279647311328,40.22395666690235],[26.19482139071582,40.30307348819141],[26.45754531344531,40.43497427554493],[26.55647757968067,40.49829062075977],[26.45483878573535,40.58430822940235],[26.41806128939746,40.57782324405079],[26.12404159030078,40.60284765811329],[26.02981438301413,40.66347398045036]]]]}},{"type":"Feature","properties":{"NAME":"Greece","ABBREVN":"Greece","SUBJECTO":"Greece","BORDERPRECISION":3,"PARTOF":"Greece"},"geometry":{"type":"MultiPolygon","coordinates":[[[[27.03391755193366,41.31907451527899],[26.02981438301413,40.66347398045036],[26.0207243295586,40.66932257266407],[25.9928751321709,40.85245855899219],[25.63570502719043,40.87737616153125],[25.3011141153252,40.89594229312305],[25.04631713351367,40.95227392764454],[25.01892951449512,41.01714666934375],[24.81211570223926,40.93342169375782],[24.70066359957813,40.87834127993946],[24.51912787875293,40.8730655536211],[24.50495246371387,40.98406942935352],[24.35430243929981,40.97096212954883],[24.21905806979297,40.82968481631641],[24.02515510043262,40.74636038394336],[23.8859529825127,40.73289450259571],[23.74839499911426,40.80443152041797],[23.63469794711231,40.77275427432422],[23.63297751864551,40.71316870303516],[23.7090559335625,40.6300350055254],[23.78517440280078,40.4771915301836],[23.92370322665332,40.45080908389454],[24.29535201510547,40.17649038882618],[24.22063544711231,40.14484747500782],[24.05477813204883,40.2608829364336],[24.04777816256641,40.3083568439043],[23.923533472625,40.34528311343555],[23.77477363070606,40.39276465030079],[23.72216895541309,40.34824331851368],[23.62723449191211,40.34528311343555],[23.65880111178516,40.2872615680254],[23.65174582919238,40.22922857852344],[23.80366424044727,40.15539129825],[23.86865905245899,40.1606746539629],[23.9201097818291,40.05519827456836],[23.90661719760059,39.99719580264454],[23.79603293856738,39.98665197940235],[23.59577277621387,40.19231756778125],[23.44248679598926,40.25560721011524],[23.34907821139453,40.2819782123125],[23.29176047762988,40.2872615680254],[23.29313949069141,40.24505575747852],[23.25905898532031,40.22922857852344],[23.32103446444629,40.15539129825],[23.36683944186328,40.1079288348711],[23.4364672037041,40.04465445132618],[23.52334884127735,40.01828726382618],[23.59218505343555,40.00246389956836],[23.63858512362598,39.96034201236133],[23.5968904825127,39.93405493350391],[23.37439254244922,39.95508917422657],[23.26052573641895,39.97087057681446],[23.27630904635547,40.04992254825],[23.21477797946094,40.18176611514454],[23.14114097079395,40.26615484805469],[22.9601602884209,40.31470831485157],[22.74805549105762,40.48246725650196],[22.86390212496875,40.53522833438282],[22.87546256503223,40.59632452578907],[22.85194686373828,40.65133627505665],[22.76996711215137,40.66717108340625],[22.7012548776543,40.57744940371875],[22.49206641635059,40.49829062075977],[22.60226539095996,40.39723929019336],[22.48961738070606,40.23052557559375],[22.4673624368584,40.11848028750782],[22.52561286410449,40.06416662783985],[22.55512908419727,39.98665197940235],[22.69509795626758,39.83448370547657],[22.75447371920703,39.81834753604297],[22.8134317727959,39.60274084658985],[23.07416823825,39.41345175357227],[23.23608497103809,39.20315893741016],[23.15849975070117,39.14007910342579],[23.05191710909961,39.10328634829883],[23.09980681857227,39.1873851642168],[23.04525283297656,39.27149923892383],[22.98130134066699,39.32933004947071],[22.91898635348438,39.34510382266407],[22.85085395297168,39.36613043399219],[22.72025779208301,39.28726919741993],[22.76605895480274,39.2027889117754],[22.83488372286914,39.16636236758594],[22.87106231173633,39.02434881778125],[22.78421309908985,38.94033392520313],[22.49049857577441,38.87685354800586],[22.60231307467578,38.85623892398243],[22.72328856906055,38.79317053408985],[22.89937308749317,38.76689108462696],[22.98423102816699,38.66704138369922],[23.09980109652637,38.67229803653125],[23.16949180087207,38.66704138369922],[23.1909952493584,38.61034353824024],[23.3561563821709,38.48950155825977],[23.49384406527637,38.48313101382618],[23.55576613864063,38.35176428408985],[23.68275168856738,38.34651144595508],[23.80394843539356,38.34651144595508],[23.96074393710254,38.20991476626758],[23.966990503875,38.15213354678516],[23.88002494296192,38.11535605044727],[23.98729995211719,37.76342733950977],[23.91818145236133,37.68464239688282],[23.83551314791797,37.68464239688282],[23.73368361910938,37.85785635562305],[23.63414863070606,37.87897833438282],[23.5407152505791,38.00410040469532],[23.49570182284473,38.06807669253711],[23.41925719699024,38.06807669253711],[23.19584182223438,38.00503882022266],[22.98061469515918,37.95776709170704],[22.89805701693653,37.89998968692188],[23.03996756991504,37.85796698184375],[23.04539206942676,37.7735782489336],[23.04887488803028,37.64263113589649],[23.15138343295215,37.59012182803516],[23.2205477090752,37.6018253192461],[23.32170775851367,37.63738211245899],[23.31215957125781,37.54810675235157],[23.41812423190235,37.46934088321094],[23.18497947177051,37.42733343692188],[23.18579200228809,37.37482794375782],[23.10956481417774,37.34664114566211],[22.97097686251758,37.38532217593555],[23.0253458352959,37.47984274478321],[22.94206908663867,37.51839026065235],[22.71329024752735,37.54343374820118],[22.64231780490039,37.58486517520313],[22.63874534091113,37.49228628726368],[22.72623923739551,37.28850897403125],[22.81334975680469,37.2120548114336],[22.79310897311328,37.1385570392168],[22.88688758334278,37.04668005557422],[22.98255256137012,36.6147533282793],[22.67355445345996,36.75428351016407],[22.52444747408985,36.72212561221485],[22.39029601534961,36.52437170596485],[22.19140723666309,36.85523565860157],[21.98417190035938,37.02048071475391],[21.78091529330371,36.82254370303516],[21.58816817721484,36.9814411029375],[21.531443628875,37.11514624209766],[21.62650016268848,37.30651815982227],[21.6137075754082,37.41484793277149],[21.51731399020313,37.53575857730274],[21.2963476510918,37.72654303164844],[21.22113135775684,37.82839544864063],[21.22843078097461,37.90490683169727],[21.44045165499805,38.17951544375782],[21.71449950656055,38.13544043155079],[21.90576652011035,38.26973684878711],[21.99668792208789,38.25078161807422],[22.74721435031055,37.95260580630665],[22.89865592440723,37.9975543841875],[23.11634543856738,38.15739401431446],[22.99674323519824,38.17934378238086],[22.87563804110645,38.20460089297657],[22.33374122103809,38.42670782657032],[21.82647231539844,38.46395834536915],[21.66125777682422,38.43810995669727],[21.36445525607227,38.4120059833086],[21.17240432223438,38.34783896060352],[20.77183059176563,38.85093268008594],[20.89259818514941,38.89583166690235],[21.00650886019824,38.87054403872852],[21.104685816375,38.92177542300586],[21.15951636752246,39.00482519717579],[21.00718406161426,39.11298712344532],[20.90114882907031,39.06173285098438],[20.67775252780078,39.08042486758594],[20.21180823763965,39.4049259051836],[20.12238219699024,39.55100973697071],[20.38468078097461,39.94856604190235],[20.60791495761035,40.16091497989063],[20.78894523104785,40.33477362246875],[20.99117377719043,40.7137523517168],[21.03163817843555,40.72679098697071],[21.39526084384082,40.76083334536915],[21.66838744601367,40.82640799136524],[21.84570029696582,41.01964148135547],[22.01024535616992,41.09105261416797],[22.1729402872002,41.07271536441211],[22.45258429965137,41.04862173648243],[22.69236663302539,41.15891989322071],[22.9202432962334,41.23068960757618],[22.96097854098438,41.24373205752735],[23.7956152292168,41.33168753238086],[24.15541175326465,41.449092470125],[24.4180631967461,41.47619589419727],[25.08090880831836,41.24898108096485],[25.35932067355274,41.15435751529102],[25.53367904147266,41.16813238711719],[26.03642180880664,41.29269751162891],[26.07519629916309,41.40832861514454],[26.03179458102344,41.55561407657032],[26.18628982028125,41.65268286319141],[26.34987548312305,41.6407543048418],[26.57383635958789,41.84088095279102],[26.8571215005791,42.00929983706836],[27.08068564852832,42.02978476138477],[27.31793883761524,41.97972830386524],[27.91795257052539,41.97767218203907],[28.02620223483203,41.88238485904102],[28.01817801913379,41.75320776553516],[28.06983855685352,41.62496908755665],[28.07004130722518,41.6247813652632],[27.03391755193366,41.31907451527899]]],[[[28.36274002728768,38.92409540660316],[28.38932928952847,38.00809181283531],[27.18399270013948,37.35644841518752],[27.16040709933399,37.36008032412891],[27.12256148776172,37.49385031314258],[27.1410856576836,37.64686544986133],[27.17978385409473,37.77442892642383],[27.13977340182422,37.88909109683399],[26.96137717684863,37.94610556216602],[26.67933181246875,38.10493811221485],[26.51232055148242,38.06634863467579],[26.39321425875781,38.10436209292774],[26.39159873446582,38.21912726016407],[26.4687109323418,38.44475897403125],[26.52741149386524,38.4182430133379],[26.74245170077442,38.27838858218555],[26.99743178805469,38.40005835147266],[26.8196745248711,38.5272518024004],[26.82882216891406,38.58296164126758],[26.69569686373828,38.6407657489336],[26.70947173556446,38.69857367129688],[26.9663801523125,38.76993139834766],[27.03491309603809,38.82109793277149],[27.00422004183887,38.88482626529102],[26.93680289706348,38.92456396670704],[26.78533652743457,38.94033392520313],[26.78984740695117,39.02442511172657],[26.87075141390918,39.05596884341602],[26.79713920077442,39.12955816836719],[26.70794394930957,39.18212851138477],[26.70405486544727,39.25047262759571],[26.60224250277637,39.25572928042774],[26.7201586099541,39.33724936099415],[26.85351279696582,39.46076925845508],[26.92615226229785,39.47654684634571],[26.94473127798084,39.5190644916004],[27.39223195549874,39.65463710848567],[27.51285001852148,39.5638428867787],[28.36274002728768,38.92409540660316]]],[[[23.78977264119343,38.71863293758615],[24.1318727627592,38.65335708482884],[24.20789501199603,38.55235913170641],[24.29151948615655,38.19476089687233],[24.58800625818021,38.15292605377605],[24.52718845879074,37.96736896572158],[24.3143261609276,37.98534666287396],[24.19269056214867,38.15292605377605],[24.02544161382762,38.38569989188943],[23.66053481749081,38.40357465937644],[23.59971701810134,38.45717244335585],[23.63772814271976,38.52262680680808],[23.46287696947504,38.62366656002873],[23.12077684790928,38.86676557896795],[22.86990342542772,38.83716368115139],[23.01434569897771,38.96140884261944],[23.24241244668822,39.04411813294447],[23.40966139500925,38.94367284505997],[23.78977264119343,38.71863293758615]]],[[[24.01319793185352,35.21041449160938],[23.7855940195,35.26285132022266],[23.56772330721973,35.25498159976368],[23.51313498934863,35.27595862002735],[23.4668855997002,35.31790503116016],[23.52943900546192,35.56962545962696],[23.67146590670703,35.57224997134571],[23.66908744296192,35.61158331485157],[23.6651335092461,35.6666560992754],[23.69665626010059,35.69812353701954],[23.73367789706348,35.62731894107227],[23.7428751321709,35.56175955386524],[23.87945273837207,35.55241736026172],[23.95681289157031,35.52767141909961],[24.03900435885547,35.56175955386524],[24.03326323947071,35.59847220034961],[24.08185676058887,35.61158331485157],[24.1526766153252,35.56438025088672],[24.13581756075977,35.52242621035938],[24.09145644625781,35.51980169864063],[24.07332328280567,35.49620398135547],[24.11320403536914,35.48571737857227],[24.17774489840625,35.46998556704883],[24.21970275363086,35.44900091739063],[24.22960380038379,35.39131888003711],[24.38828376254199,35.37296637149219],[24.76856711825488,35.42802771182422],[24.99748137911914,35.42102011294727],[25.01360038241504,35.36247976870899],[25.10009101351856,35.34674795718555],[25.37401870211719,35.31790503116016],[25.51163581332324,35.29476507754688],[25.67320731600879,35.34936865420704],[25.71353438815235,35.32701071353321],[25.66846755465625,35.18682058902149],[25.74180320223926,35.13700445742969],[25.78897384127735,35.13700445742969],[25.93549254855274,35.21303518863086],[26.0641527505791,35.23924978824024],[26.09935286959766,35.21564825625782],[26.16882613619922,35.24710806460743],[26.2735090585625,35.31265982241993],[26.2360449167168,35.22876318545704],[26.24266723116992,35.14487417788868],[26.16048530062793,35.02428396792774],[25.89868071993946,35.04525717349415],[25.74173644503711,35.00885351748829],[25.59072402438281,35.01641806216602],[24.69346717318653,34.94047125430469],[24.71563819369434,35.03477057071094],[24.69006637057422,35.09244116397266],[24.32435706576465,35.20778997989063],[24.01319793185352,35.21041449160938]]],[[[25.76635112135116,36.33755930622052],[25.71313554688539,36.34980613615219],[25.73594222165643,36.38653506822634],[25.78915779612222,36.40489303146257],[25.87278227028274,36.35592882884054],[25.76635112135116,36.33755930622052]]],[[[25.49267102409856,36.33143516904136],[25.38623987516698,36.31918545041693],[25.31781985085383,36.39877419215788],[25.3330243007012,36.4599408996473],[25.37103542531962,36.49661778527289],[25.49267102409856,36.42324665835019],[25.49267102409856,36.33143516904136]]],[[[26.02482676875641,36.95968659606273],[26.08564456814588,36.89891612690345],[25.95640674444326,36.84418129487496],[25.83477114566432,36.78331883149609],[25.7511466715038,36.78331883149609],[25.7511466715038,36.81375611186905],[25.85757782043537,36.83809722624421],[25.94880451951957,36.91107409621058],[26.02482676875641,36.95968659606273]]],[[[24.67923295726441,36.75896029963509],[24.46637065940127,36.64925117733677],[24.29912171108023,36.75286945753905],[24.42835953478285,36.79549519508755],[24.58800625818021,36.86851272864294],[24.67923295726441,36.75896029963509]]],[[[24.97571972928807,36.63705161017138],[24.94531082959334,36.569919462289],[24.8236752308144,36.63705161017138],[24.8236752308144,36.66144881222059],[24.87689080528019,36.67974164097888],[24.97571972928807,36.63705161017138]]],[[[25.10495755299069,36.63705161017138],[25.05934420344859,36.61874863693591],[25.04413975360122,36.66144881222059],[25.16577535238016,36.74068632260297],[25.1961842520749,36.67364451457616],[25.10495755299069,36.63705161017138]]],[[[25.43185322470909,36.69803012071781],[25.38623987516698,36.63705161017138],[25.26460427638805,36.70412531403871],[25.241797601617,36.75286945753905],[25.24939982654068,36.75896029963509],[25.29501317608278,36.80766962346299],[25.43185322470909,36.69803012071781]]],[[[24.42835953478285,37.20833853996449],[24.53479068371443,37.11746294371295],[24.44356398463022,37.0992747162255],[24.42835953478285,37.20833853996449]]],[[[24.26111058646182,37.54061315563556],[24.29912171108023,37.66107502189996],[24.39795063508812,37.66709299418962],[24.38274618524075,37.57074690616199],[24.26111058646182,37.54061315563556]]],[[[24.3599395104697,37.39580161737422],[24.39795063508812,37.46824245164144],[24.48917733417232,37.39580161737422],[24.3599395104697,37.30515202694268],[24.3599395104697,37.39580161737422]]],[[[24.84648190558545,37.36559724964213],[24.86168635543282,37.52855624381453],[24.94531082959334,37.51046722146939],[25.04413975360122,37.37768045656075],[24.84648190558545,37.36559724964213]]],[[[25.46986434932751,37.43806729073237],[25.31781985085383,37.40184103098311],[24.92250415482229,37.69116000393879],[24.65642628249336,37.90141307772871],[24.76285743142493,38.00331995630361],[25.27220650131173,37.56472113091166],[25.46986434932751,37.43806729073237]]],[[[24.67923295726441,36.90499535372954],[24.64882405756968,37.01433858478586],[24.71724408188283,37.05075142574202],[24.78566410619598,36.94753637818204],[24.67923295726441,36.90499535372954]]],[[[25.11255977791438,36.94146054239684],[24.93770860466965,36.95968659606273],[25.15057090253279,37.17200141281893],[25.31021762593015,37.19622810717101],[25.31021762593015,37.00219709179456],[25.11255977791438,36.94146054239684]]],[[[25.59910217303013,37.02647813826418],[25.54588659856434,36.95968659606273],[25.45465989948014,36.9232301280182],[25.36343320039593,37.00826808071462],[25.34062652562488,37.08714680474766],[25.3786376502433,37.11746294371295],[25.53828437364066,37.22044702953043],[25.60670439795381,37.12352471549815],[25.59910217303013,37.02647813826418]]]]}},{"type":"Feature","properties":{"NAME":null,"ABBREVN":null,"SUBJECTO":null,"BORDERPRECISION":3,"PARTOF":null},"geometry":{"type":"MultiPolygon","coordinates":[[[[30.30467947850868,41.17031383005895],[30.32059342227628,40.81679599165823],[29.59515595539886,40.17507684515804],[28.55605946844283,40.03745644503963],[28.05545194406718,39.97115479868465],[27.51285001852148,39.5638428867787],[27.39223195549874,39.65463710848567],[26.94473127798084,39.5190644916004],[26.95751861056446,39.54832800479297],[26.8042650552666,39.56715353579883],[26.54617789706348,39.51334723086719],[26.13897613009571,39.43973883242969],[26.06405738314746,39.45551260562305],[26.08488753756641,39.60400732608204],[26.14190391024707,39.66058310122852],[26.14070609530567,39.74998053164844],[26.12757590731738,39.8785587176836],[26.18600944003223,39.99719580264454],[26.32033446749805,39.99192389102344],[26.40305236300586,40.17649038882618],[26.48171142062305,40.18703802676563],[26.76528266390918,40.37694128604297],[26.99647429904102,40.37166174502735],[27.0561247201836,40.4296947345293],[27.27175429782031,40.45080908389454],[27.32923415621875,40.35583456607227],[27.44961074313281,40.30979498477344],[27.52599433383106,40.2971378192461],[27.76389411410449,40.28725393863086],[27.83016494235156,40.34528311343555],[27.79984382113574,40.40331991763477],[27.6792879434502,40.46135290713672],[27.80783179720996,40.5035701617754],[27.95380500277637,40.48773916812305],[28.00645926913379,40.45080908389454],[27.90821746310352,40.35055502505665],[28.00399116000293,40.36212881656055],[28.47771933993457,40.39510305972461],[28.75644019564746,40.37645300479297],[28.92675689181446,40.35583456607227],[29.05242446383594,40.33473166079883],[29.1222868295586,40.41387137027149],[29.08352759799121,40.45607718081836],[28.87321570834278,40.47190817447071],[28.77795890292285,40.5246768817461],[28.90162185153125,40.62010534854297],[29.52519706210254,40.68828924746875],[29.71314719637988,40.69356115908985],[29.88271811923145,40.7463565692461],[29.68344596346973,40.75163611026172],[29.41717246493457,40.74107321353321],[29.32035544833301,40.74107321353321],[29.28964332064746,40.80668600650196],[29.01453307589649,40.97867163272266],[29.16120818575977,41.21636541934375],[29.57778075656055,41.15336569400196],[30.13762381991504,41.13183554263477],[30.25608733615039,41.18466528506641],[30.30467947850868,41.17031383005895]]]]}},{"type":"Feature","properties":{"NAME":"Ottoman Sultanate","ABBREVN":"Ottoman Sultanate","SUBJECTO":"Ottoman Sultanate","BORDERPRECISION":3,"PARTOF":"Ottoman Sultanate"},"geometry":{"type":"MultiPolygon","coordinates":[[[[33.21722257781126,38.31053118669922],[29.31366959336815,39.52800210612833],[28.55605946844283,40.03745644503963],[29.59515595539886,40.17507684515804],[30.32059342227628,40.81679599165823],[30.30467947850868,41.17031383005895],[30.74480536898731,41.04032476992969],[31.21768287142871,41.05409201236133],[31.40412620028613,41.16353949160938],[31.38566688021778,41.2850414142168],[31.66638854464649,41.39481314273243],[31.871287378875,41.49144323916797],[32.41898253878711,41.74916800113086],[32.68791106661914,41.84597357364063],[33.15546325167773,41.94960745425586],[33.55554107150195,41.98250158877735],[33.8966551156914,41.95108374209766],[34.30390075167773,41.89411886783008],[34.66290954074023,41.87558325381641],[35.00186828097461,42.04316290469532],[35.09883025607226,41.80586203189258],[35.28607467135547,41.67147787661915],[35.4114370675957,41.62681540103321],[35.67785552462695,41.62093313784961],[35.95779326876758,41.68564566226368],[36.16136840304492,41.35250052066211],[36.3828955026543,41.23751791568165],[36.64124587496875,41.31498297305469],[36.81701186617969,41.28968390078907],[37.25282576998828,41.02772101016407],[37.82184127291797,41.00963171573047],[38.31396392306445,40.92090185733204],[38.6511831613457,40.92156942935352],[38.87874702483161,40.97887310348781],[39.34797648767182,39.07413873163889],[39.35078980078584,39.07146608418057],[36.93394489858057,38.72535527429905],[36.73979464590442,38.32942047428863],[34.74758476056047,38.28344712268784],[33.21722257781126,38.31053118669922]]]]}},{"type":"Feature","properties":{"NAME":"Italy","ABBREVN":"Italy","SUBJECTO":"Italy","BORDERPRECISION":3,"PARTOF":"Italy"},"geometry":{"type":"MultiPolygon","coordinates":[[[[27.730274,35.91333],[27.728611,35.916664],[27.722221,35.929718],[27.719166,35.94082600000013],[27.72138600000011,35.94944],[27.73083100000014,35.978882],[27.74082900000014,36.10443900000013],[27.719719,36.1661],[27.78888300000011,36.251656],[27.803055,36.268326],[27.805832,36.27055400000012],[27.876106,36.31971],[27.895828,36.332222],[27.909161,36.339722],[28.068333,36.404999],[28.107494,36.41861],[28.20722200000012,36.44249],[28.210831,36.452492],[28.212772,36.45554400000015],[28.215832,36.45776400000011],[28.219166,36.45694000000015],[28.225826,36.453049],[28.233887,36.441376],[28.238049,36.431107],[28.206944,36.343597],[28.186939,36.299988],[28.141388,36.210541],[28.122772,36.18582200000015],[28.063606,36.111931],[28.009163,36.068886],[27.95666100000011,36.044991],[27.945827,36.03471400000012],[27.931664,36.0186],[27.906109,35.988052],[27.89888800000012,35.975555],[27.89277600000014,35.960831],[27.865555,35.93222],[27.84277700000013,35.91360500000013],[27.839443,35.911659],[27.799721,35.893326],[27.786663,35.890549],[27.781387,35.890274],[27.768608,35.893608],[27.733055,35.91111],[27.730274,35.91333]]],[[[26.919167,36.946663],[26.881943,37.068886],[26.886662,37.073318],[26.890831,37.076378],[26.960548,37.056107],[26.985828,37.044167],[27.04832800000014,36.993607],[27.049995,36.990555],[27.049995,36.94915800000013],[27.049438,36.946106],[27.04583,36.944153],[26.975552,36.924431],[26.969719,36.924431],[26.94638400000014,36.928055],[26.93555500000014,36.932213],[26.919167,36.946663]]],[[[26.94638400000014,36.679153],[26.923054,36.7061],[26.92083,36.708878],[26.91861,36.716103],[26.91777000000013,36.755272],[26.921944,36.761101],[27.06083300000012,36.83721200000014],[27.06415900000013,36.838875],[27.15249300000011,36.881386],[27.168053,36.887215],[27.17749800000013,36.888878],[27.284443,36.900551],[27.34054900000013,36.885277],[27.346661,36.881104],[27.35277600000012,36.872208],[27.355553,36.865273],[27.35527,36.858887],[27.344166,36.849442],[27.329437,36.842766],[27.302498,36.837494],[27.27944200000013,36.83416],[27.243332,36.826935],[27.218327,36.8197100000001],[27.03611,36.766106],[27.028049,36.763611],[26.992222,36.751389],[26.980553,36.74694100000011],[26.974159,36.742775],[26.97194300000013,36.74027300000012],[26.970551,36.736382],[26.966389,36.703606],[26.965832,36.681664],[26.971386,36.672211],[26.96666,36.67249300000015],[26.953053,36.675278],[26.94638400000014,36.679153]]],[[[26.849442,37.097771],[26.820553,37.11055],[26.769444,37.169434],[26.76833000000011,37.173325],[26.76916100000011,37.176384],[26.778049,37.187775],[26.7808270000001,37.189995],[26.785553,37.190819],[26.820553,37.18721800000015],[26.855,37.18277],[26.85833,37.181107],[26.860554,37.177216],[26.87249800000012,37.150551],[26.888882,37.10915400000011],[26.889721,37.101662],[26.889164,37.09861],[26.886662,37.09665700000011],[26.863888,37.095276],[26.853886,37.09665700000011],[26.849442,37.097771]]],[[[34.74758476056047,38.28344712268784],[36.73979464590442,38.32942047428863],[35.96168002345125,36.74259453314459],[35.95679381808398,36.74749334903125],[35.89087584933398,36.7711139545],[35.67174056491015,36.60578497500782],[35.56761458834765,36.58741720767383],[35.50617125949023,36.55855520816211],[35.54760268649219,36.54018362613086],[35.4945898385918,36.44309958072071],[35.41708281954883,36.43260534854297],[35.38869765719531,36.45359381289844],[35.35417846163867,36.41423758120899],[35.22052672824023,36.38800390811329],[35.0713720651543,36.48770865054493],[34.86991027316211,36.5769229754961],[34.66238311251758,36.64777334781055],[34.48512938937305,36.62678106875782],[34.103220972625,36.38032492251758],[33.95171264132617,36.25157888980274],[33.95405486544726,36.15975912661915],[33.89098266085742,36.13877447696094],[33.8358755441582,36.107295595125],[33.83369735201953,36.07057150454883],[33.75317672213672,36.14664038272266],[33.48169997653125,36.05428274722461],[33.17133620700001,35.97088202090625],[32.90411666354297,35.97669561953907],[32.6403417917168,36.00799902530079],[32.33497909030078,36.12836798282032],[31.90200713595508,36.49686392398243],[31.37069037875293,36.71234472842579],[30.90531066378711,36.79421576114063],[30.59359076937793,36.76173361392383],[30.54006675204395,36.64696081729297],[30.49665168246387,36.37298163028125],[30.47283271273731,36.18825491519336],[30.39486220797656,36.11804541201954],[30.27989295443653,36.1178050860918],[30.16613105258106,36.18761786075],[29.66195586642383,36.07834585757618],[29.47193244418262,36.090694032625],[29.29818824252246,36.17311819644336],[29.00225165804981,36.69479712100391],[28.81352714022754,36.53515585513477],[28.46984580477832,36.73830755801563],[28.2669229837334,36.7124095782793],[28.01418975314258,36.52716406436329],[27.91190246066211,36.69894369693165],[27.9418554635918,36.75633963199024],[28.05103972872852,36.8330150470293],[27.99880889376758,36.90936621280079],[27.55347732028125,36.9148250445879],[27.30811027011035,36.92070730777149],[27.26863006075977,37.04168280215625],[27.52563956698535,37.13141211123829],[27.49252418002246,37.23967321963672],[27.36463263949512,37.3286319598711],[27.18399270013948,37.35644841518752],[28.38932928952847,38.00809181283531],[28.36274002728768,38.92409540660316],[27.51285001852148,39.5638428867787],[28.05545194406718,39.97115479868465],[28.55605946844283,40.03745644503963],[29.31366959336815,39.52800210612833],[33.21722257781126,38.31053118669922],[34.74758476056047,38.28344712268784]]]]}},{"type":"Feature","properties":{"NAME":null,"ABBREVN":null,"SUBJECTO":null,"BORDERPRECISION":3,"PARTOF":null},"geometry":{"type":"MultiPolygon","coordinates":[[[[-4.153334,53.225555],[-4.218056,53.200272],[-4.325556,53.144997],[-4.351389,53.124443],[-4.402223,53.125832],[-4.478889,53.176666],[-4.494445,53.189438],[-4.5675,53.273331],[-4.569167,53.38805400000012],[-4.566945,53.39138800000012],[-4.56,53.39666],[-4.474723,53.41861],[-4.429167,53.424438],[-4.423056,53.424995],[-4.416112,53.424995],[-4.31389,53.411942],[-4.2925,53.407494],[-4.283611,53.403328],[-4.276945,53.398331],[-4.27,53.388611],[-4.222222,53.32166300000011],[-4.126945,53.31055500000014],[-4.122223,53.311943],[-4.115834,53.312492],[-4.110001,53.312218],[-4.06,53.30555],[-4.046667,53.303329],[-4.04639,53.299721],[-4.09,53.254997],[-4.101389,53.247772],[-4.153334,53.225555]]]]}},{"type":"Feature","properties":{"NAME":null,"ABBREVN":null,"SUBJECTO":null,"BORDERPRECISION":3,"PARTOF":null},"geometry":{"type":"MultiPolygon","coordinates":[[[[-5.103612,55.438606],[-5.171945,55.429443],[-5.223612,55.429993],[-5.231668,55.430275],[-5.236945,55.431938],[-5.283334,55.446938],[-5.292778,55.451111],[-5.340279,55.47499800000014],[-5.342223,55.477219],[-5.357223,55.504166],[-5.400278,55.600555],[-5.400834,55.608887],[-5.400278,55.61777500000011],[-5.396389,55.628883],[-5.381111,55.66861000000011],[-5.378056,55.671661],[-5.370833,55.676941],[-5.330001,55.699715],[-5.325556,55.701942],[-5.295279,55.71666],[-5.265556,55.71721600000012],[-5.251945,55.71611000000013],[-5.239167,55.713608],[-5.228333,55.710274],[-5.198334,55.699165],[-5.185278,55.692772],[-5.168056,55.68416600000012],[-5.160278,55.679161],[-5.154723,55.673332],[-5.085279,55.55666400000013],[-5.083889,55.553055],[-5.074722,55.463333],[-5.074445,55.45916000000011],[-5.075834,55.455276],[-5.078889,55.45221700000013],[-5.093334,55.441666],[-5.103612,55.438606]]]]}},{"type":"Feature","properties":{"NAME":null,"ABBREVN":null,"SUBJECTO":null,"BORDERPRECISION":3,"PARTOF":null},"geometry":{"type":"MultiPolygon","coordinates":[[[[-6.121667,55.878883],[-6.103056,55.81110400000011],[-6.101945,55.80722],[-6.097501,55.796661],[-6.093334,55.789993],[-6.088334,55.783882],[-6.075556,55.777496],[-6.059445,55.772217],[-6.052222,55.76722],[-6.05,55.76416000000012],[-6.030278,55.720551],[-6.024723,55.68083200000012],[-6.0275,55.67777300000012],[-6.038334,55.669998],[-6.076667,55.64999400000011],[-6.228889,55.592216],[-6.274445,55.572777],[-6.300556,55.576942],[-6.317223,55.581665],[-6.325556,55.5866620000001],[-6.3275,55.589439],[-6.321945,55.615273],[-6.320834,55.618889],[-6.285833,55.70722200000012],[-6.253056,55.763611],[-6.251112,55.76722],[-6.25139,55.771385],[-6.254445,55.774719],[-6.259167,55.776665],[-6.265278,55.777771],[-6.325278,55.781387],[-6.331667,55.781387],[-6.337778,55.780273],[-6.345556,55.774994],[-6.348333,55.771385],[-6.352501,55.764717],[-6.356389,55.758049],[-6.360556,55.750275],[-6.3675,55.740829],[-6.379723,55.72805],[-6.393056,55.71721600000012],[-6.410833,55.70388800000012],[-6.449445,55.680275],[-6.462501,55.673882],[-6.473333,55.669998],[-6.485001,55.66861000000011],[-6.491389,55.669441],[-6.50139,55.673332],[-6.505,55.676666],[-6.509167,55.68222],[-6.51,55.690552],[-6.5,55.721382],[-6.495278,55.733604],[-6.449722,55.84861],[-6.441668,55.853607],[-6.369722,55.869438],[-6.309723,55.86360900000011],[-6.192223,55.91638200000011],[-6.163056,55.927498],[-6.141945,55.933609],[-6.136667,55.934441],[-6.129445,55.933609],[-6.121945,55.928886],[-6.118611,55.921661],[-6.122778,55.894997],[-6.121667,55.878883]]]]}},{"type":"Feature","properties":{"NAME":null,"ABBREVN":null,"SUBJECTO":null,"BORDERPRECISION":3,"PARTOF":null},"geometry":{"type":"MultiPolygon","coordinates":[[[[-5.946945,55.829994],[-5.971945,55.78833],[-6.027223,55.791664],[-6.0325,55.7930530000001],[-6.053056,55.800278],[-6.063056,55.803886],[-6.070556,55.808327],[-6.073611,55.811661],[-6.075556,55.815552],[-6.079167,55.82666],[-6.088056,55.87749500000012],[-6.087778,55.88166000000012],[-6.084445,55.894165],[-6.078889,55.905548],[-5.968056,56.023605],[-5.955833,56.03054800000012],[-5.906389,56.05832700000013],[-5.901668,56.060829],[-5.809167,56.109718],[-5.755,56.13333100000011],[-5.745001,56.137497],[-5.71139,56.150276],[-5.705556,56.150833],[-5.694445,56.14721700000013],[-5.685,56.12583200000012],[-5.684445,56.121941],[-5.684445,56.117493],[-5.686111,56.113052],[-5.690834,56.106667],[-5.7025,56.098885],[-5.708056,56.096107],[-5.716945,56.089439],[-5.730278,56.078049],[-5.746112,56.06360600000011],[-5.751945,56.056938],[-5.845834,55.94944],[-5.904167,55.8825],[-5.946945,55.829994]]]]}},{"type":"Feature","properties":{"NAME":null,"ABBREVN":null,"SUBJECTO":null,"BORDERPRECISION":3,"PARTOF":null},"geometry":{"type":"MultiPolygon","coordinates":[[[[-7.466945,56.940826],[-7.475278,56.940826],[-7.515278,56.943054],[-7.530556,56.94416],[-7.550279,56.94749500000012],[-7.559445,56.951385],[-7.560556,56.955551],[-7.56,56.96027400000014],[-7.553612,56.966385],[-7.445556,57.05555],[-7.439723,57.05444300000011],[-7.418612,57.043884],[-7.414722,57.041382],[-7.378056,56.982216],[-7.376112,56.978607],[-7.434723,56.94500000000011],[-7.439167,56.942772],[-7.466945,56.940826]]]]}},{"type":"Feature","properties":{"NAME":null,"ABBREVN":null,"SUBJECTO":null,"BORDERPRECISION":3,"PARTOF":null},"geometry":{"type":"MultiPolygon","coordinates":[[[[-7.223056,57.337494],[-7.231112,57.332771],[-7.246112,57.327774],[-7.252223,57.32666000000012],[-7.258889,57.327217],[-7.285278,57.336105],[-7.288056,57.32249500000012],[-7.259167,57.152496],[-7.214723,57.114441],[-7.215279,57.110275],[-7.225834,57.09693900000013],[-7.230278,57.09471900000011],[-7.265556,57.103607],[-7.287223,57.10611],[-7.303334,57.10611],[-7.333611,57.099998],[-7.356112,57.099159],[-7.363056,57.099998],[-7.38139,57.108604],[-7.386667,57.114716],[-7.392501,57.124992],[-7.396111,57.131943],[-7.4175,57.182495],[-7.418889,57.186661],[-7.420834,57.21833],[-7.425,57.382217],[-7.422223,57.385277],[-7.412223,57.38971700000013],[-7.368056,57.401382],[-7.335556,57.395828],[-7.285833,57.381104],[-7.271945,57.375275],[-7.267222,57.372215],[-7.224445,57.34166],[-7.223056,57.337494]]]]}},{"type":"Feature","properties":{"NAME":null,"ABBREVN":null,"SUBJECTO":null,"BORDERPRECISION":3,"PARTOF":null},"geometry":{"type":"MultiPolygon","coordinates":[[[[-7.268889,57.39888800000011],[-7.283334,57.397499],[-7.313612,57.39971900000012],[-7.320278,57.401382],[-7.378056,57.420273],[-7.388056,57.423882],[-7.404723,57.4419400000001],[-7.409445,57.448326],[-7.410001,57.452217],[-7.406389,57.464165],[-7.404167,57.467773],[-7.400278,57.470276],[-7.357779,57.488327],[-7.351111,57.489441],[-7.300556,57.483604],[-7.276112,57.480553],[-7.244167,57.4763870000001],[-7.204722,57.460831],[-7.2025,57.457497],[-7.202223,57.418884],[-7.204445,57.414993],[-7.239445,57.40361],[-7.244722,57.40222200000011],[-7.268889,57.39888800000011]]]]}},{"type":"Feature","properties":{"NAME":null,"ABBREVN":null,"SUBJECTO":null,"BORDERPRECISION":3,"PARTOF":null},"geometry":{"type":"MultiPolygon","coordinates":[[[[-7.188612,57.68721800000014],[-7.075278,57.64222],[-7.0675,57.63749700000011],[-7.065834,57.633331],[-7.1475,57.5149990000001],[-7.15389,57.509438],[-7.168334,57.508049],[-7.233612,57.503609],[-7.314723,57.50416600000011],[-7.321389,57.505272],[-7.326112,57.507774],[-7.3275,57.527496],[-7.325278,57.54416700000013],[-7.347778,57.55082700000014],[-7.411667,57.56805400000013],[-7.455556,57.56388900000013],[-7.467778,57.561943],[-7.476945,57.562492],[-7.486112,57.566109],[-7.536389,57.586105],[-7.540278,57.588051],[-7.543334,57.5908280000001],[-7.543334,57.59555100000011],[-7.491389,57.646385],[-7.48389,57.651939],[-7.472778,57.654999],[-7.432501,57.653328],[-7.275001,57.656387],[-7.271111,57.65943900000013],[-7.244722,57.676941],[-7.197223,57.686943],[-7.188612,57.68721800000014]]]]}},{"type":"Feature","properties":{"NAME":null,"ABBREVN":null,"SUBJECTO":null,"BORDERPRECISION":3,"PARTOF":null},"geometry":{"type":"MultiPolygon","coordinates":[[[[-7.00639,57.88138600000013],[-7.073611,57.877777],[-7.077778,57.879997],[-7.076667,57.892776],[-7.073611,57.896111],[-7.032778,57.91555],[-7.0275,57.916939],[-7.007223,57.919716],[-6.999445,57.91999800000013],[-6.993611,57.91861],[-6.994167,57.913887],[-6.9975,57.890831],[-6.998889,57.887215],[-7.00639,57.88138600000013]]]]}},{"type":"Feature","properties":{"NAME":null,"ABBREVN":null,"SUBJECTO":null,"BORDERPRECISION":3,"PARTOF":null},"geometry":{"type":"MultiPolygon","coordinates":[[[[-6.802222,58.203049],[-6.838889,58.201942],[-6.869167,58.203888],[-6.873056,58.206383],[-6.888889,58.24443800000012],[-6.89,58.248604],[-6.889723,58.252495],[-6.881667,58.254166],[-6.860278,58.25110600000011],[-6.854167,58.25],[-6.809723,58.22860700000012],[-6.794445,58.218048],[-6.791389,58.20694],[-6.794445,58.20333100000011],[-6.802222,58.203049]]]]}},{"type":"Feature","properties":{"NAME":null,"ABBREVN":null,"SUBJECTO":null,"BORDERPRECISION":3,"PARTOF":null},"geometry":{"type":"MultiPolygon","coordinates":[[[[-6.204167,58.35611],[-6.2325,58.317772],[-6.279723,58.287773],[-6.32389,58.263611],[-6.328278,58.237938],[-6.328445,58.235439],[-6.327611,58.23344],[-6.325278,58.231773],[-6.321778,58.230774],[-6.285111,58.22293900000011],[-6.281279,58.222275],[-6.276945,58.222775],[-6.273612,58.223606],[-6.265445,58.227444],[-6.220834,58.233604],[-6.208611,58.24082900000013],[-6.172501,58.258331],[-6.167778,58.26055100000013],[-6.160001,58.25972000000013],[-6.148056,58.25610400000011],[-6.146945,58.252777],[-6.158334,58.21833],[-6.164445,58.212219],[-6.172223,58.20694],[-6.224723,58.183609],[-6.263778,58.176609],[-6.329111,58.182774],[-6.366667,58.15860700000013],[-6.374722,58.135551],[-6.376945,58.131943],[-6.382223,58.129715],[-6.497223,58.097496],[-6.548056,58.091942],[-6.601111,58.084999],[-6.620278,58.08194],[-6.619167,58.078331],[-6.594723,58.078331],[-6.496945,58.087494],[-6.420279,58.102219],[-6.410278,58.105553],[-6.4025,58.105827],[-6.396111,58.104721],[-6.390556,58.09861],[-6.353889,58.033051],[-6.356668,58.029999],[-6.386111,58.00916300000011],[-6.457778,57.96804800000012],[-6.473889,57.94832600000012],[-6.472778,57.94416],[-6.473889,57.940277],[-6.538056,57.916382],[-6.544168,57.914993],[-6.570556,57.911385],[-6.5775,57.910828],[-6.621112,57.91444400000012],[-6.628056,57.915276],[-6.653056,57.91999800000013],[-6.662223,57.924164],[-6.666389,57.92694100000011],[-6.691945,57.95805400000012],[-6.698611,57.967499],[-6.704722,57.986664],[-6.706944,57.998886],[-6.706112,58.0075],[-6.6975,58.021385],[-6.694445,58.024437],[-6.662778,58.04444100000012],[-6.659167,58.046661],[-6.652779,58.048332],[-6.629445,58.048332],[-6.621945,58.04777500000012],[-6.615001,58.046104],[-6.598612,58.045273],[-6.593612,58.046387],[-6.590279,58.04999500000014],[-6.595278,58.052498],[-6.600278,58.053886],[-6.607779,58.054718],[-6.67,58.058052],[-6.678334,58.058327],[-6.684445,58.057495],[-6.689167,58.05499300000014],[-6.76139,57.998329],[-6.725834,57.954437],[-6.722778,57.951111],[-6.718889,57.949165],[-6.705278,57.946938],[-6.696389,57.942497],[-6.685,57.934441],[-6.679723,57.928329],[-6.677501,57.925552],[-6.664722,57.90055100000012],[-6.660556,57.88472000000013],[-6.662223,57.880554],[-6.735278,57.825829],[-6.960834,57.727493],[-6.965556,57.725555],[-6.972501,57.724716],[-6.978333,57.72583],[-6.98389,57.72833300000013],[-7.120001,57.814163],[-7.123056,57.817497],[-7.124445,57.820831],[-7.126667,57.833328],[-7.125278,57.83777600000013],[-7.118334,57.838051],[-7.103889,57.836662],[-7.092223,57.832771],[-7.083611,57.824715],[-7.065834,57.820831],[-7.02889,57.832222],[-6.830278,57.900833],[-6.834167,57.90361],[-6.879445,57.93249500000013],[-6.935,57.949715],[-6.946112,57.952774],[-6.985001,57.959442],[-6.992778,57.95916],[-7.021945,57.95194200000014],[-7.029723,57.952217],[-7.035556,57.953331],[-7.075278,57.962494],[-7.112779,57.983887],[-7.11389,57.987221],[-7.084167,58.00804900000014],[-7.055556,58.020271],[-7.057778,58.036385],[-7.093889,58.070549],[-7.126667,58.12332900000013],[-7.128334,58.130272],[-7.128056,58.13472],[-7.094445,58.181938],[-7.059167,58.220276],[-7.055556,58.223328],[-7.040556,58.23333000000014],[-7.031945,58.238052],[-7.008056,58.23527500000012],[-7.001112,58.23444400000011],[-6.919723,58.21611000000013],[-6.908056,58.212776],[-6.905834,58.209717],[-6.908056,58.206108],[-6.920279,58.203606],[-6.936111,58.188049],[-6.874167,58.111107],[-6.868056,58.10611],[-6.861945,58.10388200000011],[-6.860001,58.108055],[-6.873279,58.178593],[-6.805183,58.195866],[-6.750374,58.185238],[-6.744728,58.197197],[-6.786582,58.22941600000013],[-6.808056,58.25972000000013],[-6.817779,58.279999],[-6.815556,58.284721],[-6.797778,58.302216],[-6.673056,58.349159],[-6.658334,58.349442],[-6.652223,58.34861000000012],[-6.646945,58.34194200000013],[-6.560278,58.3597180000001],[-6.550279,58.363327],[-6.355278,58.457497],[-6.310556,58.479164],[-6.292778,58.488327],[-6.276945,58.50833100000011],[-6.272223,58.510551],[-6.266945,58.512497],[-6.259723,58.512772],[-6.253056,58.51166500000011],[-6.244445,58.5086060000001],[-6.234723,58.50416600000011],[-6.223333,58.496384],[-6.166112,58.42527800000011],[-6.165833,58.420555],[-6.204167,58.35611]]]]}},{"type":"Feature","properties":{"NAME":null,"ABBREVN":null,"SUBJECTO":null,"BORDERPRECISION":3,"PARTOF":null},"geometry":{"type":"MultiPolygon","coordinates":[[[[-2.918334,58.731941],[-2.939445,58.729996],[-2.948056,58.7305530000001],[-2.957778,58.7347180000001],[-2.970556,58.741943],[-2.98,58.750275],[-3.036945,58.818054],[-3.033611,58.820831],[-3.028889,58.823051],[-3.01,58.831665],[-3.004445,58.833054],[-2.974722,58.835274],[-2.916111,58.838882],[-2.899167,58.838333],[-2.894167,58.836937],[-2.886389,58.83194],[-2.877778,58.824165],[-2.876667,58.820274],[-2.913889,58.733887],[-2.918334,58.731941]]]]}},{"type":"Feature","properties":{"NAME":null,"ABBREVN":null,"SUBJECTO":null,"BORDERPRECISION":3,"PARTOF":null},"geometry":{"type":"MultiPolygon","coordinates":[[[[-3.231389,58.775551],[-3.288889,58.775551],[-3.295834,58.776108],[-3.300834,58.77805300000011],[-3.431111,58.871384],[-3.433056,58.87471800000014],[-3.433056,58.878883],[-3.418056,58.90416],[-3.412222,58.910553],[-3.398056,58.917221],[-3.349167,58.92694100000011],[-3.335556,58.927498],[-3.233056,58.887215],[-3.228333,58.88499500000012],[-3.214723,58.874161],[-3.136389,58.804161],[-3.134722,58.800827],[-3.136945,58.786659],[-3.141667,58.784721],[-3.160278,58.781105],[-3.180833,58.77916],[-3.231389,58.775551]]]]}},{"type":"Feature","properties":{"NAME":null,"ABBREVN":null,"SUBJECTO":null,"BORDERPRECISION":3,"PARTOF":null},"geometry":{"type":"MultiPolygon","coordinates":[[[[-2.793056,58.951385],[-2.755834,58.91777000000013],[-2.824445,58.878883],[-2.869167,58.893326],[-2.97,58.93943800000011],[-3.008334,58.939995],[-3.057222,58.935829],[-3.110556,58.928055],[-3.119722,58.923332],[-3.119722,58.919167],[-3.172223,58.910828],[-3.188334,58.909996],[-3.195,58.91111000000012],[-3.303334,58.945831],[-3.313334,58.949997],[-3.345556,58.9658280000001],[-3.361111,58.992218],[-3.363056,58.995552],[-3.368056,59.009995],[-3.368056,59.01416],[-3.351389,59.106384],[-3.350278,59.10999300000015],[-3.3175,59.12944],[-3.277778,59.139999],[-3.272223,59.141388],[-3.238889,59.146111],[-3.218889,59.148605],[-3.2025,59.148605],[-3.195834,59.147217],[-3.076945,59.121666],[-3.073056,59.119164],[-2.998333,59.069717],[-2.995278,59.06666600000011],[-2.995833,59.055832],[-2.947222,58.998329],[-2.852222,58.975555],[-2.793056,58.951385]]]]}},{"type":"Feature","properties":{"NAME":null,"ABBREVN":null,"SUBJECTO":null,"BORDERPRECISION":3,"PARTOF":null},"geometry":{"type":"MultiPolygon","coordinates":[[[[-2.681389,59.195831],[-2.685833,59.18416600000012],[-2.689723,59.18666100000013],[-2.691667,59.18999500000012],[-2.693611,59.197495],[-2.6925,59.210274],[-2.690556,59.214439],[-2.684445,59.220833],[-2.592778,59.29055],[-2.555556,59.303055],[-2.534445,59.304993],[-2.414444,59.313606],[-2.407222,59.313889],[-2.402223,59.312775],[-2.4,59.310272],[-2.397223,59.303329],[-2.390278,59.283051],[-2.39,59.27971600000012],[-2.495556,59.244995],[-2.570834,59.242218],[-2.577222,59.242218],[-2.620556,59.236107],[-2.625,59.233604],[-2.681389,59.195831]]]]}},{"type":"Feature","properties":{"NAME":null,"ABBREVN":null,"SUBJECTO":null,"BORDERPRECISION":3,"PARTOF":null},"geometry":{"type":"MultiPolygon","coordinates":[[[[-2.89,59.29527300000012],[-2.849722,59.268051],[-2.853056,59.249443],[-2.8775,59.22860700000012],[-2.873056,59.251938],[-2.873056,59.256104],[-2.876945,59.258606],[-2.936667,59.283607],[-2.958611,59.287773],[-2.965556,59.288055],[-2.971945,59.287216],[-2.976389,59.284721],[-2.974167,59.281387],[-2.976944,59.272774],[-2.988056,59.26416000000012],[-2.992222,59.26166500000011],[-2.999167,59.261108],[-3.003334,59.263611],[-3.028334,59.284996],[-3.073611,59.324165],[-3.075556,59.327499],[-3.076389,59.331383],[-3.071667,59.331383],[-3.048889,59.329163],[-2.897223,59.299721],[-2.89,59.29527300000012]]]]}},{"type":"Feature","properties":{"NAME":null,"ABBREVN":null,"SUBJECTO":null,"BORDERPRECISION":3,"PARTOF":null},"geometry":{"type":"MultiPolygon","coordinates":[[[[-1.296111,60.491104],[-1.286667,60.47110700000013],[-1.163889,60.454437],[-1.041389,60.446938],[-1.037222,60.44416],[-1.037778,60.439995],[-1.066111,60.358055],[-1.101111,60.275833],[-1.164167,60.25833100000011],[-1.165833,60.26194],[-1.186944,60.269722],[-1.195,60.27082800000011],[-1.198889,60.267776],[-1.200556,60.26332900000011],[-1.198056,60.255829],[-1.185556,60.230553],[-1.180556,60.224998],[-1.1575,60.194717],[-1.126111,60.151665],[-1.125556,60.147774],[-1.128611,60.1441650000001],[-1.146667,60.131943],[-1.153056,60.13304900000014],[-1.163056,60.13749700000011],[-1.170556,60.137215],[-1.187222,60.12722000000014],[-1.212222,60.102776],[-1.220556,60.022499],[-1.260278,59.862221],[-1.2625,59.85833],[-1.268611,59.851105],[-1.306945,59.85749800000013],[-1.371945,59.891663],[-1.378056,59.90222200000011],[-1.377778,59.90638700000011],[-1.331667,59.99694100000011],[-1.330038,60],[-1.326389,60.0044400000001],[-1.3225,60.0075],[-1.316389,60.008888],[-1.311389,60.00666],[-1.308056,60.008888],[-1.305833,60.012772],[-1.268333,60.093605],[-1.263056,60.106941],[-1.261111,60.115829],[-1.260278,60.124161],[-1.261667,60.130829],[-1.285,60.219994],[-1.291389,60.241386],[-1.403333,60.255829],[-1.410278,60.25499700000012],[-1.414167,60.251938],[-1.410278,60.249443],[-1.3875,60.237221],[-1.363611,60.229721],[-1.353056,60.208885],[-1.358333,60.192497],[-1.448611,60.151108],[-1.453611,60.152496],[-1.490556,60.16777],[-1.520278,60.181389],[-1.527222,60.186943],[-1.527778,60.19082600000013],[-1.526667,60.194443],[-1.519722,60.201111],[-1.588889,60.215828],[-1.647778,60.224716],[-1.655,60.226105],[-1.664722,60.230827],[-1.674445,60.239441],[-1.678056,60.246384],[-1.693056,60.279716],[-1.692778,60.283882],[-1.691389,60.28833],[-1.666945,60.299721],[-1.655278,60.303055],[-1.628334,60.30722],[-1.596667,60.308052],[-1.589722,60.306389],[-1.474722,60.314995],[-1.445833,60.318604],[-1.426944,60.32138800000013],[-1.345834,60.339996],[-1.320278,60.356384],[-1.445833,60.46054800000013],[-1.502222,60.469719],[-1.553611,60.475555],[-1.558333,60.473053],[-1.565,60.473053],[-1.609722,60.4741590000001],[-1.611667,60.476662],[-1.61,60.481384],[-1.593056,60.507774],[-1.546945,60.535828],[-1.416111,60.604996],[-1.410556,60.60694100000012],[-1.301944,60.63666500000011],[-1.295833,60.63472000000013],[-1.294167,60.631104],[-1.2875,60.613327],[-1.296111,60.491104]]]]}},{"type":"Feature","properties":{"NAME":null,"ABBREVN":null,"SUBJECTO":null,"BORDERPRECISION":3,"PARTOF":null},"geometry":{"type":"MultiPolygon","coordinates":[[[[-1.029444,60.495827],[-1.104722,60.48555],[-1.1275,60.486382],[-1.14,60.48944100000011],[-1.142778,60.492493],[-1.170278,60.52722200000011],[-1.1825,60.594994],[-1.183611,60.60277600000012],[-1.181389,60.623604],[-1.179445,60.63250000000011],[-1.177222,60.63666500000011],[-1.11,60.72583],[-1.098611,60.729996],[-1.0925,60.73138400000011],[-1.084722,60.731667],[-1.056945,60.730827],[-0.996667,60.72471600000011],[-0.991111,60.719994],[-0.9825,60.655548],[-0.982778,60.65138200000013],[-1.017778,60.51944000000015],[-1.019167,60.514999],[-1.023334,60.503052],[-1.025556,60.498886],[-1.029444,60.495827]]]]}},{"type":"Feature","properties":{"NAME":null,"ABBREVN":null,"SUBJECTO":null,"BORDERPRECISION":3,"PARTOF":null},"geometry":{"type":"MultiPolygon","coordinates":[[[[-0.819722,60.68888900000013],[-0.835,60.67333200000013],[-0.935556,60.67443800000012],[-0.958611,60.68249500000013],[-0.965556,60.688049],[-0.959722,60.71138800000011],[-0.938889,60.79444100000012],[-0.883056,60.84221600000012],[-0.878333,60.844444],[-0.806111,60.840553],[-0.772778,60.831108],[-0.767778,60.82888800000012],[-0.758056,60.817772],[-0.757222,60.813889],[-0.763611,60.793327],[-0.819722,60.68888900000013]]]]}},{"type":"Feature","properties":{"NAME":null,"ABBREVN":null,"SUBJECTO":null,"BORDERPRECISION":3,"PARTOF":null},"geometry":{"type":"MultiPolygon","coordinates":[[[[-6.655278,61.389442],[-6.660278,61.388329],[-6.668056,61.389442],[-6.719167,61.407494],[-6.845834,61.468048],[-6.958334,61.59861],[-6.962778,61.61916400000013],[-6.96,61.622772],[-6.944723,61.63666500000011],[-6.92639,61.641388],[-6.912223,61.643608],[-6.889445,61.644997],[-6.728889,61.575829],[-6.724445,61.573326],[-6.709445,61.55832700000013],[-6.655278,61.433052],[-6.641667,61.400833],[-6.642222,61.39721700000013],[-6.655278,61.389442]]],[[[-6.604167,61.821663],[-6.63,61.761108],[-6.638889,61.750549],[-6.652223,61.742775],[-6.704722,61.777496],[-6.836112,61.817772],[-6.841111,61.81749700000012],[-6.866112,61.837494],[-6.90889,61.901108],[-6.908334,61.904716],[-6.904723,61.907776],[-6.864445,61.907494],[-6.855834,61.906944],[-6.783334,61.896942],[-6.776945,61.895271],[-6.661389,61.858887],[-6.652223,61.853882],[-6.604167,61.826111],[-6.604167,61.821663]]],[[[-7.049723,62.067772],[-7.055,62.060272],[-7.062778,62.04943800000012],[-7.165278,62.023605],[-7.185834,62.019722],[-7.201667,62.018608],[-7.191668,62.031105],[-7.192223,62.039719],[-7.193611,62.043327],[-7.198334,62.049995],[-7.211945,62.057495],[-7.226667,62.06443800000011],[-7.2325,62.06472000000014],[-7.233334,62.060272],[-7.251112,62.04277000000013],[-7.345556,62.0522160000001],[-7.352222,62.053886],[-7.378056,62.064995],[-7.381667,62.06805400000013],[-7.431111,62.116104],[-7.433889,62.123604],[-7.434445,62.127777],[-7.435,62.140274],[-7.433612,62.143608],[-7.42639,62.14472200000012],[-7.231112,62.159996],[-7.223333,62.15943900000013],[-7.163073,62.128815],[-7.056111,62.09861],[-7.045,62.094444],[-7.041389,62.091385],[-7.040278,62.087776],[-7.041112,62.08305400000012],[-7.049723,62.067772]]],[[[-6.706944,61.93749200000013],[-6.717778,61.93332700000013],[-6.725278,61.93444100000011],[-6.773056,61.949997],[-6.869167,61.99749800000012],[-6.961112,62.046661],[-7.034582,62.11211],[-7.130308,62.125599],[-7.232223,62.172493],[-7.234723,62.175827],[-7.235001,62.179993],[-7.233612,62.193329],[-7.232779,62.19805100000013],[-7.210834,62.284721],[-7.195556,62.304718],[-7.192223,62.3077770000001],[-7.135,62.303886],[-7.128056,62.302216],[-7.087501,62.290833],[-7.070556,62.284721],[-7.065834,62.282219],[-7.0625,62.27916],[-7.057501,62.272499],[-7.052222,62.2575],[-7.045,62.243332],[-7.0425,62.239998],[-7.036667,62.23360400000013],[-6.990834,62.193054],[-6.973889,62.182495],[-6.945834,62.168053],[-6.916389,62.15388500000012],[-6.84139,62.124443],[-6.735001,62.04361],[-6.724723,62.034996],[-6.718889,62.02861],[-6.696389,61.979439],[-6.696112,61.97527300000013],[-6.7025,61.940277],[-6.706944,61.93749200000013]]],[[[-6.620001,62.229721],[-6.623611,62.226662],[-6.632223,62.227493],[-6.658056,62.234444],[-6.68139,62.242493],[-6.685834,62.24499500000013],[-6.711667,62.29388400000011],[-6.720834,62.331383],[-6.632223,62.259163],[-6.625556,62.253326],[-6.620278,62.238052],[-6.619167,62.234444],[-6.620001,62.229721]]],[[[-6.6575,62.092499],[-6.6575,62.055832],[-6.669723,62.058609],[-6.752778,62.092773],[-6.921945,62.167221],[-6.948056,62.182495],[-6.964168,62.193329],[-7.011111,62.226387],[-7.025001,62.237778],[-7.029445,62.244438],[-7.0625,62.29583000000014],[-7.060278,62.31360600000011],[-6.958056,62.339165],[-6.950278,62.338051],[-6.938056,62.33416000000011],[-6.807222,62.290276],[-6.735001,62.259995],[-6.601111,62.196938],[-6.597778,62.19416],[-6.588056,62.13416300000011],[-6.649723,62.102493],[-6.654167,62.09971600000011],[-6.656945,62.096107],[-6.6575,62.092499]]],[[[-6.418612,62.183884],[-6.518056,62.168884],[-6.527223,62.173882],[-6.555556,62.196938],[-6.5725,62.2116620000001],[-6.581944,62.224998],[-6.588056,62.239716],[-6.550858,62.250984],[-6.548974,62.3009],[-6.574403,62.349876],[-6.541667,62.357498],[-6.536667,62.342499],[-6.522223,62.318054],[-6.492778,62.291382],[-6.48889,62.28833],[-6.43,62.268883],[-6.397779,62.259995],[-6.392222,62.258049],[-6.388889,62.254997],[-6.388612,62.250832],[-6.389723,62.246109],[-6.407223,62.19166600000011],[-6.408611,62.188606],[-6.412223,62.185272],[-6.418612,62.183884]]],[[[-6.585834,62.256386],[-6.595,62.256104],[-6.608334,62.2586060000001],[-6.613056,62.261108],[-6.620001,62.266937],[-6.664445,62.322495],[-6.668056,62.32972],[-6.668334,62.333885],[-6.666667,62.347221],[-6.665833,62.351944],[-6.660833,62.372498],[-6.654723,62.374161],[-6.645834,62.374161],[-6.638056,62.373055],[-6.632223,62.370827],[-6.573611,62.306389],[-6.566389,62.296387],[-6.561389,62.28138700000011],[-6.561111,62.276939],[-6.561667,62.273331],[-6.565556,62.265274],[-6.5725,62.25888800000013],[-6.585834,62.256386]]],[[[-6.406112,62.284439],[-6.415001,62.284439],[-6.422778,62.285553],[-6.480278,62.297775],[-6.488611,62.307495],[-6.546945,62.383606],[-6.545279,62.38694],[-6.530834,62.394165],[-6.525278,62.396111],[-6.519167,62.396942],[-6.498334,62.386383],[-6.489167,62.38138600000013],[-6.391667,62.296944],[-6.406112,62.284439]]]]}},{"type":"Feature","properties":{"NAME":null,"ABBREVN":null,"SUBJECTO":null,"BORDERPRECISION":3,"PARTOF":null},"geometry":{"type":"MultiPolygon","coordinates":[[[[-4.777779,54.05555],[-4.78389,54.056938],[-4.7875,54.059441],[-4.788611,54.063049],[-4.788611,54.067215],[-4.713889,54.214439],[-4.710279,54.217216],[-4.69889,54.219162],[-4.645834,54.238052],[-4.641389,54.239998],[-4.625,54.248886],[-4.618056,54.254166],[-4.601945,54.267776],[-4.595834,54.273888],[-4.588056,54.283607],[-4.578056,54.296944],[-4.554723,54.331108],[-4.553334,54.335274],[-4.552778,54.343887],[-4.541389,54.35611],[-4.5275,54.367218],[-4.485001,54.387215],[-4.443056,54.398048],[-4.368056,54.416664],[-4.360278,54.416107],[-4.354167,54.410828],[-4.352778,54.409164],[-4.308333,54.300552],[-4.307501,54.296944],[-4.309445,54.293327],[-4.321667,54.276665],[-4.386111,54.195549],[-4.394444,54.186386],[-4.470556,54.137497],[-4.491112,54.126663],[-4.550556,54.097771],[-4.623889,54.068604],[-4.684445,54.076942],[-4.690556,54.078331],[-4.704722,54.07972],[-4.720834,54.076111],[-4.777779,54.05555]]]]}},{"type":"Feature","properties":{"NAME":"Denmark","ABBREVN":"Denmark","SUBJECTO":"Denmark","BORDERPRECISION":3,"PARTOF":"Denmark"},"geometry":{"type":"MultiPolygon","coordinates":[[[[-25.69489761868359,71.27300604434376],[-26.08600708523633,71.19479712100392],[-26.32942101040722,71.13240393252735],[-27.08437630215527,71.08456762881642],[-27.60605141201855,71.0681568011797],[-27.91617294827344,70.99798925967579],[-28.08353134671094,70.89728125186329],[-28.22177979031445,70.6273380145586],[-28.38448235073926,70.45799597354298],[-27.91197105923535,70.2824893817461],[-27.47493645230176,70.20676001162892],[-26.52261444607617,70.17790564151173],[-26.25201126614453,70.17839392276173],[-25.45328995266797,70.28709753604298],[-24.58473297634961,70.30402716250782],[-24.1952294973457,70.24348791690235],[-23.77526375332715,70.14480932803517],[-23.5874471334541,70.08399542422657],[-23.45946404019238,70.09187658877735],[-23.00888535061719,70.09273108096485],[-22.43398376980664,70.07851751895313],[-22.1575269369209,70.05610998721485],[-22.73232933560254,69.77407415957813],[-23.44435020962597,69.56847723575001],[-24.3332910207832,69.33282049746876],[-24.5835408834541,69.33987005801563],[-24.89655777493359,69.39209326358204],[-25.3243798879707,69.08993109317188],[-25.80157372036816,68.86358984561329],[-26.36213776150586,68.66002997012501],[-26.86867233792187,68.52670630069142],[-26.96362396756054,68.50170477481251],[-27.95905777493359,68.47738989444142],[-28.19533821621777,68.41711767764454],[-28.42120644131543,68.41671331973438],[-28.86312004605176,68.3262134418047],[-29.16213509121777,68.25097998233204],[-29.39970108548047,68.22812994571095],[-29.82538887539746,68.4140811786211],[-29.99449059048535,68.39135321231251],[-30.30504128018262,67.9804874286211],[-30.73649117031933,67.92756994815235],[-31.020314183625,67.95681341739063],[-31.35468193570019,68.04555853457813],[-31.63458153286816,68.25381811709767],[-32.0187501577461,68.44738348575001],[-32.30990311184766,68.54410132022267],[-32.3590707449043,68.54400976748829],[-32.35546967068555,68.45423468203907],[-32.03717514553906,67.98469885440235],[-32.1238355306709,67.87289007754688],[-32.26753708401563,67.86519964785938],[-32.57804962674024,67.75312384219532],[-32.95602127591016,67.64102514834767],[-33.21397491970899,67.46998175235157],[-33.66419693508985,67.06237372012501],[-33.96005341091992,66.76694067569142],[-34.43306061306836,66.3839526996172],[-34.78231140652539,66.26602514834767],[-35.24768158474805,66.22850378604298],[-35.70800873318555,66.35223730655079],[-35.7744874624336,66.10307653994923],[-35.97189804592969,65.84693487735157],[-36.3243798879707,65.72228582950001],[-36.77052780667188,65.76518591494923],[-37.04790207425,65.74278601260548],[-37.57888123074414,65.54509314151173],[-37.15478226223828,66.32019384951954],[-37.20936676541211,66.3127628192461],[-37.56725784817578,66.31942328067188],[-38.04184814968945,66.39921911807423],[-37.92492004910352,66.20884283633595],[-37.93667313137891,66.00396307559376],[-38.11029526272656,65.82104071231251],[-38.46742340603711,65.64538153262501],[-38.98941132107617,65.5715747699297],[-39.42711731472852,65.57073553653126],[-39.9920167593086,65.53330572696095],[-39.78176590481641,65.35187872500782],[-39.68630692044141,65.17055853457813],[-39.72691818753125,64.99653967471485],[-39.89782043972852,64.9529224261797],[-40.04237457791211,64.98147162051563],[-40.25372025051953,64.96666296573048],[-41.06033417263867,65.0374942645586],[-40.82774826565625,64.89353521914845],[-40.48362061062695,64.68540533633595],[-40.35070511380078,64.52752264590626],[-40.35533234158399,64.42695196719532],[-40.47241684475781,64.3477969989336],[-41.01111313382031,64.33243139834767],[-41.48412033596875,64.2741886004961],[-41.10417267361524,64.08855017276173],[-40.89255234280469,64.03168066592579],[-40.69122025051953,63.93186911197071],[-40.51624771633985,63.78206976504688],[-40.76570221463086,63.57452734561328],[-40.89390656033399,63.52436789126758],[-41.16342255154492,63.5666576251543],[-41.37823959866406,63.52343710513477],[-41.22301956692578,63.309932313875],[-41.22700974026563,63.25296362491016],[-41.43446823635938,63.0392032489336],[-41.65309616604688,63.09566458316211],[-41.91557022610547,63.12360724063281],[-41.90392395535352,63.05252417178516],[-41.78910538235547,62.84676321597461],[-41.83440872708203,62.69062002749805],[-41.96372696438672,62.69039114566211],[-42.2588624624336,62.73238714785938],[-42.29883667508008,62.7393985614336],[-42.73952957669141,62.68891104312305],[-43.22596832791211,62.68092306704883],[-42.91909882107617,62.46190603824024],[-42.42036530056836,62.28601416201953],[-42.27136322537305,62.19441946597461],[-42.30619522610547,61.72888144107227],[-42.47826477566602,61.30676230044727],[-42.67033096829297,61.26428564639453],[-43.03725906887891,61.29165991397266],[-42.81712051907422,61.02562292666797],[-42.8244142202461,60.80161245913867],[-42.7540902761543,60.69687231631641],[-42.78493210354688,60.52916296573047],[-42.92721268216016,60.50099142642383],[-43.14993378201367,60.51450689883594],[-43.49708649197461,60.47896917910938],[-43.15411850491406,60.30526693911914],[-42.96204468289258,60.03407248111133],[-43.01451202908399,59.832881532625],[-43.14357086697461,59.81878241153125],[-43.57877823391797,59.9356876239336],[-44.05226608792188,60.16422232241992],[-44.27613541165235,60.03158529849414],[-44.46744247952344,59.76092108340625],[-44.75314423123242,60.03066214175586],[-44.68221756497266,60.288447938875],[-44.8562402395332,60.37872656436328],[-45.36200806179883,60.46149023623828],[-45.62170502224805,60.60060080142383],[-45.6040658620918,60.68450506778125],[-45.48992630520704,60.79656561465625],[-45.46025177517774,60.89458426089649],[-45.60647675076368,61.02036627383594],[-45.77090164700391,61.104121767],[-46.07186600247266,60.94244726748828],[-46.195851293,60.93519552798633],[-46.33108612576368,60.871944032625],[-46.53102585354688,60.89255865664844],[-46.97205444851758,60.86373861880664],[-47.15937134304883,60.85638006778125],[-47.41620346585157,60.72299536319141],[-47.63047501126172,60.59680517764453],[-47.82239243069532,60.77819021792774],[-47.86935516873243,60.93902548404102],[-47.96923157254102,61.03691061587696],[-48.20001694241407,61.14162787051563],[-48.56791397610547,61.24614294619922],[-48.91546341458204,61.42103537173633],[-49.14827438870313,61.77232702823047],[-49.11644455471875,62.10383185000781],[-49.20595261135938,62.17429693789844],[-49.4012956289375,62.21632345767383],[-49.61146256008985,62.19473990054492],[-50.04793259182813,62.3140827045],[-50.09668442288282,62.35641058535938],[-50.15892883816602,62.46242865176563],[-50.09593674221875,62.66799124331836],[-49.88932510891797,62.84574469180469],[-49.8574838308418,62.96654471011524],[-49.97367950955274,62.99473150821094],[-50.22172638455274,63.00849493594531],[-50.46581741848829,63.0506664142168],[-50.59093567410352,63.14998587222461],[-50.61674210110547,63.43480642886524],[-50.82308670559766,63.49145849795703],[-51.10051819363477,63.46953924746875],[-51.36576553860547,63.72601278872852],[-51.35501572171094,63.81178244204883],[-51.26595016995313,63.92637213321094],[-50.98794647732618,64.09154089541798],[-50.4390153555,64.24309118838673],[-50.25692459622266,64.37973364444142],[-50.04263397732618,64.43757208438282],[-50.01991364041211,64.61005743594532],[-50.1444825796211,64.73932226748829],[-50.35739990750196,64.69574316592579],[-50.77184006253125,64.65900763125782],[-50.99374863186719,64.61542852969532],[-51.27965637722852,64.42807348819142],[-51.52139755764844,64.37018927188282],[-51.80484863797071,64.23334082217579],[-51.95738312283399,64.37656744571095],[-51.94017502346875,64.65683325381642],[-51.99165436306836,65.00974615664845],[-52.08433243313672,65.21262701602345],[-52.07773300686719,65.37242468448048],[-52.18693634549024,65.51769598575001],[-52.41381165066602,65.48089178653126],[-52.53600784817579,65.49521978946095],[-52.83536240139844,65.65488775821095],[-53.10253998318555,65.87324865908985],[-53.10843369046094,66.03403814883595],[-52.72966095486524,66.27637823672657],[-52.61050125637891,66.26797827334767],[-52.86044403591993,66.35319861026173],[-53.34805389920118,66.32427557559376],[-53.39427277127149,66.45181616397267],[-53.22169968167188,66.53085669131642],[-52.91685196438672,66.54446753116017],[-52.65323730984571,66.5677677020586],[-52.448048558625,66.60731085391407],[-52.30317017117383,66.9094653949297],[-52.84682938137891,66.9305835589922],[-53.10420319119336,66.90795477481251],[-53.26725861111524,66.92242010684376],[-53.39741608181836,66.99593695254688],[-53.44956299343946,67.08444555850392],[-53.34943100491407,67.21025427432423],[-53.25116440335157,67.21393927188282],[-53.17031189480664,67.2858081683672],[-52.97809692898633,67.31033667178517],[-53.14671036282422,67.39514502139454],[-53.3949594167793,67.36226233096485],[-53.49412247219922,67.47349890323048],[-53.4684457449043,67.55819281192188],[-53.43576141873243,67.61761816592579],[-53.31903549710157,67.61784704776173],[-53.18010803738477,67.66264685244923],[-52.80789658108594,67.77477606387501],[-52.25998398342969,67.73864325137501],[-51.87598511258008,67.6650806293047],[-51.52680298367383,67.65088232608204],[-51.35653397122266,67.5918155536211],[-50.93936249295118,67.52581366153126],[-50.47708984890821,67.48220404239063],[-50.49110886135938,67.64538153262501],[-50.35670944729688,67.89093359561329],[-50.49096008816602,67.97258337588673],[-50.94993683377149,68.09095343203907],[-51.56045242825391,68.2315860614336],[-51.96674057522657,68.30552252383595],[-52.68336578884961,68.45371588321095],[-52.84246155300977,68.50580938907032],[-52.69119354763868,68.66340979190235],[-52.33688065091016,68.66408880801563],[-51.67873093167188,68.50049933047657],[-51.21373459378125,68.47891577334767],[-51.00517365017774,68.50921972842579],[-50.95377441922071,68.53928717227345],[-50.91384979763868,68.80927618594532],[-50.87435623684766,68.94456060977345],[-50.60660645047071,68.96008642764454],[-50.36876770535352,68.90792425723438],[-50.26649185696485,68.95322760196095],[-50.27879044094922,69.11117132754688],[-50.36649033108594,69.1938663348711],[-50.76742264309766,69.33636816592579],[-50.6943978933418,69.5328784808672],[-50.45657059231641,69.73762091250782],[-50.57262894192579,69.8662525043047],[-51.11710068264844,69.94110449405079],[-51.63651749173047,69.94015081973438],[-52.16676804104688,70.06875952334767],[-52.9091310171211,70.28938635440235],[-53.25990768948438,70.33472784610157],[-53.6663331655586,70.35698278994923],[-54.00848862210157,70.50991400332813],[-54.37353226223829,70.72469671817188],[-54.30318924466016,70.74024542422657],[-54.15798660794141,70.80991705508595],[-53.88545700589063,70.81042822451954],[-53.62813660183789,70.8186450824297],[-52.68983170071485,70.68165167422657],[-52.36747833767774,70.66685827823048],[-51.80567261258008,70.52941473575001],[-51.15283676663282,70.32332953067188],[-50.82445999661329,70.24730261416798],[-50.79946991482618,70.38535650821095],[-50.93915268460157,70.57715185733204],[-51.3263673452461,70.82296331973438],[-51.40384384671094,71.02361639590626],[-51.6753663686836,71.22444494815235],[-51.89342209378125,71.24730261416798],[-52.19804474392774,71.3553653583086],[-52.03564163723829,71.48001440616017],[-51.79139420071485,71.54270514102345],[-51.72012421170118,71.58955725283985],[-52.03681274929883,71.69804724307423],[-52.53196426907422,71.70492132754688],[-52.81337830105664,71.74341162295704],[-53.32285019436719,71.89084204287892],[-53.71871658841016,71.61697729678517],[-53.86456772366407,71.54661902041798],[-53.98821350613477,71.41414221377735],[-54.38157745877149,71.3047061786211],[-55.0124025014961,71.33458288760548],[-55.47655197659375,71.48911627383595],[-55.61430450955274,71.59785040469532],[-55.62637039700391,71.73035009951954],[-55.42961212674024,71.87128027530079],[-55.29756638089063,72.16119726748829],[-55.36608597317579,72.72777136416798],[-55.10402390042188,72.75197943301563],[-54.79313751736524,72.66567572207813],[-54.62606903591993,72.72125586123829],[-54.55815216580274,72.87157782168751],[-54.73041245022657,73.03760107608204],[-55.14999100247266,73.28298529239063],[-55.3534555105293,73.34626349063282],[-55.77934357205274,73.70446356387501],[-56.18216415921094,74.12061651797657],[-56.67945190945508,74.7005802020586],[-56.93939682522657,74.91901739688282],[-57.77429672757032,75.08952673526173],[-58.07462784329297,75.20451696963673],[-58.20533081570508,75.29522284121876],[-58.22853180447461,75.61058386416798],[-58.63566299954297,75.79326208682423],[-59.0682992605293,75.8425479754961],[-59.78349396267774,75.91648443789845],[-60.65108582058789,76.1077075824297],[-61.5074968008125,76.25751074405079],[-62.46763321438672,76.33999212832813],[-62.91620728054883,76.36447485537892],[-63.65076920071485,76.37993963809376],[-64.00380035916211,76.29492529483204],[-64.47335526028516,76.25186499209767],[-64.83591934719922,76.1670337543047],[-65.47452255764844,76.09859808535938],[-66.02683731594922,76.17316778750782],[-66.68391891995313,76.3066821918047],[-66.54037949124219,75.97068365664845],[-66.56342026272657,75.92873724551563],[-67.03665634671094,75.93623694033985],[-67.61905380764844,76.01897009463673],[-69.04484268704297,76.29375799746876],[-68.35297104397657,76.5486255511797],[-68.14439865628125,76.59984930606251],[-68.18594070950391,76.70160254092579],[-68.37633987942579,76.77777441592579],[-68.85623642483594,76.78535803408985],[-69.85101028958204,76.79198797793751],[-70.21667191067579,76.82532843203907],[-70.4999513296211,76.83332403750782],[-71.05698868313672,77.02849920840626],[-71.44827744046094,77.12186010928517],[-71.18388077298047,77.25953253360157],[-70.61842056790235,77.27779730410938],[-69.25207230130079,77.2117114886797],[-68.34064194241407,77.1963077411211],[-67.73630234280469,77.1888843402422],[-66.78378006497266,77.25932653994923],[-66.30934616604688,77.35474737735157],[-66.17778488675,77.39800604434376],[-66.15340897122266,77.55317267032032],[-66.43559738675,77.682246767],[-66.80472275296094,77.77682074160938],[-67.35228439846875,77.70645483584767],[-67.85181137600782,77.59308966250782],[-68.4412355093086,77.58333929629688],[-68.95322128811719,77.63422735782032],[-69.29207321682813,77.59898718448048],[-69.68751999417188,77.55508001895313],[-69.99364182034375,77.58039435000782],[-70.37952133694532,77.66610296817188],[-70.67803665676954,77.83014257998829],[-71.04520889798047,77.91627081485157],[-71.34299942532422,77.94179876895313],[-71.66946884671094,77.91511114688282],[-71.88843246975782,77.94943579287892],[-72.52538010159375,78.16613348575001],[-72.54527756253125,78.32353552432423],[-72.3832292226875,78.52572973819142],[-72.01876541653516,78.57922705264454],[-71.46276566067579,78.62432440371876],[-70.7802018789375,78.68733557315235],[-69.84684464016797,78.75975378604298],[-69.26627060452344,78.79619177432423],[-68.83852860012891,78.97410925479298],[-68.34851547757032,79.09048040957813],[-67.96912857571485,79.12678869815235],[-66.85430618801954,79.12891729922657],[-66.3587159780586,79.17436560244923],[-65.48489090481641,79.15823706241017],[-65.30409714260938,79.22092016787892],[-65.16448685208204,79.31037481875782],[-64.89053818264844,79.38237341494923],[-64.7995118764961,79.67840155215626],[-64.67545792141797,79.90390356631642],[-64.62318131008985,79.94921454043751],[-65.02371689358594,80.05176886172657],[-65.89964005032422,80.06920965762501],[-66.41940781155469,79.98192938418751],[-66.85121628323438,80.03850897403126],[-67.41029068508985,80.21074255557423],[-67.14280411282422,80.56214483828907],[-66.5216798452461,80.71127661319142],[-65.24133774319532,80.87276800723438],[-64.6083268789375,80.97394903750782],[-63.72541138211133,81.08617743106251],[-62.77484985867383,81.15874823184376],[-62.25126740017774,81.11947210879688],[-61.70533081570508,81.15087469668751],[-61.11180588284375,81.18244513125782],[-60.95673080960157,81.26372870059376],[-60.95171448269727,81.36545141787892],[-61.11219116726758,81.70417364688282],[-61.12241455593946,81.79757269473438],[-60.88732239285352,81.86060675235157],[-60.03867050686719,81.8833194598711],[-59.35191818753125,81.79096563907032],[-58.38867279568555,81.60661657901173],[-57.80526825466993,81.5050464496172],[-57.44419571438672,81.42388495059376],[-57.07404037991407,81.54767950625782],[-57.8196420339668,81.7838321551836],[-58.13328262844922,82.01317938418751],[-58.05779739895704,82.03437384219532],[-57.06813522854688,82.08920630069142],[-56.54333588162305,82.14315374942188],[-55.70922562161329,82.24036749453907],[-54.57519623318555,82.32805975528126],[-54.24669739285352,82.29677923770313],[-53.76793381253125,82.24457892032032],[-53.66354843655469,81.46255835147267],[-53.25270172634961,81.53522833438282],[-53.01039215603711,81.68004187198048],[-52.81596085110547,82.13006170840626],[-52.36427399197461,82.12047155948048],[-51.4623422292793,81.9749942645586],[-50.62612625637891,81.78882177920704],[-49.93803116360547,81.67624243350392],[-49.84602448025586,81.8112979754961],[-50.13585373440625,81.94643744082813],[-50.50304504910352,82.18799933047657],[-50.90543076077344,82.36811407657032],[-50.77243515530469,82.49711950869923],[-50.4385499624336,82.48709448428517],[-49.64758774319532,82.47806128116017],[-49.13649460354688,82.38263281436329],[-47.89701935330274,82.21480902285938],[-47.3191651968086,82.08913763614063],[-46.37026306668164,81.94403418155079],[-45.52521606961133,81.82053717227345],[-44.68298431912305,81.72886999698048],[-44.322804418,81.82313116641407],[-43.9553613332832,82.49050482364063],[-44.10204788723828,82.57641180606251],[-44.68352600613477,82.72695501895313],[-45.21286102810743,82.96670874209767],[-44.89413925686719,83.07786902041798],[-43.81246658841016,83.08030279727345],[-42.47936340847852,83.22789343448048],[-41.88109680691602,83.26275976748829],[-41.19401260891797,83.18616827578907],[-40.19461533108594,82.96682318301563],[-39.48935791531445,82.89145239444142],[-38.58716675320508,82.82771643252735],[-38.4520768789375,83.17000921817188],[-38.58720490017774,83.38235052676563],[-37.39664932766797,83.47525366397267],[-36.4871225027168,83.51127966494923],[-35.32196518460156,83.46865423770313],[-34.4269418386543,83.40296515078907],[-33.57840439358594,83.48393591494923],[-32.51317307034375,83.57699926944142],[-31.59369179287793,83.57906683535938],[-30.75718590298535,83.47897680850392],[-29.93602081814648,83.50346716494923],[-29.34403511563183,83.47088965030079],[-29.06531807461621,83.42636450381642],[-28.81772133389355,83.4720645770586],[-27.94194122830273,83.40635260196095],[-27.17375465908887,83.38556250186329],[-26.42075439968945,83.34231146426563],[-25.32359406033398,82.99988134951954],[-24.7079190877998,82.89126928897267],[-24.10258575955273,82.92551001162892],[-23.59960457363965,82.84991034121876],[-22.43236061612012,82.74334295840626],[-22.23186966458203,82.5596118793047],[-22.3688363699043,82.50545080752735],[-22.58999535122754,82.41913183780079],[-23.34740730801465,82.35327490420704],[-24.38366600552441,82.29774054141407],[-24.90225693264844,82.2434497699297],[-25.4572038320625,82.22100409121876],[-26.11837860623242,82.25143774600392],[-27.39237495938183,82.28057440371876],[-28.39144226590039,82.31035955996876],[-29.01637169400097,82.23453100772267],[-29.74276062527539,82.22236212344532],[-30.61267563382031,82.20986517520313],[-31.1346826223457,82.19813116641407],[-31.80309578457715,82.12261541934376],[-32.0028466848457,82.0694766864336],[-32.59805389920117,81.97361334414845],[-32.74866577664258,81.76472052188282],[-32.41453262844922,81.65156134219532],[-31.2665071157539,81.77827032657032],[-30.65127464810254,81.81073340030079],[-28.89070030728222,81.79370459170704],[-27.89046379605176,81.84788855166798],[-26.84167763272168,81.8501392230547],[-26.39326950589062,81.86151465030079],[-25.97467133084179,81.83114966006642],[-25.17848297634961,81.6360050067461],[-24.87663933316113,81.59542425723438],[-24.38728233853222,81.67901953311329],[-23.63881584683301,81.77379950137501],[-22.94759079495312,81.90018042178517],[-22.06356522122266,81.96482428164845],[-21.79792877713086,81.75696905703907],[-22.05288025418164,81.53975256533985],[-23.09529968777539,81.25213965030079],[-23.53285881558301,81.09987982364063],[-24.10957047024609,80.76941259951954],[-24.05536743679883,80.63131292910938],[-23.91174217739941,80.56283911319142],[-23.55328270474316,80.60284765811329],[-23.33884903469922,80.62295874209767],[-22.61189171353222,80.87178381533985],[-21.81726547757031,81.11350592227345],[-21.18165871182324,81.28657873721485],[-20.41409393826367,81.43065985293751],[-20.06540199795605,81.52346380801563],[-19.31735893765332,81.59698828311329],[-18.58937737027051,81.54714544864063],[-17.96345039883496,81.51765783877735],[-17.28974052945019,81.65280493350392],[-16.9734277395332,81.79840429873829],[-16.46540543118359,81.90362127871876],[-15.49878689328076,81.90568884463673],[-14.74625679531934,81.85518225283985],[-14.25250717678906,81.83540686221485],[-13.71397396603467,81.77421911807423],[-13.20332142392041,81.6717944964922],[-12.70512577572705,81.62130316348438],[-12.563114133271,81.50860174746876],[-12.64446827450635,81.38583716006642],[-13.53097340145947,81.27225073428517],[-14.20194813290478,81.21013220401173],[-14.76216217556836,80.98785742373829],[-15.01256367245557,80.85772284121876],[-15.73444458523633,80.69778021426563],[-16.44090363064648,80.45099981875782],[-16.91961380520703,80.41103705020313],[-17.33271500149609,80.42967566104298],[-18.04922386685254,80.40871771426563],[-19.04502388516309,80.42615851016407],[-19.71579834500195,80.33725317569142],[-20.04474922695996,80.23965796084767],[-20.26742645779492,79.99886664004688],[-20.19295021572949,79.85377081485157],[-19.31592270413281,79.99120672793751],[-18.60460754910351,80.01177557559376],[-17.7692041067207,79.96663244815235],[-17.76769730130078,79.77737768741017],[-18.10225388089062,79.66893347354298],[-19.17675301113965,79.61304052920704],[-19.38537117520215,79.54992254825001],[-19.48134514370801,79.46026190371876],[-19.55148598233105,79.1926456317461],[-19.76318832913281,78.87305792422657],[-20.06821342984082,78.80182226748829],[-20.54498192349316,78.83621557803517],[-20.8788289693916,78.81792028994923],[-21.25574776211621,78.4126392230547],[-21.69997498074414,77.92346533389454],[-21.7676400808418,77.76732214541798],[-21.56354042569043,77.62942083926563],[-21.3820085195625,77.58661230655079],[-21.11117645779492,77.80318792910938],[-20.77668282070996,77.96861609073048],[-20.39134117642285,77.98672827334767],[-19.33582016507031,77.86724432559376],[-19.1773080495918,77.82422216983204],[-19.05922409573437,77.69463690371876],[-19.08565613308789,77.59961279483204],[-19.64085480252148,77.63309057803517],[-19.94372459927441,77.6411319598711],[-20.17426201382519,77.59753759951954],[-20.23514267483594,77.51124151797657],[-20.10494514981152,77.38247259707813],[-19.31472870388867,77.29812201114063],[-19.06440445462109,77.23859747500782],[-18.25337502041699,77.30013617129688],[-18.0163964895332,77.2063403949297],[-17.92005440274121,77.06113775821095],[-17.94200417080762,76.86507757754688],[-18.05700394192578,76.80533178897267],[-18.88285919705273,76.88879736514454],[-19.62663361111523,76.91295202823048],[-19.97790237942578,76.9463306293047],[-20.56061836758496,76.91118200869923],[-21.18268295803906,76.69747503848438],[-21.55298515835644,76.75621374698048],[-21.77329155484082,76.82378729434376],[-22.2501668600166,76.80584295840626],[-22.37768265286328,76.63589819522267],[-21.75097366848828,76.36662634463673],[-21.21704002896191,76.26655920596485],[-20.63282677212598,76.20877417178517],[-19.88352104702832,76.17657812686329],[-19.5702409414375,76.10999640078907],[-19.32224175015332,75.8927417621172],[-19.19980713406445,75.69277533145313],[-19.19354721585156,75.44353827090626],[-19.38884636441113,75.26109655948048],[-19.56160065213086,75.22774084658985],[-20.14297195950391,75.30926855655079],[-20.51184174099805,75.35820349307423],[-20.67922302761914,75.30823858828907],[-20.66885468045117,75.06076391787892],[-20.61583229580762,74.95428808780079],[-20.42399689236523,74.8816104754961],[-20.14599892178418,74.84161718936329],[-19.82055374661328,74.74500616641407],[-19.4092416433418,74.68106421084767],[-19.07090851345898,74.60894354434376],[-18.89868256131055,74.43975409121876],[-19.05101677456738,74.33468969912892],[-19.42509171048047,74.26963385196095],[-19.7162370351875,74.2127872333086],[-20.502247777375,74.22739752383595],[-21.03151413479687,74.26662787051563],[-21.762257543,74.30548437686329],[-22.02879997769238,74.10398443789845],[-21.78091141262891,74.01619299502735],[-21.15253922024609,73.99332007022267],[-20.6793660787666,73.92206152530079],[-20.35364243069531,73.8105884418047],[-20.31381317654492,73.66680487246876],[-20.32958885708691,73.41964300723438],[-20.38808151760937,73.42206152530079],[-20.87955376187207,73.44250067325001],[-21.44049545803906,73.39368017764454],[-21.70852371731641,73.27388342471485],[-22.26917168179394,73.26490362735157],[-22.82030769863965,73.32747229190235],[-23.49375053921582,73.5092960223711],[-23.90861221829297,73.72402533145313],[-24.07642075100781,73.75567205996876],[-24.56888481655957,73.62692602725392],[-25.00991913357617,73.47462042422657],[-25.49800392666699,73.43389471621876],[-25.76292892971875,73.35379370303517],[-26.41563698330762,73.36849554629688],[-26.82663437405469,73.40751989932423],[-27.26280876675488,73.34302862735157],[-27.44055840054394,73.2870288714922],[-27.51887032070996,73.15983923526173],[-27.51636597195508,73.09634741397267],[-27.35715958157422,72.85914190860157],[-27.03771683255078,72.74911078067188],[-26.46005722561719,72.72649725528126],[-25.7782315877998,72.60948523135548],[-25.07295509854199,72.63444861026173],[-24.47776314297558,72.39153631778126],[-24.13652893582226,72.29006537051563],[-23.91960808316113,72.18848761172657],[-23.38125511685254,72.04067572207813],[-22.81779762783887,71.86973150821095],[-22.64850517788769,71.74521216006642],[-22.43088432827832,71.34115942569142],[-22.02971169033887,71.43508490176563],[-21.90442940274121,71.49748571963673],[-21.72596260586621,71.40459021182423],[-21.59175583401562,71.21096380801563],[-21.56005569973828,71.05624731631642],[-21.47082039395215,70.53233679385548],[-21.54712769070508,70.44007452578907],[-21.71384522000195,70.38606604190235],[-21.95733543911816,70.43162115664845],[-22.20320984402539,70.48489721866017],[-22.61570068875195,70.48410376162892],[-23.08420273342969,70.46792181582813],[-23.75373741665722,70.58956488223438],[-24.04017349758984,70.77374609561329],[-24.22702118435742,71.05899389834767],[-24.38637444058301,71.18250616641407],[-24.9130029348457,71.43744238467579],[-25.29125496426465,71.56889685244923],[-25.62763687649609,71.63056524844532],[-26.12018295803906,71.66856726260548],[-26.35451218167187,71.60583075137501],[-26.78747841397168,71.55832251162892],[-25.84955116787793,71.43570288272267],[-25.69489761868359,71.27300604434376]]],[[[14.69638825000007,55.14867575000007],[14.72972075000004,55.24659525000008],[14.84506750000004,55.256319],[15.04242850000007,55.177847],[15.11874825000007,55.102707],[15.07402675000003,55.030899],[14.95868,55.02117525000011],[14.772708,55.07353575000008],[14.69638825000007,55.14867575000007]]],[[[8.70249850000006,56.70304875000008],[8.57360950000002,56.72471625000006],[8.54437375,56.774023],[8.61479125000003,56.850969],[8.71868025000005,56.896734],[8.85604075000008,56.911318],[8.88527650000009,56.86201125000007],[8.80638750000009,56.74881375000008],[8.70249850000006,56.70304875000008]]],[[[11.5395125000001,56.71166025000005],[11.61187350000007,56.71943875000008],[11.64819325000008,56.7224945000001],[11.64847175000011,56.7208275000001],[11.62791625000011,56.70770300000011],[11.58652675000008,56.68312100000013],[11.550207,56.68006525000011],[11.5189570000001,56.69853575000006],[11.5395125000001,56.71166025000005]]],[[[11.815902,55.03756750000012],[11.74736050000004,55.08437375000013],[11.78097150000005,55.1320112500001],[11.781041,55.167774],[11.74756900000011,55.191662],[11.6097912500001,55.20263324999996],[11.36770775000004,55.20068774999993],[11.20729125000001,55.31547949999994],[11.12854175000003,55.5470085],[11.03527775000005,55.68020425],[10.92749925000008,55.71506674999998],[10.95798525000008,55.72409425],[11.12673575000004,55.70728675000005],[11.28493025000002,55.74096675000006],[11.43256875000002,55.82513425],[11.44812425000002,55.89832875000002],[11.33159675000003,55.9605502500001],[11.39597150000002,55.9849262500001],[11.64124849999998,55.97145675000003],[11.740554,55.92708225000001],[11.693888,55.85180275000005],[11.70152625,55.776037],[11.76346875,55.699785],[11.82437125000003,55.72867375000001],[11.88423375000007,55.86270325000007],[11.94985975000006,55.882843],[12.02124925,55.789093],[12.02666625,55.7199955000001],[11.96611075,55.6755505000001],[11.96617975000002,55.6533280000001],[12.02687325000007,55.6533280000001],[12.06638675000009,55.6677722500001],[12.0847202500001,55.69666075000009],[12.08034550000007,55.76436975000009],[12.05326249999998,55.87089925000008],[11.99465174999995,55.934788],[11.90451324999998,55.956036],[11.9672215,56.00721575000007],[12.18277650000003,56.08832725],[12.37263775000005,56.107147],[12.53680525000007,56.063675],[12.605972,56.02950875000006],[12.580138,56.00464825000005],[12.55430425000003,55.97402375000006],[12.52847075000005,55.9376352500001],[12.53673475000007,55.86562150000009],[12.57909625000006,55.75798250000003],[12.49791575000006,55.647774],[12.29319325000006,55.534996],[12.25854050000005,55.43055149999998],[12.39395750000004,55.33444050000003],[12.34999925000005,55.255135],[12.12666575000009,55.192635],[12.05652675000008,55.15034325000002],[12.13958225000002,55.12825975000007],[12.17874875,55.087635],[12.17402625000006,55.028469],[12.14673450000007,54.99131575000004],[12.09687350000004,54.97617525000007],[11.986596,54.9915925000001],[11.815902,55.03756750000012]]],[[[10.62638750000004,55.83999850000005],[10.61805450000007,55.78888550000009],[10.59229050000006,55.76395450000008],[10.5490955,55.76520550000002],[10.52652625,55.81971924999998],[10.52458275000005,55.92749574999995],[10.55034675000006,55.95242674999996],[10.60381825000003,55.89451225],[10.62638750000004,55.83999850000005]]],[[[8.547491,56.68410975000002],[8.58229125000001,56.66020225000001],[8.56409575000005,56.60839875000003],[8.47631750000005,56.61367825000006],[8.3189565,56.6760407500001],[8.24624849999998,56.73860925000007],[8.25819349999995,56.80138374999997],[8.35243,56.90499474999994],[8.528958,57.04944224999998],[8.81041625000006,57.12902650000004],[9.19680475000001,57.1437475000001],[9.52992925000002,57.25923375000011],[9.80978975000009,57.47548525000005],[10.12377825000013,57.621775],[10.47189475000013,57.698103],[10.59258950000013,57.70025425000004],[10.48586250000012,57.62822875000002],[10.45992950000009,57.501661],[10.51479050000002,57.32055100000011],[10.49081974999997,57.17041325000012],[10.38801724999995,57.05124775000009],[10.25412849999997,57.016246],[10.08915350000002,57.065408],[9.81597175000007,57.06637975000004],[9.43458325000012,57.01916125],[9.211804,57.00985725000001],[9.147634,57.03846775000008],[9.00436974999997,57.0258982500001],[8.78201125000004,56.97214875000006],[8.60707325000007,56.87848725000005],[8.47955575000006,56.74491375000007],[8.459695,56.68012125000006],[8.547491,56.68410975000002]]],[[[11.068333,57.31791275000006],[11.153333,57.3131902500001],[11.14624949999997,57.28895375000009],[11.04708250000003,57.24520325000002],[10.961735,57.23325949999997],[10.8902070000001,57.25312249999996],[10.89729050000008,57.277359],[10.98298550000001,57.305969],[11.068333,57.31791275000006]]],[[[10.19555450000007,56.48971749999995],[10.21799925000008,56.49599350000001],[10.27844375000004,56.5507705000001],[10.42823525000002,56.56716025000013],[10.66737375000001,56.5451627500001],[10.8304155,56.511873],[10.9173605,56.467291],[10.950972,56.41965125000002],[10.93125,56.36895375000006],[10.87729150000003,56.29867550000007],[10.78909650000001,56.20881650000005],[10.711527,56.17881775000005],[10.644583,56.20867925000006],[10.59479125000003,56.19242875000006],[10.5621517500001,56.13006625000006],[10.49763750000011,56.12298225000004],[10.40124850000007,56.17117675],[10.39187375000005,56.21270524999998],[10.46951325000005,56.24756774999999],[10.48138850000007,56.2714575],[10.4274995000001,56.28437450000001],[10.35444375000012,56.25465250000003],[10.26222125000012,56.18229150000006],[10.23201300000011,56.114304],[10.263819,56.05069],[10.25708275000004,55.97117450000007],[10.21180425000001,55.87575750000008],[10.10826249999998,55.83263225000009],[9.94645749999994,55.84179875000011],[9.911319,55.83839600000012],[10.002847,55.82242400000011],[10.03465249999995,55.787077],[10.00673549999998,55.732355],[9.88208249999998,55.705202],[9.66069349999997,55.705618],[9.61729074999998,55.68054975000005],[9.75187425000003,55.62999725000005],[9.76145775000005,55.558956],[9.64604125000004,55.467426],[9.61340225000002,55.36548025000003],[9.66354075,55.25311875000004],[9.631249,55.178675],[9.516527,55.142149],[9.52624925,55.09027475000009],[9.66041575,55.02305225000011],[9.72992950000004,54.94902425000011],[9.73479050000007,54.8681907500001],[9.70805425000009,54.8346480000001],[9.64972075000009,54.84839600000012],[9.61861,54.87353475000012],[9.6147220000001,54.91006425000009],[9.5452777500001,54.898399],[9.41027725000008,54.838539],[9.17861025000003,54.83117875000009],[8.85027674999996,54.87631825000007],[8.68360974999996,54.95270750000005],[8.67860925000002,55.06034650000002],[8.63103975000007,55.1006925],[8.5409012500001,55.0737455],[8.48611,55.07617550000002],[8.466666,55.10798250000006],[8.469305,55.14228825000009],[8.494027,55.17909275000011],[8.55201325000006,55.18221700000011],[8.64326375000003,55.151661],[8.67263875000003,55.20916175000006],[8.64013825000006,55.35471925000003],[8.54479075000009,55.45895575000003],[8.38659625000011,55.52187125000006],[8.29486,55.53777275000009],[8.269582,55.50666025000011],[8.21451250000003,55.50554850000009],[8.1296515,55.53443750000002],[8.11180450000003,55.597424],[8.1609715000001,55.694508],[8.17097175000011,55.803675],[8.14180525000005,55.924925],[8.14201350000005,55.941662],[8.17159650000011,55.853886],[8.2390962500001,55.83187325000006],[8.34451275000004,55.87562375000005],[8.3616655,55.943817],[8.29055449999996,56.036453],[8.225624,56.08978625000007],[8.166874,56.10381675000004],[8.13020725,56.087568],[8.11562375000001,56.04104000000011],[8.12256825000003,56.17666400000013],[8.15104075000005,56.49444000000011],[8.179235,56.66735650000011],[8.207151,56.69541350000013],[8.22826225000004,56.68333050000011],[8.24256875,56.63110750000006],[8.36937475,56.574301],[8.60868025000005,56.512911],[8.73736075000008,56.50277149999998],[8.75541625000008,56.54388250000007],[8.74361050000005,56.5783272500001],[8.70194349999997,56.60610575000008],[8.74895724999996,56.66617575000005],[8.88465175000002,56.75853725],[8.983266,56.80540075],[9.0448,56.80676625000001],[9.09479974999995,56.78155875000004],[9.13326525,56.72977825000009],[9.12902625000001,56.669651],[9.08208274999996,56.601177],[9.11249974999997,56.58270425],[9.22027725000005,56.61423275000004],[9.28604075000007,56.60388550000008],[9.30979025000002,56.55166250000011],[9.335346,56.535412],[9.362708,56.555134],[9.35840250000005,56.59874550000002],[9.32242950000001,56.66624650000004],[9.26986,56.69451150000003],[9.200694,56.6835405],[9.16913324999999,56.737549],[9.17517775000007,56.856537],[9.21101100000011,56.93750775000004],[9.2766330000001,56.98046125000005],[9.4756515000001,57.01938650000007],[9.8080665000001,57.0542835000001],[10.05867825000007,57.0491250000001],[10.22748675000003,57.003911],[10.31023750000001,56.92299175000007],[10.30693050000004,56.80636725000004],[10.19555475000007,56.72361025],[9.97611025000012,56.67472074999998],[9.98444350000013,56.66152549999998],[10.22055450000009,56.68402450000002],[10.34485975000008,56.68117675000003],[10.3573592500001,56.65298225000002],[10.32742850000008,56.6174275],[10.25506750000002,56.57451249999994],[10.21110950000002,56.53194249999993],[10.19555450000007,56.48971749999995]]],[[[10.24833250000005,54.94617849999996],[10.37666550000002,54.89131549999998],[10.43881825000001,54.858328],[10.43479075000003,54.847216],[10.386666,54.857285],[10.294444,54.888535],[10.2322912500001,54.92152249999998],[10.20020775000008,54.95624749999996],[10.24833250000005,54.94617849999996]]],[[[11.339139,54.66229050000003],[11.106307,54.74799549999996],[11.0004042500001,54.82181574999996],[11.02143075000008,54.88375125000002],[11.065069,54.92520550000005],[11.131319,54.94617850000004],[11.25180475,54.92492875000006],[11.42652625,54.8614562500001],[11.54965125000001,54.84826125000009],[11.62117975000001,54.88534375000003],[11.70506875000004,54.8693715],[11.80131825000009,54.80034450000004],[11.80250599701759,54.79902917958047],[11.772569,54.842911],[11.790972,54.92561925000005],[11.955694,54.90353575000002],[12.070902,54.87916175],[12.136596,54.85249725000003],[12.11951250000007,54.80423375000004],[12.0196515000001,54.73437125000004],[11.96840150000009,54.66499525000005],[11.96576250000004,54.59610575000006],[11.900485,54.655411],[11.8527065230786,54.72544496309121],[11.85444325000003,54.70395300000011],[11.75597124999999,54.66735475000011],[11.55569374999996,54.63541025000008],[11.339139,54.66229050000003]]],[[[10.695485,54.75971774999998],[10.67673525,54.792564],[10.68020775,54.869926],[10.74874925,54.97173275000006],[10.88235975,55.09798425000002],[10.90110950000002,55.065138],[10.80499850000007,54.873194],[10.736457,54.77138724999999],[10.695485,54.75971774999998]]],[[[9.78145775,54.97138625000007],[9.82326324999998,54.95193875000008],[9.83284625,54.95943825000006],[9.81020675000006,54.99388475],[9.75680375000009,55.0206905],[9.67263725000008,55.03985550000009],[9.67104050000009,55.05582775000012],[9.75201350000012,55.06860725000011],[9.83736075000009,55.05846975000007],[9.92708225,55.02541525],[9.99673474999999,54.9753435],[10.04631825000006,54.90825450000007],[9.99979025000008,54.88255875000007],[9.85715075000005,54.89825625],[9.779512,54.92485625],[9.766874,54.96235875000004],[9.78145775,54.97138625000007]]],[[[10.66590150000003,55.00291250000009],[10.66166575000004,54.97964875000009],[10.63055525000006,54.96006425000006],[10.59854150000008,54.95020325000004],[10.56562450000011,54.95006575000005],[10.53652700000011,54.96409425000006],[10.511249,54.99228875000007],[10.53194325000004,55.01562125000007],[10.59860975000004,55.03409175000004],[10.64326250000003,55.02985550000005],[10.66590150000003,55.00291250000009]]],[[[12.373332,55.01749450000013],[12.49611,54.9819415000001],[12.464027,54.94319175000008],[12.277083,54.90124525000006],[12.16666649999998,54.886244],[12.13277750000008,54.898188],[12.1648605000001,54.93693775000003],[12.26291550000006,55.0024932500001],[12.373332,55.01749450000013]]],[[[12.660485,55.61694124999995],[12.65381824999996,55.58076074999998],[12.60423475,55.56117625000006],[12.56256825000001,55.5659675000001],[12.52881875,55.5951345000001],[12.5354855,55.631315],[12.58256850000004,55.674509],[12.624235,55.66971774999998],[12.660485,55.61694124999995]]],[[[10.711526,55.09909475000002],[10.569026,55.05228825000005],[10.41152624999998,55.04277425000004],[10.23902674999997,55.07055275],[10.03347124999995,55.18812175],[9.79485974999993,55.39548125000009],[9.83409574999996,55.52860650000009],[10.15117925000004,55.58749750000003],[10.35347125000008,55.59583074999998],[10.44097175000009,55.55360624999994],[10.46756925000008,55.512564],[10.43326375000007,55.472704],[10.431736,55.44909275000005],[10.462986,55.44173025000008],[10.51048575000002,55.45013225000008],[10.57423525000004,55.47429875000006],[10.60937375000006,55.51957750000005],[10.61590125000006,55.58596850000006],[10.650693,55.584927],[10.713749,55.516453],[10.767638,55.435133],[10.81236,55.340967],[10.82173475000005,55.25103750000004],[10.79576225000002,55.16534450000002],[10.711526,55.09909475000002]]],[[[8.37097150000001,55.43818824999995],[8.38479074999998,55.44992424999994],[8.43381824999995,55.43423074999997],[8.45965149999995,55.403328],[8.4622905,55.357216],[8.44847125000003,55.34548],[8.41819375000004,55.36812],[8.39236050000004,55.39902275],[8.37097150000001,55.43818824999995]]],[[[-54.12526032009961,69.48115881533985],[-54.4859017995918,69.56363257022267],[-54.5744027761543,69.60885199160938],[-54.68687531033399,69.70702704043751],[-54.72269150296094,70.08692511172657],[-54.59369751492383,70.24023779483204],[-54.42833801785352,70.24819525332813],[-54.13745972195508,70.18746527285938],[-53.61670013943555,70.15783270450001],[-53.03749176541211,70.03655584903126],[-52.70118805447461,69.91539343448048],[-52.43355652371289,69.87038763614063],[-52.08398529568555,69.77248724551563],[-51.81285187283399,69.62156256289845],[-51.87741180935743,69.5306812152422],[-51.92794128933789,69.51549109073048],[-52.17260452786329,69.49234350772267],[-52.52107712307813,69.47657354922657],[-52.86744019070508,69.3928409442461],[-53.32171341458204,69.32408484073048],[-53.55149933377149,69.27841528506642],[-53.80711456814649,69.33826788516407],[-54.12526032009961,69.48115881533985]]],[[[-22.83276077786328,72.26895483584767],[-23.26489159146191,72.37024267764454],[-23.58541199246289,72.44038733096485],[-23.65701767483594,72.47170599551563],[-23.79843422451855,72.66046484561329],[-23.13101288357617,72.67750128360157],[-22.72944351712109,72.61519201846485],[-22.25053688565137,72.49795111270313],[-21.88207146206738,72.36496313662892],[-21.80948349514844,72.14539679141407],[-21.90614792385937,72.05123480410938],[-22.14569565335156,72.02732428164845],[-22.83276077786328,72.26895483584767]]]]}},{"type":"Feature","properties":{"NAME":"Poland","ABBREVN":"Poland","SUBJECTO":"Poland","BORDERPRECISION":3,"PARTOF":"Poland"},"geometry":{"type":"MultiPolygon","coordinates":[[[[22.24723492656511,49.19488585203009],[22.19643119296191,49.21503790469531],[22.0058145852959,49.26047094912891],[21.95915893038867,49.35749395938281],[21.64289000949024,49.44101294131641],[21.58500960787891,49.49957998843555],[21.33275321444629,49.46551855655078],[21.10421088656543,49.48392065616016],[21.07112029513477,49.42218359561328],[20.90317061862109,49.34132345767383],[20.69608787020801,49.45559271426563],[20.4788427682793,49.43480261416797],[20.40308478793262,49.45992621035938],[20.15237906893848,49.36827810855274],[20.10538199862598,49.28886374087696],[20.03808501681445,49.22814138980274],[19.95710090121387,49.28203543277149],[19.78216079196094,49.24430044741992],[19.78090384921191,49.33592947574024],[19.79279235324024,49.3736644610918],[19.7629061075127,49.45453604312305],[19.61371711215137,49.4432559833086],[19.58110526522754,49.51924475283985],[19.49343970736621,49.62712057681446],[19.37622741183399,49.61634405703906],[19.34841826876758,49.56617315860156],[19.26156524142383,49.57318457217578],[19.17931273898242,49.46532019229297],[18.986033472625,49.44375189395313],[18.97212508639453,49.54621084781055],[18.84419539889453,49.56454046817188],[18.79631522616504,49.71344717593555],[18.62468055209277,49.75661429019336],[18.53995612582324,49.84997900576953],[18.54872039279102,49.96172674746875],[18.26788250473882,50.00804259791558],[18.8229274,50.4013239],[18.5508012,50.9889355],[17.831347,51.137463],[17.5623107,51.5216417],[17.1878528,51.5765095],[16.5800857,51.7647059],[16.1075449,51.9957945],[15.8437013,52.4028116],[15.9584999,52.8119968],[16.72390628348847,53.1270920933454],[17.2850989,53.3944873],[17.4915217,53.6497255],[17.1836471,54.0097233],[17.4334143,54.071477],[17.6472186,54.025873],[17.6085519,54.2188798],[17.9805847,54.4782171],[18.0569744,54.8333992],[18.359949882027745,54.81976764351357],[18.447863668198494,54.6945279278931],[18.46984211474118,54.63573805671121],[18.563250512547604,54.54340964538426],[18.55865478515625,54.45567003421753],[18.36639404296875,54.30290313230282],[18.2260179,54.1997049],[18.827219,54.1281473],[18.8930511,53.9343635],[18.8930511,53.9343635],[18.7667405,53.6251273],[19.1162109375,53.59576500892081],[19.2913049,53.4949907],[19.813156,53.582519],[20.137939453125,53.26521293124656],[20.3302001,53.2359926],[20.4730224609375,53.24549522839598],[22.21435546875,53.59250480903938],[22.78015136718751,53.89139128575287],[22.5054931640625,54.19779692488548],[22.61535644531251,54.31331891447606],[22.69903663119434,54.41490133853321],[22.98705771884082,54.42470892520313],[23.00508407076953,54.41825827212696],[23.3106184335625,54.30889471621875],[23.43854049166797,54.08991583438281],[23.48289397677539,54.00617941470508],[23.48980620822071,53.99312552066211],[23.53050139865039,53.91629370303516],[23.57206252535938,53.90031012149219],[23.6414404245293,53.91572531314258],[23.77248290499805,53.90031012149219],[23.88040259799121,53.91572531314258],[24.0030668,54.0348971],[24.2317196,54.0662389],[24.4301602,54.217274],[24.5173642,54.2341332],[24.5551297,54.2461712],[24.637184,54.3053071],[24.7854994,54.5039412],[24.725933,54.5812652],[24.9153828,54.7657159],[24.9519252,54.8123593],[24.8617172,54.8562316],[25.026512,55.0247751],[25.4508589,55.0363847],[25.7251736,55.0909438],[25.924301,55.2967109],[26.1993023,55.4718487],[26.2913128,55.5593211],[26.3359448,55.581644],[26.3517376,55.6493114],[26.362030636933024,55.66338448774661],[26.4119554,55.7747601],[26.5473277,55.8442043],[26.6986654,55.9225661],[26.8121336,55.9120806],[26.9324682,55.9024584],[27.03701,55.8844585],[27.1889782,55.8597777],[27.2931967,55.8574783],[27.4126427,55.8008446],[27.485731,55.7894992],[27.58046821078418,55.78117712588672],[27.9227827,55.8098673],[28.3059309,55.5404823],[28.2997509,55.2139441],[28.1754683,54.9967213],[27.4462507,54.5746489],[27.4857327,54.3489532],[27.2831719,54.1415239],[26.9352148,53.8008537],[26.9051741,53.3773895],[26.8135067,53.0639134],[27.166079815338716,52.57314658619097],[27.6113878,52.5780198],[27.53979593985829,52.256419382031964],[27.59237471932501,51.99819160392558],[27.52020789018895,51.94963658987147],[27.56267511253243,51.81232062393623],[27.502007652041748,51.7297296354113],[27.531400848325895,51.64430254514842],[27.51070775896021,51.62182536035422],[27.43240416339015,51.20193149813869],[27.2103868,50.6085181],[26.3060759,50.1994296],[26.239643,49.6381767],[26.2047957,49.0171574],[26.3695906,48.5417279],[26.1426541,48.567975],[26.0504079,48.6480232],[25.9229707,48.5882756],[25.8124423,48.6588106],[25.6874514,48.664579],[25.5886388,48.6184845],[25.532248,48.3938635],[25.2325272,48.2993684],[25.0618851,48.1530601],[24.9576115,47.8009191],[24.0437962234269,47.95392466347582],[24.5712658,47.9986525],[24.3585526,48.3504226],[23.77568964757662,48.50963833644742],[23.63743961250385,48.47507582767923],[23.63743961250385,48.61332586275199],[23.32637703359012,48.78613840659295],[23.1526132,48.8322062],[22.9470061,48.8837392],[22.75609563891496,49.01079471358621],[22.53068931859967,49.01079471358621],[22.24723492656511,49.19488585203009]]]]}},{"type":"Feature","properties":{"NAME":"East Prussia","ABBREVN":"E. Prussia","SUBJECTO":"East Prussia","BORDERPRECISION":3,"PARTOF":"East Prussia"},"geometry":{"type":"MultiPolygon","coordinates":[[[[22.33100036105274,55.04886969180469],[22.44662574252246,55.04886969180469],[22.5468359323418,55.05657919497852],[22.58537963351367,54.99491079898242],[22.63162902316211,54.94866140933399],[22.71642402133106,54.9332462176836],[22.79350760897754,54.90241201968555],[22.80121711215137,54.84074362368946],[22.82434180697559,54.78678473086719],[22.72413161715625,54.73282583804492],[22.69329741915821,54.663447938875],[22.66246322116016,54.57094534488086],[22.67017272433399,54.49386175723438],[22.68558982333301,54.43219336123828],[22.69903663119434,54.41490133853321],[22.5054931640625,54.19779692488548],[22.78015136718751,53.89139128575287],[22.21435546875,53.59250480903938],[21.51093330443054,53.45266903851861],[20.4730224609375,53.24549522839598],[20.3302001,53.2359926],[20.137939453125,53.26521293124656],[19.813156,53.582519],[19.2913049,53.4949907],[19.1162109375,53.59576500892081],[18.7667405,53.6251273],[18.8930511,53.9343635],[19.23206237277149,54.22207220645313],[19.97753814181445,54.42394217105274],[20.18864539584277,54.52197607608203],[20.32671264132617,54.56400641055469],[20.19423201998828,54.57504614444141],[20.0057039590752,54.54745825381641],[19.93811896762012,54.6081729754961],[19.88181022128223,54.52537878604297],[19.83324721774219,54.53089865298633],[19.86316970309375,54.75173147769336],[19.9425707193291,54.84985693545703],[20.12709716281055,54.84564169497852],[20.79715064486621,54.81797751040821],[20.98520377596973,54.81164129825],[21.13734343966602,54.84545858950977],[21.19194320162891,54.95957907290821],[21.11334517916797,55.08924444766406],[21.22385314425586,55.11144980044727],[21.19312194308399,55.16635092349414],[21.16232207736133,55.22138174624805],[21.32118895968555,55.26470907779102],[21.37514975985645,55.28012426944141],[21.39827445468066,55.21075018496875],[21.43681624850391,55.18762549014453],[21.54473594149707,55.18762549014453],[21.64494613131641,55.13366659732227],[21.76057342013477,55.10283239932422],[21.99182609042285,55.07199820132617],[22.03036979159473,55.02574499698047],[22.13057998141406,55.04886969180469],[22.33100036105274,55.04886969180469]]]]}},{"type":"Feature","properties":{"NAME":"Danzig","ABBREVN":null,"SUBJECTO":null,"BORDERPRECISION":null,"PARTOF":null},"geometry":{"type":"MultiPolygon","coordinates":[[[[18.95965576171875,54.26522407860568],[19.23206237277149,54.22207220645313],[18.8930511,53.9343635],[18.827219,54.1281473],[18.2260179,54.1997049],[18.36639404296875,54.30290313230282],[18.55865478515625,54.45567003421753],[18.95965576171875,54.26522407860568]]]]}}]}